tanggal,Kabupaten Bangkalan,Kabupaten Banyuwangi,Kabupaten Blitar,Kabupaten Bojonegoro,Kabupaten Bondowoso,Kabupaten Gresik,Kabupaten Jember,Kabupaten Jombang,Kabupaten Kediri,Kabupaten Lamongan,Kabupaten Lumajang,Kabupaten Madiun,Kabupaten Magetan,Kabupaten Malang,Kabupaten Mojokerto,Kabupaten Nganjuk,Kabupaten Ngawi,Kabupaten Pacitan,Kabupaten Pamekasan,Kabupaten Pasuruan,Kabupaten Ponorogo,Kabupaten Probolinggo,Kabupaten Sampang,Kabupaten Sidoarjo,Kabupaten Situbondo,Kabupaten Sumenep,Kabupaten Trenggalek,Kabupaten Tuban,Kabupaten Tulungagung,Kota Batu,Kota Blitar,Kota Kediri,Kota Madiun,Kota Malang,Kota Mojokerto,Kota Pasuruan,Kota Probolinggo,Kota Surabaya
2024-01-01,58667.0,65400.0,69000.0,65000.0,59625.0,74333.0,64200.0,70000.0,62667.0,76250.0,75000.0,69000.0,63667.0,78000.0,64125.0,64333.0,66000.0,71667.0,90000.0,70767.0,80000.0,86667.0,82500.0,62500.0,63667.0,80000.0,65000.0,73333.0,59333.0,77500.0,57500.0,63333.0,67333.0,65000.0,73000.0,75100.0,63000.0,62000.0
2024-01-02,58000.0,66000.0,70000.0,75000.0,59500.0,77333.0,62600.0,68333.0,67333.0,73750.0,75667.0,81500.0,76667.0,75000.0,61375.0,70000.0,81667.0,71667.0,87500.0,71667.0,80000.0,70000.0,82500.0,65000.0,64000.0,77500.0,66000.0,75000.0,66333.0,77500.0,60000.0,65667.0,76333.0,63333.0,76500.0,72000.0,56667.0,59667.0
2024-01-03,58000.0,63800.0,70000.0,75000.0,59750.0,76667.0,59800.0,66333.0,63667.0,70000.0,70667.0,68750.0,76667.0,74000.0,70250.0,61667.0,74000.0,70667.0,87500.0,72333.0,80000.0,70000.0,82500.0,67500.0,63000.0,77500.0,65000.0,76000.0,63000.0,77000.0,60000.0,65000.0,71333.0,62167.0,67000.0,73350.0,56667.0,57000.0
2024-01-04,58000.0,56800.0,66000.0,75000.0,55375.0,65000.0,56200.0,65000.0,56333.0,70000.0,70667.0,61000.0,76667.0,70000.0,65000.0,56667.0,66000.0,69000.0,87500.0,71667.0,80000.0,70000.0,82500.0,57500.0,63333.0,65000.0,58000.0,75000.0,56333.0,77000.0,57000.0,60000.0,71333.0,62167.0,67500.0,70250.0,55000.0,55000.0
2024-01-05,57333.0,48200.0,52000.0,75000.0,55375.0,65000.0,47000.0,49667.0,48333.0,70000.0,70667.0,49000.0,76667.0,68000.0,59250.0,46667.0,66000.0,67333.0,87500.0,70667.0,57500.0,70000.0,82500.0,57500.0,60667.0,62500.0,50500.0,66667.0,50000.0,72000.0,45000.0,46333.0,66667.0,62167.0,65000.0,68650.0,53333.0,51333.0
2024-01-06,57333.0,47200.0,52000.0,75000.0,55375.0,65000.0,46600.0,47667.0,48333.0,70000.0,60000.0,49250.0,76667.0,68000.0,51750.0,45333.0,55000.0,67333.0,85000.0,56000.0,57500.0,70000.0,82500.0,55000.0,60000.0,62500.0,50500.0,66000.0,43333.0,72000.0,47000.0,50333.0,64000.0,62167.0,54000.0,58200.0,51667.0,50833.0
2024-01-07,57333.0,47000.0,52000.0,75000.0,55250.0,65000.0,44000.0,47667.0,46667.0,70000.0,60000.0,49250.0,76667.0,68000.0,51625.0,44000.0,55000.0,61333.0,85000.0,55000.0,57500.0,70000.0,82500.0,57500.0,53333.0,62500.0,50500.0,66000.0,44000.0,72000.0,47500.0,48667.0,64000.0,62167.0,55000.0,53200.0,50000.0,50500.0
2024-01-08,45667.0,45400.0,42000.0,57500.0,42500.0,61667.0,41000.0,46667.0,48333.0,57500.0,63333.0,49750.0,56667.0,55000.0,43500.0,44000.0,55667.0,51667.0,80000.0,56000.0,57500.0,70000.0,82500.0,47500.0,45000.0,57500.0,46000.0,60000.0,47333.0,70750.0,44000.0,49000.0,62000.0,62167.0,50000.0,53900.0,43333.0,46000.0
2024-01-09,45667.0,43000.0,42000.0,57500.0,42500.0,59000.0,40600.0,46667.0,48333.0,57500.0,63333.0,47250.0,56667.0,49500.0,36000.0,43333.0,54000.0,51667.0,80000.0,48333.0,52500.0,70000.0,65000.0,47500.0,45000.0,52500.0,45500.0,60000.0,46000.0,63250.0,44000.0,48667.0,52000.0,59667.0,49000.0,48150.0,45000.0,43500.0
2024-01-10,45667.0,40600.0,39000.0,57500.0,41250.0,52333.0,39200.0,42333.0,45000.0,50500.0,63333.0,46750.0,51333.0,45900.0,35000.0,43000.0,50667.0,51667.0,77500.0,49667.0,52500.0,50000.0,65000.0,44000.0,42667.0,51500.0,46500.0,58333.0,45000.0,56750.0,46000.0,47000.0,51333.0,59167.0,47500.0,49600.0,41667.0,39500.0
2024-01-11,45667.0,36200.0,39000.0,57500.0,37500.0,46667.0,37000.0,36667.0,42333.0,50000.0,60000.0,42250.0,51333.0,44900.0,34500.0,40667.0,50000.0,51667.0,77500.0,48667.0,52500.0,50000.0,65000.0,44000.0,40000.0,47500.0,46500.0,58333.0,39667.0,55500.0,43500.0,39000.0,51333.0,55833.0,46500.0,48200.0,41667.0,37167.0
2024-01-12,40000.0,35200.0,35000.0,57500.0,37625.0,40000.0,34800.0,35000.0,34000.0,48750.0,60000.0,41000.0,51333.0,42400.0,34500.0,35667.0,43333.0,44333.0,77500.0,46333.0,50000.0,50000.0,65000.0,41500.0,40000.0,47500.0,39000.0,43333.0,37333.0,56000.0,37000.0,38667.0,48333.0,55500.0,40000.0,47750.0,41667.0,34500.0
2024-01-13,40000.0,34402.0,35000.0,57500.0,37625.0,40000.0,33400.0,35000.0,36667.0,48750.0,55000.0,41000.0,51333.0,40400.0,34500.0,35667.0,43333.0,34333.0,77500.0,43333.0,50000.0,50000.0,48500.0,39000.0,40000.0,47500.0,39000.0,43333.0,36000.0,56000.0,37000.0,38667.0,46667.0,55500.0,37500.0,49800.0,40000.0,36333.0
2024-01-14,40000.0,35000.0,35000.0,57500.0,37500.0,40000.0,34800.0,35000.0,43333.0,48750.0,55333.0,40000.0,51333.0,40400.0,30750.0,35667.0,45667.0,47333.0,77500.0,45333.0,50000.0,50000.0,48500.0,39000.0,43000.0,47500.0,39000.0,43333.0,35000.0,57250.0,37000.0,38667.0,46667.0,55500.0,36500.0,48050.0,43333.0,34833.0
2024-01-15,40333.0,40800.0,40000.0,50000.0,35250.0,46333.0,40400.0,41000.0,42667.0,48750.0,56333.0,42000.0,47333.0,50200.0,36250.0,40000.0,46667.0,40667.0,72500.0,45667.0,50000.0,50000.0,48500.0,42500.0,42667.0,49000.0,40000.0,49667.0,35667.0,56750.0,44500.0,43000.0,45667.0,50333.0,42500.0,47650.0,41667.0,36333.0
2024-01-16,40333.0,39800.0,40000.0,50000.0,35250.0,46500.0,37600.0,41000.0,40667.0,49250.0,46333.0,42000.0,47333.0,49000.0,36250.0,40000.0,45000.0,40667.0,62500.0,46000.0,50000.0,50000.0,52500.0,42500.0,42667.0,49000.0,40000.0,54667.0,38333.0,56750.0,46000.0,43000.0,45667.0,49167.0,45000.0,46750.0,40000.0,32500.0
2024-01-17,40333.0,38200.0,37500.0,50000.0,35250.0,31500.0,35800.0,36667.0,35667.0,49250.0,46333.0,38500.0,47333.0,46000.0,35250.0,35333.0,44333.0,40667.0,62500.0,45000.0,50000.0,50000.0,52500.0,38500.0,44000.0,43500.0,38000.0,55000.0,36667.0,54500.0,40000.0,37333.0,45667.0,49167.0,41000.0,44750.0,36667.0,31500.0
2024-01-18,40333.0,33800.0,37500.0,50000.0,34000.0,28167.0,32400.0,36667.0,31667.0,49250.0,45000.0,36000.0,47333.0,44000.0,37750.0,33333.0,40000.0,37333.0,62500.0,39333.0,50000.0,50000.0,52500.0,33500.0,39667.0,43500.0,31500.0,47667.0,32000.0,50250.0,33500.0,35000.0,39667.0,48333.0,40000.0,42000.0,36667.0,32000.0
2024-01-19,40333.0,33400.0,35000.0,50000.0,34125.0,38333.0,30200.0,33333.0,32667.0,49250.0,45000.0,34500.0,47333.0,39000.0,37750.0,32333.0,38333.0,37333.0,62500.0,37000.0,42500.0,50000.0,52500.0,33500.0,39667.0,43500.0,32000.0,50000.0,32000.0,48250.0,31000.0,35000.0,39333.0,47500.0,40000.0,40600.0,31667.0,31833.0
2024-01-20,40333.0,32400.0,35000.0,50000.0,34000.0,38333.0,30400.0,33333.0,33333.0,49250.0,43333.0,35000.0,47333.0,39000.0,37750.0,33333.0,43333.0,38000.0,62500.0,42000.0,35000.0,50000.0,52500.0,33500.0,37000.0,43500.0,32000.0,50000.0,33667.0,46250.0,34500.0,35667.0,39333.0,47833.0,40000.0,36650.0,35000.0,32500.0
2024-01-21,40333.0,31600.0,35000.0,50000.0,33875.0,38333.0,30400.0,33333.0,32333.0,49250.0,42333.0,35000.0,47333.0,39000.0,37750.0,32333.0,37667.0,38000.0,62500.0,40667.0,35000.0,50000.0,52500.0,33500.0,36000.0,43500.0,33000.0,50000.0,33000.0,45250.0,32000.0,36333.0,39333.0,47500.0,41000.0,32800.0,35000.0,32500.0
2024-01-22,35333.0,30200.0,28000.0,38750.0,29500.0,40000.0,29800.0,33333.0,30667.0,48000.0,42333.0,33000.0,38667.0,38000.0,31750.0,30000.0,38333.0,38000.0,60000.0,38333.0,35000.0,50000.0,52500.0,32500.0,34667.0,39000.0,32500.0,45000.0,30333.0,45250.0,30000.0,36333.0,34667.0,48333.0,34500.0,35500.0,31667.0,31833.0
2024-01-23,35333.0,29200.0,26500.0,35000.0,29500.0,38333.0,29000.0,31667.0,27333.0,40000.0,42333.0,29750.0,38667.0,37800.0,31700.0,27667.0,41333.0,36000.0,52500.0,38333.0,35000.0,46667.0,35000.0,32500.0,34000.0,39000.0,28000.0,45000.0,30333.0,45250.0,31500.0,35000.0,32667.0,45000.0,33500.0,32350.0,28333.0,30500.0
2024-01-24,35333.0,29800.0,25500.0,35000.0,29750.0,39333.0,30400.0,32667.0,30000.0,37500.0,37333.0,31000.0,38667.0,36600.0,31950.0,28667.0,35000.0,35000.0,50000.0,37333.0,35000.0,46667.0,35000.0,29000.0,33333.0,38000.0,28000.0,43333.0,29000.0,42750.0,33500.0,32333.0,32333.0,42833.0,35000.0,32950.0,28667.0,31333.0
2024-01-25,35333.0,29800.0,25500.0,35000.0,29500.0,39333.0,31800.0,30000.0,32333.0,36250.0,37333.0,34750.0,38667.0,36800.0,31950.0,33667.0,39333.0,35000.0,47500.0,40000.0,35000.0,46667.0,35000.0,29000.0,31000.0,36000.0,32000.0,43333.0,31000.0,39750.0,33500.0,33333.0,34000.0,40333.0,33000.0,35500.0,31667.0,29667.0
2024-01-26,35333.0,30400.0,25500.0,35000.0,29625.0,39333.0,29600.0,31667.0,33333.0,36250.0,37333.0,33500.0,38667.0,37800.0,31950.0,33667.0,37333.0,36000.0,45000.0,40000.0,35000.0,46667.0,35000.0,29000.0,30667.0,36000.0,31000.0,43333.0,32333.0,39750.0,33500.0,33333.0,34000.0,41167.0,32000.0,36450.0,33333.0,30000.0
2024-01-27,35333.0,32400.0,27000.0,35000.0,30000.0,39333.0,29800.0,31667.0,31000.0,36250.0,37333.0,31500.0,38667.0,37800.0,33700.0,32667.0,35000.0,34333.0,45000.0,40000.0,35000.0,46667.0,35000.0,29000.0,30333.0,36000.0,31000.0,43333.0,33333.0,39750.0,32500.0,33333.0,34333.0,41167.0,32000.0,36550.0,33333.0,29833.0
2024-01-28,35333.0,32200.0,27000.0,35000.0,30000.0,39333.0,29800.0,31000.0,29667.0,36250.0,37333.0,31500.0,38667.0,37800.0,33700.0,29333.0,35000.0,35000.0,45000.0,39667.0,35000.0,46667.0,35000.0,29000.0,29000.0,36000.0,29000.0,41667.0,31667.0,38500.0,31000.0,33333.0,32000.0,40333.0,32000.0,36550.0,33333.0,29500.0
2024-01-29,33667.0,31000.0,27000.0,35000.0,29500.0,38667.0,30000.0,31000.0,28667.0,36500.0,36667.0,32250.0,37000.0,33600.0,33700.0,32000.0,35000.0,33333.0,42500.0,39333.0,35000.0,41000.0,35000.0,35000.0,29333.0,36000.0,32500.0,39000.0,30667.0,39750.0,32500.0,33000.0,32667.0,40333.0,33500.0,37050.0,30000.0,30167.0
2024-01-30,33667.0,30800.0,30000.0,35000.0,29625.0,38667.0,29600.0,31000.0,29000.0,36500.0,36667.0,32500.0,37000.0,33600.0,32200.0,31667.0,35000.0,35000.0,42500.0,36667.0,35000.0,41000.0,38500.0,37500.0,29667.0,36000.0,33000.0,35000.0,31333.0,39750.0,33500.0,34000.0,34000.0,39000.0,33500.0,35650.0,33333.0,29167.0
2024-01-31,33667.0,31600.0,29000.0,35000.0,29625.0,38667.0,30000.0,31667.0,31000.0,36500.0,37333.0,32000.0,37000.0,34600.0,31950.0,31667.0,35000.0,35000.0,42500.0,36667.0,35000.0,41000.0,38500.0,37500.0,29333.0,35500.0,32000.0,39333.0,31333.0,39750.0,33500.0,33667.0,33333.0,38167.0,31000.0,33950.0,31667.0,29667.0
2024-02-01,33667.0,30400.0,28000.0,35000.0,29500.0,38667.0,31400.0,30000.0,30333.0,37250.0,37333.0,31000.0,37000.0,33600.0,31950.0,30667.0,35000.0,35667.0,42500.0,35000.0,35000.0,41000.0,38500.0,28500.0,29333.0,35500.0,30000.0,36667.0,32333.0,39500.0,31000.0,33000.0,33667.0,38167.0,32500.0,33500.0,31667.0,29667.0
2024-02-02,33667.0,30600.0,24500.0,35000.0,29625.0,38667.0,31000.0,29333.0,30333.0,34500.0,37333.0,31500.0,37000.0,32600.0,33200.0,30667.0,35333.0,33000.0,42500.0,33667.0,34000.0,41000.0,38500.0,28500.0,28000.0,35500.0,31000.0,36667.0,31667.0,40750.0,28000.0,32333.0,33667.0,38167.0,32500.0,32750.0,33333.0,30000.0
2024-02-03,33667.0,31400.0,24500.0,35000.0,29625.0,38667.0,31000.0,29333.0,32333.0,34500.0,37333.0,32750.0,37000.0,32600.0,31250.0,33333.0,35333.0,33000.0,40000.0,36333.0,34000.0,41000.0,38500.0,28500.0,29000.0,35500.0,31000.0,36667.0,32333.0,39750.0,30000.0,33667.0,33667.0,38167.0,32000.0,33500.0,31667.0,29167.0
2024-02-04,33667.0,31400.0,24500.0,35000.0,29625.0,38667.0,33400.0,30667.0,33333.0,34500.0,37333.0,35250.0,37000.0,32600.0,31250.0,33333.0,37333.0,33000.0,40000.0,37000.0,34000.0,41000.0,38500.0,28500.0,29000.0,35500.0,31000.0,36667.0,32333.0,40250.0,30000.0,33667.0,34000.0,38167.0,32500.0,33500.0,32333.0,28667.0
2024-02-05,33667.0,31600.0,26500.0,40000.0,28750.0,38333.0,30200.0,35000.0,35000.0,33750.0,36667.0,35500.0,42667.0,32400.0,31250.0,36333.0,39667.0,32333.0,40000.0,35333.0,34000.0,41000.0,38500.0,29500.0,28667.0,35500.0,33000.0,40000.0,30000.0,38250.0,32000.0,35667.0,37000.0,37000.0,33500.0,33500.0,31667.0,29667.0
2024-02-06,33667.0,30800.0,26500.0,40000.0,28750.0,36667.0,30400.0,35333.0,38333.0,33750.0,36667.0,36750.0,42667.0,34400.0,31250.0,38667.0,40000.0,32333.0,40000.0,35167.0,34000.0,41000.0,35500.0,32000.0,29667.0,35500.0,34500.0,40000.0,32333.0,39500.0,32000.0,37667.0,37667.0,36500.0,34000.0,32500.0,31667.0,30000.0
2024-02-07,35333.0,30800.0,31000.0,40000.0,28750.0,37667.0,30000.0,38000.0,40000.0,33750.0,36667.0,38250.0,45667.0,33400.0,31000.0,39333.0,40000.0,32667.0,40000.0,31833.0,34000.0,41000.0,35500.0,33000.0,29000.0,35500.0,38000.0,40667.0,34333.0,39500.0,35000.0,41667.0,39000.0,36500.0,36500.0,32500.0,35000.0,32667.0
2024-02-08,35333.0,31000.0,32000.0,40000.0,28750.0,37667.0,30000.0,39333.0,40000.0,33750.0,36667.0,40500.0,45667.0,33400.0,31000.0,40000.0,45000.0,33333.0,42500.0,37833.0,34000.0,41000.0,35500.0,36000.0,28667.0,35500.0,38000.0,40667.0,38000.0,36500.0,34500.0,41667.0,40667.0,36500.0,36000.0,32500.0,35000.0,34000.0
2024-02-09,35333.0,30800.0,33000.0,40000.0,28750.0,37667.0,31000.0,41667.0,42667.0,33750.0,37000.0,43500.0,45667.0,35800.0,36500.0,41667.0,45000.0,33333.0,42500.0,42500.0,42500.0,37667.0,35500.0,37500.0,29000.0,35500.0,42000.0,46667.0,38667.0,36500.0,37000.0,42333.0,40667.0,36500.0,36500.0,33850.0,40667.0,34833.0
2024-02-10,35333.0,41600.0,37500.0,40000.0,28750.0,37667.0,32800.0,41667.0,48667.0,33750.0,37000.0,49250.0,45667.0,35800.0,35250.0,46000.0,55333.0,36667.0,45000.0,44333.0,42500.0,37667.0,35500.0,50000.0,32000.0,50000.0,42000.0,46667.0,41667.0,37000.0,40500.0,51667.0,40667.0,36500.0,39500.0,40600.0,42000.0,36667.0
2024-02-11,35333.0,42000.0,41000.0,40000.0,29000.0,37667.0,36400.0,41667.0,50000.0,38000.0,37000.0,50750.0,45667.0,46800.0,35250.0,51333.0,55000.0,36667.0,47500.0,47333.0,42500.0,37667.0,35500.0,50000.0,35667.0,50000.0,42000.0,46667.0,43333.0,37000.0,42000.0,51667.0,43667.0,36500.0,42500.0,40600.0,46333.0,36000.0
2024-02-12,35333.0,40800.0,49000.0,50000.0,35250.0,51667.0,39600.0,52333.0,51000.0,38000.0,37000.0,52250.0,56000.0,48000.0,44500.0,57000.0,55000.0,41667.0,47500.0,48000.0,42500.0,37667.0,35500.0,50000.0,36333.0,55000.0,48000.0,57667.0,44667.0,37000.0,44000.0,56667.0,52000.0,37000.0,46500.0,52150.0,46000.0,41833.0
2024-02-13,35333.0,40600.0,50000.0,50000.0,34875.0,51667.0,42600.0,52333.0,51333.0,42500.0,36333.0,51000.0,56000.0,50000.0,46000.0,52333.0,54000.0,43333.0,47500.0,46667.0,42500.0,37667.0,37500.0,50000.0,39667.0,55000.0,50000.0,57667.0,44000.0,42750.0,48000.0,55667.0,53000.0,37833.0,49000.0,51900.0,50000.0,41333.0
2024-02-14,35333.0,41800.0,50000.0,50000.0,34375.0,51667.0,42000.0,52333.0,49667.0,47500.0,36333.0,52500.0,56000.0,50000.0,46000.0,52000.0,54000.0,43333.0,50000.0,49000.0,42500.0,37667.0,37500.0,50000.0,39667.0,55000.0,50000.0,57667.0,46000.0,47250.0,48000.0,55667.0,53000.0,37833.0,53000.0,51900.0,50000.0,43833.0
2024-02-15,35667.0,57200.0,59000.0,50000.0,40750.0,56667.0,52800.0,68333.0,65667.0,71750.0,36333.0,61500.0,74333.0,51000.0,46000.0,63667.0,76000.0,45167.0,60000.0,54667.0,42500.0,41667.0,37500.0,50000.0,41333.0,55000.0,69000.0,63333.0,47667.0,48250.0,56500.0,68333.0,59333.0,37000.0,55000.0,57450.0,60667.0,50500.0
2024-02-16,35667.0,54400.0,59000.0,50000.0,40625.0,58333.0,60600.0,75333.0,79000.0,71750.0,36000.0,74750.0,77667.0,75400.0,57500.0,70333.0,75000.0,53500.0,62500.0,57667.0,42500.0,41667.0,39500.0,77500.0,48333.0,80000.0,64500.0,75000.0,58667.0,59500.0,59500.0,77667.0,59333.0,37000.0,60000.0,74100.0,70000.0,58833.0
2024-02-17,35667.0,55800.0,59000.0,50000.0,40375.0,58333.0,61400.0,71667.0,70000.0,72500.0,42667.0,69250.0,77667.0,76000.0,57500.0,68333.0,76000.0,52500.0,62500.0,68333.0,55000.0,41667.0,39500.0,72500.0,49000.0,80000.0,64500.0,76667.0,63000.0,59000.0,58500.0,77000.0,59333.0,37000.0,60500.0,72850.0,71667.0,57500.0
2024-02-18,35667.0,57800.0,59000.0,50000.0,39500.0,58333.0,61400.0,71667.0,69333.0,80500.0,42667.0,67250.0,77667.0,76000.0,54250.0,66000.0,77000.0,60667.0,60000.0,69000.0,70000.0,41667.0,39500.0,70000.0,50333.0,80000.0,64500.0,76667.0,63333.0,59000.0,60000.0,73667.0,60333.0,37000.0,61000.0,72850.0,71667.0,57833.0
2024-02-19,35667.0,60000.0,66500.0,70000.0,54750.0,71667.0,63000.0,69333.0,69333.0,70500.0,42000.0,66000.0,66667.0,68600.0,57000.0,67000.0,71667.0,59667.0,65000.0,67333.0,70000.0,41667.0,39500.0,66500.0,53000.0,70000.0,67500.0,76667.0,63000.0,56875.0,59000.0,75667.0,67333.0,42000.0,69000.0,72050.0,68333.0,58667.0
2024-02-20,35667.0,62600.0,66500.0,70000.0,54750.0,71667.0,62000.0,70000.0,69000.0,70500.0,42667.0,65250.0,73333.0,68600.0,55250.0,68667.0,68333.0,59667.0,65000.0,66567.0,70000.0,50000.0,77750.0,62500.0,55000.0,70000.0,65000.0,75000.0,63333.0,56750.0,59000.0,68000.0,67000.0,47833.0,70000.0,72800.0,65000.0,56167.0
2024-02-21,37000.0,66600.0,66500.0,70000.0,54250.0,73333.0,65800.0,70000.0,71333.0,76250.0,41333.0,68750.0,74167.0,67600.0,55250.0,70667.0,75667.0,59667.0,72500.0,70000.0,70000.0,66667.0,77750.0,65000.0,58333.0,75000.0,60000.0,75000.0,65333.0,65500.0,67500.0,74000.0,69333.0,54500.0,70000.0,71400.0,68333.0,59167.0
2024-02-22,38000.0,69800.0,64000.0,70000.0,54250.0,76667.0,67000.0,74667.0,71667.0,76250.0,41333.0,69750.0,82000.0,73800.0,55250.0,70667.0,77333.0,69667.0,77500.0,76667.0,70000.0,66667.0,79500.0,75000.0,61667.0,75000.0,66500.0,78333.0,65667.0,67500.0,70000.0,75000.0,69333.0,55333.0,76500.0,70900.0,71667.0,62833.0
2024-02-23,38000.0,70000.0,64000.0,70000.0,53875.0,80000.0,69600.0,73333.0,71667.0,78750.0,42000.0,69500.0,82000.0,74800.0,55250.0,70667.0,75667.0,78000.0,77500.0,75000.0,72000.0,66667.0,79500.0,75000.0,63333.0,75000.0,66500.0,83333.0,66000.0,78250.0,70000.0,74333.0,69333.0,55833.0,73500.0,70900.0,75000.0,62500.0
2024-02-24,38000.0,67400.0,64000.0,70000.0,53750.0,80000.0,70600.0,71667.0,69333.0,78750.0,40333.0,66750.0,82000.0,72000.0,55250.0,68667.0,75667.0,78000.0,77500.0,73667.0,69500.0,66667.0,79500.0,70000.0,62667.0,75000.0,66500.0,85000.0,62667.0,78000.0,69000.0,73333.0,69333.0,56667.0,74000.0,70900.0,70000.0,60833.0
2024-02-25,38000.0,64000.0,64000.0,70000.0,53250.0,80000.0,70600.0,58333.0,57333.0,78750.0,52000.0,52000.0,82000.0,72000.0,52500.0,44333.0,66667.0,74667.0,80000.0,72333.0,69500.0,66667.0,79500.0,70000.0,52667.0,75000.0,50000.0,85000.0,50000.0,78000.0,41000.0,51667.0,71000.0,56333.0,74000.0,72150.0,63333.0,58333.0
2024-02-26,40000.0,66200.0,45000.0,55000.0,55250.0,61667.0,59400.0,50000.0,44000.0,71250.0,55333.0,38500.0,57667.0,72000.0,44750.0,45667.0,47000.0,63333.0,65000.0,61667.0,69500.0,66667.0,79500.0,55000.0,49333.0,60000.0,44000.0,68333.0,50000.0,72500.0,44000.0,46667.0,53333.0,52500.0,55000.0,63250.0,56667.0,54667.0
2024-02-27,40000.0,60000.0,53500.0,55000.0,55250.0,61667.0,56400.0,51667.0,50667.0,64250.0,55333.0,51750.0,57667.0,59600.0,44750.0,56333.0,56667.0,63333.0,62500.0,59333.0,69500.0,66667.0,79500.0,55000.0,51667.0,60000.0,50000.0,68333.0,53667.0,75500.0,49500.0,55000.0,56667.0,52500.0,52500.0,62600.0,56667.0,55667.0
2024-02-28,40000.0,54200.0,53500.0,55000.0,55250.0,61667.0,54600.0,51667.0,52333.0,64250.0,55333.0,50500.0,59000.0,58600.0,46000.0,56333.0,57333.0,63667.0,65000.0,64333.0,69500.0,59333.0,62500.0,60000.0,51667.0,60000.0,49000.0,70000.0,51667.0,73750.0,50000.0,58333.0,56667.0,51000.0,54000.0,60850.0,52667.0,51667.0
2024-02-29,40667.0,53400.0,62500.0,55000.0,49750.0,61667.0,53600.0,50000.0,49000.0,68750.0,55333.0,50250.0,59000.0,58600.0,47750.0,48667.0,55000.0,57000.0,65000.0,54000.0,52500.0,59333.0,62500.0,60000.0,50667.0,60000.0,47500.0,70000.0,45667.0,69500.0,51000.0,52667.0,56667.0,52667.0,56500.0,60850.0,54333.0,50833.0
2024-03-01,40667.0,51800.0,45000.0,55000.0,49625.0,58333.0,49800.0,50000.0,44667.0,68750.0,47000.0,42500.0,47667.0,58600.0,47750.0,43333.0,52000.0,58667.0,65000.0,53333.0,52500.0,59333.0,62500.0,37000.0,48667.0,60000.0,47500.0,63333.0,44333.0,69500.0,44500.0,45000.0,52667.0,52667.0,51000.0,50550.0,53333.0,49167.0
2024-03-02,40667.0,51600.0,45000.0,55000.0,50375.0,58333.0,50200.0,45000.0,46333.0,68750.0,47000.0,45000.0,47667.0,55600.0,47750.0,44667.0,50000.0,60333.0,65000.0,50000.0,52500.0,59333.0,56000.0,37000.0,47000.0,60000.0,47500.0,63333.0,45667.0,70250.0,46500.0,45000.0,52667.0,52667.0,52500.0,47950.0,52667.0,44500.0
2024-03-03,40667.0,52400.0,42500.0,55000.0,50500.0,58333.0,52200.0,45000.0,49667.0,68750.0,47000.0,48250.0,47667.0,54000.0,47750.0,49333.0,53333.0,60333.0,65000.0,51667.0,52500.0,59333.0,56000.0,48000.0,44000.0,60000.0,45000.0,63333.0,46333.0,69250.0,47500.0,45000.0,54333.0,52667.0,47500.0,47650.0,52667.0,42167.0
2024-03-04,40000.0,53200.0,42500.0,55000.0,50750.0,57000.0,49800.0,48333.0,51333.0,68750.0,45333.0,48500.0,54500.0,58600.0,44125.0,50667.0,56333.0,62000.0,67500.0,54000.0,50000.0,59333.0,60000.0,47500.0,43667.0,63500.0,53750.0,63333.0,49333.0,72500.0,49500.0,47667.0,55000.0,51667.0,54000.0,45050.0,51667.0,47000.0
2024-03-05,40000.0,52000.0,46500.0,55000.0,50500.0,56667.0,50000.0,48333.0,50667.0,63750.0,45333.0,50500.0,55000.0,58600.0,44125.0,50667.0,57667.0,64000.0,67500.0,56667.0,50000.0,59333.0,60000.0,50000.0,45000.0,61000.0,56000.0,70000.0,51667.0,72500.0,52000.0,53333.0,56000.0,51667.0,52500.0,50500.0,58333.0,46833.0
2024-03-06,40000.0,51200.0,46500.0,55000.0,50250.0,53333.0,50600.0,46667.0,50000.0,62500.0,47000.0,46750.0,54000.0,56000.0,44125.0,48333.0,57333.0,61333.0,65000.0,57333.0,50000.0,44333.0,60000.0,47500.0,45667.0,57500.0,55000.0,70000.0,47000.0,65750.0,49000.0,49000.0,52667.0,51667.0,52000.0,50500.0,55000.0,43500.0
2024-03-07,40000.0,51200.0,46500.0,55000.0,50250.0,53333.0,49600.0,46667.0,45333.0,62500.0,53667.0,44000.0,53000.0,57400.0,45125.0,47000.0,55667.0,61333.0,65000.0,55667.0,50000.0,44333.0,60000.0,47000.0,44667.0,57500.0,55000.0,66000.0,44667.0,59750.0,46500.0,49000.0,52667.0,48333.0,52500.0,52950.0,50000.0,42667.0
2024-03-08,40000.0,48800.0,46500.0,55000.0,50250.0,55000.0,49400.0,46667.0,46333.0,62500.0,53333.0,46250.0,52333.0,56000.0,45125.0,47333.0,53333.0,61333.0,65000.0,52667.0,50000.0,44333.0,47500.0,47000.0,44000.0,57500.0,52500.0,66000.0,44333.0,61750.0,49000.0,50000.0,52000.0,48000.0,50000.0,50000.0,50000.0,41833.0
2024-03-09,40000.0,49600.0,48500.0,55000.0,49875.0,55000.0,50400.0,46667.0,46333.0,62500.0,53333.0,46750.0,51333.0,56000.0,45125.0,48667.0,52667.0,59667.0,65000.0,53333.0,52500.0,44333.0,47500.0,47000.0,44000.0,57500.0,52500.0,65000.0,42000.0,60000.0,51000.0,50000.0,54667.0,49667.0,50000.0,49800.0,52500.0,40667.0
2024-03-10,40000.0,49000.0,45000.0,55000.0,49500.0,55000.0,49400.0,46667.0,45000.0,62500.0,53333.0,43000.0,48500.0,53000.0,45125.0,42333.0,53333.0,58000.0,65000.0,55667.0,52500.0,44333.0,47500.0,47000.0,45667.0,55000.0,52500.0,65000.0,42667.0,59000.0,51000.0,45333.0,54667.0,49667.0,49000.0,49300.0,51667.0,42500.0
2024-03-11,40000.0,45400.0,42500.0,55000.0,49375.0,55000.0,49400.0,46667.0,40000.0,62500.0,50000.0,37250.0,48167.0,53000.0,46625.0,38333.0,48333.0,53000.0,60000.0,55000.0,45000.0,44333.0,52500.0,43500.0,42333.0,47500.0,45000.0,53333.0,38333.0,59250.0,48500.0,44333.0,50000.0,49667.0,48000.0,47700.0,51667.0,39333.0
2024-03-12,40000.0,46400.0,42500.0,55000.0,48375.0,55000.0,44400.0,44333.0,42333.0,58750.0,50000.0,44250.0,48167.0,53000.0,45000.0,38333.0,50667.0,55000.0,65000.0,53667.0,42500.0,44333.0,52500.0,43500.0,41667.0,47500.0,45000.0,53333.0,35667.0,58500.0,45000.0,41667.0,51000.0,48833.0,49000.0,46600.0,51667.0,41167.0
2024-03-13,40000.0,51200.0,42500.0,55000.0,47750.0,56667.0,50800.0,44333.0,45333.0,58750.0,53333.0,47500.0,50667.0,50000.0,42000.0,44000.0,56667.0,55000.0,55000.0,54667.0,42500.0,44333.0,52500.0,49500.0,40333.0,65000.0,42500.0,55000.0,40333.0,65750.0,48000.0,46667.0,52667.0,50500.0,47500.0,49850.0,48333.0,40833.0
2024-03-14,41000.0,50400.0,42500.0,55000.0,42500.0,53333.0,49800.0,47667.0,46000.0,58750.0,58333.0,40500.0,49000.0,48000.0,42000.0,42667.0,54333.0,47667.0,62500.0,54000.0,43500.0,44333.0,52500.0,47000.0,40333.0,65000.0,42500.0,48333.0,40000.0,65000.0,45000.0,44000.0,52667.0,50500.0,46500.0,49850.0,43333.0,37500.0
2024-03-15,41000.0,45400.0,35500.0,50000.0,42250.0,53333.0,42200.0,37000.0,46000.0,52500.0,58333.0,35500.0,48833.0,47000.0,38750.0,40000.0,45000.0,47667.0,57500.0,50667.0,43000.0,44333.0,49000.0,35000.0,42667.0,52500.0,40500.0,47667.0,35667.0,63000.0,40500.0,39333.0,52667.0,51333.0,39000.0,51250.0,46667.0,33167.0
2024-03-16,41000.0,39800.0,35500.0,50000.0,42500.0,53333.0,39000.0,37000.0,36667.0,52500.0,50000.0,27500.0,48833.0,46000.0,36250.0,29333.0,43333.0,46000.0,55000.0,38433.0,43000.0,44333.0,49000.0,30000.0,34333.0,52500.0,36000.0,47667.0,30333.0,55500.0,32500.0,36667.0,46333.0,48000.0,40000.0,49650.0,45000.0,30667.0
2024-03-17,41000.0,37200.0,35500.0,50000.0,44000.0,53333.0,39000.0,31667.0,39000.0,52500.0,50000.0,28750.0,41000.0,40000.0,36250.0,29333.0,43333.0,43667.0,50000.0,36000.0,43000.0,44333.0,49000.0,35000.0,35667.0,52500.0,36000.0,47667.0,27667.0,53000.0,31500.0,33333.0,46333.0,48000.0,39000.0,47950.0,41667.0,29667.0
2024-03-18,35000.0,43400.0,32000.0,35000.0,34250.0,41667.0,38400.0,30000.0,39000.0,40750.0,53333.0,30500.0,33000.0,36000.0,37500.0,32667.0,37000.0,37667.0,47500.0,37333.0,43000.0,44333.0,49000.0,34000.0,34000.0,41500.0,31000.0,45000.0,31333.0,49250.0,36000.0,36000.0,46333.0,45333.0,33500.0,36700.0,41667.0,30500.0
2024-03-19,35000.0,44800.0,32000.0,35000.0,34250.0,44333.0,35200.0,30667.0,38667.0,40750.0,50000.0,31000.0,33000.0,32000.0,37500.0,32667.0,34667.0,37667.0,47500.0,37000.0,30000.0,42667.0,45500.0,32500.0,32667.0,37500.0,31000.0,40667.0,31333.0,47750.0,33500.0,34000.0,46000.0,45333.0,31000.0,36700.0,34000.0,28500.0
2024-03-20,33333.0,38200.0,26000.0,35000.0,34375.0,41667.0,32600.0,30667.0,37000.0,37500.0,48333.0,26750.0,33000.0,31000.0,37500.0,26333.0,34667.0,37333.0,42500.0,35333.0,30000.0,42667.0,38000.0,32500.0,32667.0,37500.0,31000.0,40000.0,28000.0,48250.0,30000.0,34000.0,40333.0,44500.0,30000.0,39000.0,35000.0,26333.0
2024-03-21,33333.0,30800.0,24000.0,37500.0,34500.0,33333.0,31600.0,21667.0,23000.0,36250.0,47500.0,23250.0,33000.0,30400.0,37500.0,23333.0,35000.0,37333.0,42500.0,32667.0,30000.0,42667.0,38000.0,31000.0,31000.0,32500.0,28000.0,40000.0,25333.0,41750.0,24500.0,27333.0,40333.0,39833.0,30000.0,33150.0,30000.0,26000.0
2024-03-22,33333.0,33600.0,23500.0,37500.0,34250.0,33333.0,28800.0,22333.0,24333.0,36250.0,46667.0,24750.0,31667.0,31400.0,37500.0,23333.0,30000.0,37333.0,42500.0,30667.0,30000.0,42667.0,38000.0,31000.0,30000.0,32500.0,30000.0,40000.0,26333.0,42750.0,26500.0,26333.0,37833.0,39833.0,29000.0,32050.0,31667.0,27000.0
2024-03-23,33333.0,33800.0,23500.0,37500.0,34500.0,33333.0,29800.0,26667.0,27667.0,36250.0,46000.0,24250.0,30333.0,30800.0,35375.0,25333.0,30000.0,32667.0,42500.0,29000.0,30000.0,42667.0,37500.0,31000.0,30000.0,32500.0,30000.0,40000.0,25667.0,36000.0,25500.0,26333.0,37833.0,37833.0,29000.0,31800.0,31667.0,27167.0
2024-03-24,33000.0,32000.0,23500.0,37500.0,34500.0,33333.0,29800.0,26667.0,26667.0,36250.0,46000.0,22250.0,30333.0,29000.0,32625.0,24667.0,30000.0,31000.0,37500.0,31000.0,23500.0,42667.0,37500.0,28500.0,30333.0,32500.0,30000.0,40000.0,25000.0,37250.0,22500.0,25333.0,34000.0,37833.0,31500.0,31800.0,33333.0,26833.0
2024-03-25,33000.0,29200.0,25000.0,30000.0,28500.0,31667.0,27600.0,20667.0,22000.0,35000.0,39333.0,21500.0,26667.0,27400.0,30000.0,22333.0,28333.0,27000.0,37500.0,29333.0,23500.0,42667.0,32500.0,28750.0,30333.0,28500.0,23000.0,35000.0,22000.0,35500.0,24500.0,25000.0,33333.0,37500.0,29000.0,31550.0,33333.0,24500.0
2024-03-26,33000.0,31200.0,25000.0,30000.0,28750.0,31667.0,27400.0,20667.0,22000.0,35000.0,28000.0,21750.0,25667.0,27000.0,28250.0,21667.0,27667.0,27000.0,32500.0,29333.0,23500.0,46000.0,32500.0,26250.0,30000.0,28500.0,23000.0,35000.0,19333.0,35500.0,22000.0,24333.0,31333.0,37000.0,27500.0,31300.0,27667.0,23000.0
2024-03-27,33000.0,28200.0,22500.0,30000.0,29000.0,31667.0,27200.0,22333.0,22333.0,33750.0,27667.0,22250.0,25667.0,26800.0,28750.0,20000.0,26333.0,27000.0,32500.0,27667.0,23500.0,46000.0,32500.0,23000.0,30667.0,28500.0,22000.0,35000.0,19333.0,33000.0,23000.0,24000.0,29667.0,36333.0,28500.0,31300.0,26000.0,23167.0
2024-03-28,33000.0,26800.0,22500.0,30000.0,29000.0,30000.0,25800.0,22333.0,24000.0,33750.0,28000.0,22000.0,25667.0,25800.0,27500.0,20000.0,26333.0,26333.0,32500.0,29333.0,23500.0,46000.0,30000.0,22500.0,29667.0,27500.0,22000.0,35000.0,19333.0,33000.0,22000.0,23333.0,29667.0,36333.0,30000.0,31300.0,28333.0,23833.0
2024-03-29,33000.0,26600.0,22500.0,30000.0,29250.0,30000.0,25800.0,22333.0,21333.0,33750.0,28000.0,22000.0,25667.0,24800.0,27500.0,20000.0,25667.0,26333.0,32500.0,29333.0,21000.0,46000.0,32500.0,22500.0,24667.0,27500.0,22000.0,35000.0,19333.0,33250.0,23500.0,21000.0,29667.0,36167.0,32500.0,32000.0,28333.0,23500.0
2024-03-30,33000.0,26400.0,22500.0,30000.0,29375.0,30000.0,25800.0,20667.0,21333.0,33750.0,28000.0,20750.0,30667.0,24800.0,27500.0,20000.0,25667.0,26333.0,32500.0,29333.0,20000.0,46000.0,32500.0,25000.0,25333.0,27500.0,22000.0,35000.0,19667.0,35000.0,21000.0,22000.0,29667.0,37000.0,31000.0,31500.0,26667.0,23500.0
2024-03-31,33000.0,26600.0,22500.0,30000.0,29625.0,30000.0,25800.0,20667.0,21333.0,33750.0,28000.0,21750.0,30667.0,24800.0,27500.0,20667.0,27000.0,26000.0,32500.0,27667.0,20000.0,46000.0,32500.0,25000.0,23333.0,27500.0,22000.0,35000.0,20667.0,35000.0,24000.0,21000.0,28000.0,37333.0,30000.0,31050.0,25000.0,24000.0
2024-04-01,35000.0,26600.0,26000.0,30000.0,29000.0,42667.0,27400.0,24667.0,25667.0,40000.0,28000.0,26000.0,30000.0,26000.0,26875.0,26667.0,28667.0,25333.0,30000.0,28667.0,20000.0,38333.0,28000.0,25000.0,23333.0,28000.0,26000.0,35000.0,23667.0,33750.0,24000.0,23000.0,28333.0,37333.0,27500.0,30400.0,25000.0,26833.0
2024-04-02,35000.0,30400.0,26000.0,30000.0,29125.0,42667.0,28400.0,25333.0,27333.0,38750.0,28000.0,28250.0,30000.0,25000.0,26875.0,28667.0,35333.0,27333.0,32500.0,28433.0,21000.0,38333.0,28000.0,27500.0,24000.0,28000.0,28000.0,40000.0,25667.0,32500.0,24000.0,27000.0,28333.0,37333.0,28000.0,30650.0,26667.0,24667.0
2024-04-03,35000.0,29400.0,21000.0,30000.0,29375.0,42667.0,28000.0,26000.0,27333.0,38250.0,27667.0,23250.0,30000.0,25000.0,30875.0,27000.0,34000.0,27333.0,32500.0,29233.0,24250.0,40000.0,28000.0,27500.0,25667.0,27000.0,24000.0,40000.0,24000.0,33250.0,25500.0,29333.0,28000.0,37000.0,32000.0,30650.0,28333.0,24333.0
2024-04-04,35000.0,26400.0,21000.0,30000.0,29500.0,42667.0,26000.0,22333.0,26000.0,36250.0,28000.0,22000.0,30000.0,26000.0,30875.0,24000.0,30000.0,28000.0,32500.0,27333.0,24250.0,40000.0,28000.0,27500.0,24667.0,27000.0,22000.0,39333.0,23667.0,34500.0,24500.0,25333.0,26333.0,34833.0,30000.0,29200.0,29333.0,22833.0
2024-04-05,35000.0,27400.0,21000.0,30000.0,29750.0,42667.0,24200.0,23000.0,25333.0,36250.0,28000.0,24000.0,28000.0,25600.0,29125.0,26000.0,31000.0,30667.0,27500.0,30667.0,24250.0,40000.0,28000.0,25000.0,27000.0,27000.0,22000.0,39333.0,23667.0,31000.0,25500.0,28667.0,25333.0,34833.0,28000.0,27950.0,30000.0,24000.0
2024-04-06,35000.0,35000.0,21000.0,30000.0,29875.0,42667.0,25000.0,23000.0,28000.0,36250.0,28000.0,26500.0,28000.0,25600.0,29625.0,28667.0,31667.0,32000.0,27500.0,31000.0,24250.0,40000.0,28000.0,28000.0,27000.0,27000.0,22000.0,40000.0,28667.0,32000.0,28500.0,30000.0,25667.0,34000.0,27000.0,27950.0,28333.0,24833.0
2024-04-07,35000.0,38800.0,21000.0,30000.0,29875.0,42667.0,25000.0,23000.0,28333.0,36250.0,28000.0,28750.0,43500.0,26600.0,29625.0,30000.0,34333.0,34000.0,27500.0,31000.0,24250.0,40000.0,28000.0,28000.0,29000.0,37000.0,22000.0,40000.0,30667.0,32500.0,35000.0,32000.0,26000.0,34000.0,34000.0,27950.0,27667.0,25833.0
2024-04-08,35000.0,35600.0,40000.0,36500.0,30000.0,42667.0,27000.0,27333.0,26000.0,36250.0,27667.0,29000.0,44167.0,28000.0,28625.0,29333.0,35000.0,35333.0,27500.0,31667.0,24250.0,40667.0,25500.0,28500.0,29667.0,37000.0,29000.0,50000.0,28000.0,33750.0,28500.0,35667.0,29333.0,34000.0,31500.0,27950.0,28333.0,24833.0
2024-04-09,35000.0,35000.0,24500.0,35000.0,30875.0,42667.0,30200.0,27333.0,24333.0,36250.0,27667.0,28750.0,44167.0,28000.0,29500.0,27333.0,35000.0,34333.0,27500.0,30667.0,24250.0,40667.0,25500.0,33500.0,28333.0,37000.0,29000.0,50000.0,28333.0,34000.0,32000.0,31667.0,32000.0,34000.0,31500.0,27950.0,31000.0,24333.0
2024-04-10,35000.0,35000.0,24500.0,35000.0,30875.0,42667.0,30200.0,27333.0,24333.0,36250.0,27667.0,28750.0,44167.0,28000.0,29500.0,27333.0,35000.0,34333.0,27500.0,29333.0,24250.0,40667.0,25500.0,33500.0,28333.0,37000.0,29000.0,50000.0,28333.0,34750.0,32000.0,31667.0,32000.0,34000.0,31500.0,27950.0,33333.0,24333.0
2024-04-11,35000.0,34400.0,24500.0,36500.0,30875.0,42667.0,30200.0,27333.0,24667.0,36250.0,27667.0,28750.0,44167.0,28000.0,29500.0,30667.0,38333.0,34333.0,27500.0,30667.0,24250.0,40667.0,25500.0,33500.0,29333.0,37000.0,29000.0,50000.0,28333.0,34750.0,27000.0,31667.0,32000.0,34000.0,31500.0,27950.0,33333.0,24333.0
2024-04-12,35000.0,35400.0,23000.0,31500.0,30875.0,42667.0,30400.0,27333.0,24667.0,36250.0,27667.0,28750.0,44167.0,29000.0,29500.0,37000.0,40667.0,34333.0,27500.0,34000.0,24250.0,40667.0,25500.0,33500.0,28333.0,37000.0,29000.0,50000.0,30667.0,34750.0,42000.0,35667.0,32000.0,35667.0,35000.0,27950.0,36667.0,24333.0
2024-04-13,35000.0,37600.0,23000.0,31500.0,30875.0,42667.0,30800.0,27333.0,24667.0,36250.0,28000.0,28750.0,44167.0,29000.0,29500.0,31667.0,36667.0,34333.0,27500.0,36333.0,24250.0,40667.0,25500.0,33500.0,32667.0,30000.0,29500.0,50000.0,31000.0,34750.0,47500.0,34000.0,31000.0,35333.0,35000.0,27950.0,36667.0,25667.0
2024-04-14,35000.0,38800.0,23000.0,30000.0,30875.0,42667.0,30400.0,27333.0,24667.0,36250.0,28000.0,28000.0,37667.0,29000.0,29500.0,23333.0,34000.0,36000.0,27500.0,34000.0,24250.0,40667.0,25500.0,30500.0,32000.0,30000.0,27000.0,50000.0,29333.0,34750.0,29000.0,28333.0,31000.0,35333.0,35000.0,30800.0,35000.0,25667.0
2024-04-15,35000.0,34000.0,25000.0,36500.0,30875.0,42667.0,28200.0,27333.0,23000.0,36250.0,27333.0,24500.0,33000.0,27000.0,31500.0,22667.0,30667.0,36000.0,27500.0,30667.0,24250.0,40667.0,24000.0,27000.0,29333.0,30000.0,22000.0,50000.0,29333.0,34750.0,22500.0,25000.0,31000.0,37000.0,32000.0,29850.0,28333.0,26167.0
2024-04-16,37000.0,31400.0,24000.0,30000.0,25000.0,30000.0,26000.0,24667.0,21333.0,30000.0,27333.0,23750.0,30000.0,25400.0,29000.0,20667.0,30667.0,33000.0,27500.0,27667.0,24250.0,40667.0,24000.0,23500.0,23667.0,28500.0,22000.0,38333.0,24333.0,32250.0,22500.0,23333.0,30333.0,35500.0,25500.0,29400.0,23333.0,23667.0
2024-04-17,37000.0,28400.0,24000.0,30000.0,25500.0,30000.0,25400.0,24667.0,21667.0,27000.0,26333.0,23000.0,30000.0,24600.0,29000.0,20000.0,27000.0,32333.0,27500.0,27333.0,24250.0,40667.0,24000.0,26000.0,25000.0,28500.0,21000.0,38333.0,21000.0,28250.0,23500.0,23333.0,25333.0,34167.0,24500.0,29400.0,26667.0,23833.0
2024-04-18,37000.0,27800.0,23500.0,35000.0,24750.0,28333.0,24400.0,21333.0,21000.0,27000.0,26333.0,22750.0,31000.0,23600.0,31250.0,19667.0,27000.0,32333.0,25000.0,27333.0,24000.0,40667.0,24000.0,24000.0,24000.0,28500.0,20000.0,30667.0,21000.0,25750.0,23500.0,21667.0,25333.0,32667.0,25500.0,29700.0,25667.0,23167.0
2024-04-19,37000.0,28400.0,23500.0,35000.0,25250.0,30000.0,25200.0,22000.0,21667.0,30000.0,26667.0,24500.0,32000.0,25200.0,31250.0,21667.0,30000.0,31667.0,25000.0,29000.0,24000.0,40667.0,25500.0,24000.0,24333.0,28500.0,20000.0,30667.0,23000.0,26000.0,21000.0,23667.0,25667.0,32833.0,25500.0,30050.0,25333.0,26333.0
2024-04-20,37000.0,29800.0,23500.0,35000.0,25750.0,30000.0,25200.0,25333.0,22667.0,30000.0,26667.0,26500.0,30333.0,25200.0,31000.0,21667.0,30000.0,27667.0,25000.0,29333.0,24000.0,40667.0,25000.0,25500.0,24000.0,28500.0,20000.0,30667.0,26000.0,26250.0,26500.0,23667.0,25667.0,33167.0,25500.0,30850.0,34333.0,25833.0
2024-04-21,37000.0,28400.0,22000.0,35000.0,26500.0,30000.0,25200.0,25333.0,24333.0,30000.0,26667.0,27000.0,30333.0,25600.0,31500.0,21667.0,32667.0,27667.0,25000.0,30333.0,24000.0,40667.0,25000.0,25500.0,28000.0,28500.0,20000.0,30667.0,26000.0,26000.0,25000.0,21000.0,25667.0,33167.0,26000.0,30850.0,30000.0,27667.0
2024-04-22,37000.0,31600.0,30000.0,35000.0,30500.0,34000.0,28400.0,30667.0,31667.0,28750.0,25667.0,30000.0,33667.0,25400.0,33250.0,31333.0,33667.0,32333.0,25000.0,29000.0,24000.0,30000.0,30000.0,25000.0,31000.0,33500.0,29000.0,25000.0,28333.0,28500.0,33500.0,26667.0,31667.0,33167.0,27500.0,30600.0,31667.0,28500.0
2024-04-23,37000.0,32000.0,30000.0,35000.0,30500.0,34000.0,30400.0,30000.0,28667.0,31250.0,25000.0,28750.0,33667.0,28200.0,33500.0,30000.0,35000.0,32333.0,27500.0,28567.0,30000.0,30000.0,30000.0,25000.0,30333.0,33500.0,29000.0,30000.0,27000.0,28500.0,32500.0,25333.0,31667.0,33167.0,26500.0,30600.0,31667.0,25833.0
2024-04-24,37000.0,33200.0,27500.0,32500.0,30625.0,34000.0,30800.0,27333.0,27000.0,31250.0,25667.0,26000.0,33667.0,27800.0,33500.0,27333.0,34000.0,30833.0,27500.0,30000.0,30000.0,30000.0,32500.0,28500.0,29667.0,32500.0,27000.0,33333.0,26333.0,29750.0,31500.0,26667.0,33000.0,33667.0,28000.0,30600.0,33333.0,25333.0
2024-04-25,37000.0,33600.0,27500.0,32500.0,30000.0,33333.0,31200.0,27333.0,27000.0,31250.0,25000.0,26500.0,33667.0,28200.0,33500.0,27000.0,33000.0,30833.0,26500.0,30000.0,30000.0,30000.0,32500.0,28500.0,29667.0,32500.0,27000.0,35000.0,26333.0,30750.0,32500.0,27667.0,33000.0,33667.0,29500.0,30600.0,33333.0,24500.0
2024-04-26,37000.0,32800.0,28500.0,32500.0,31250.0,33333.0,31600.0,28000.0,28333.0,31250.0,25000.0,28500.0,33333.0,28000.0,33500.0,30000.0,33000.0,29333.0,26500.0,30000.0,30000.0,30000.0,32500.0,28500.0,30667.0,30000.0,30000.0,35000.0,27000.0,31500.0,35500.0,31667.0,33000.0,33667.0,28000.0,30600.0,33333.0,26167.0
2024-04-27,37000.0,32800.0,28500.0,32500.0,32000.0,33333.0,29600.0,28000.0,28333.0,31250.0,25000.0,28000.0,34000.0,28400.0,30750.0,29333.0,35000.0,29333.0,26500.0,30000.0,30000.0,30000.0,30500.0,28500.0,29667.0,30000.0,30000.0,35000.0,26333.0,31500.0,32000.0,30000.0,33000.0,33667.0,28000.0,31100.0,31667.0,25333.0
2024-04-28,37000.0,31800.0,28500.0,32500.0,32500.0,33333.0,29600.0,28000.0,27000.0,31250.0,25333.0,27000.0,34000.0,27400.0,30750.0,25000.0,35000.0,29333.0,25000.0,30000.0,30000.0,30000.0,30500.0,28500.0,29667.0,30000.0,30000.0,35000.0,25333.0,34500.0,33500.0,29333.0,33000.0,34000.0,28000.0,32300.0,31667.0,25333.0
2024-04-29,37000.0,30200.0,23000.0,35000.0,28000.0,31667.0,25200.0,23667.0,22000.0,31250.0,25333.0,21250.0,30000.0,24800.0,30625.0,22667.0,31667.0,31000.0,27500.0,28667.0,26250.0,32667.0,27500.0,30000.0,27333.0,27500.0,21000.0,35000.0,21667.0,34500.0,24500.0,26000.0,23333.0,33000.0,26000.0,30900.0,28333.0,23167.0
2024-04-30,37000.0,27200.0,23000.0,35000.0,28125.0,31667.0,23600.0,24667.0,21333.0,31250.0,26000.0,19750.0,30000.0,24800.0,30000.0,19667.0,31667.0,29667.0,23000.0,28667.0,26250.0,33333.0,27500.0,30000.0,27333.0,27500.0,23000.0,35000.0,21667.0,31000.0,21000.0,23333.0,24000.0,32833.0,26000.0,31300.0,26667.0,22833.0
2024-05-01,37000.0,26200.0,21500.0,35000.0,28500.0,31667.0,22800.0,24667.0,21333.0,31250.0,26333.0,20000.0,30000.0,24800.0,30000.0,19667.0,31667.0,30000.0,23000.0,28667.0,26250.0,33333.0,26000.0,25000.0,26667.0,27500.0,23000.0,35000.0,21000.0,30250.0,22000.0,22667.0,24000.0,32833.0,26000.0,30550.0,26667.0,23000.0
2024-05-02,37000.0,24800.0,22500.0,32500.0,24875.0,28333.0,22400.0,23000.0,19333.0,31250.0,26333.0,20500.0,27667.0,22400.0,29750.0,19000.0,27667.0,29667.0,23000.0,27000.0,26250.0,33333.0,26000.0,25000.0,25667.0,25000.0,21000.0,25333.0,20333.0,30500.0,21000.0,25000.0,24333.0,32000.0,24000.0,29350.0,22333.0,22333.0
2024-05-03,37000.0,23800.0,21000.0,32500.0,25875.0,28333.0,22000.0,20000.0,18667.0,26250.0,26333.0,19500.0,27667.0,19600.0,28500.0,19000.0,27667.0,29667.0,23000.0,25667.0,21250.0,33333.0,20000.0,25000.0,25333.0,25000.0,20000.0,25333.0,19333.0,31000.0,21000.0,20000.0,24333.0,32000.0,23000.0,27100.0,23333.0,23000.0
2024-05-04,37000.0,22600.0,21000.0,32500.0,26500.0,28333.0,20800.0,20000.0,17667.0,26250.0,30667.0,19500.0,27667.0,19600.0,28500.0,18333.0,27000.0,28667.0,23000.0,26333.0,20000.0,33333.0,20000.0,25000.0,27000.0,25000.0,20000.0,25333.0,18333.0,30000.0,21000.0,18333.0,24333.0,31167.0,21000.0,25950.0,21333.0,22500.0
2024-05-05,37000.0,21800.0,21000.0,32500.0,26750.0,28333.0,20800.0,20000.0,17000.0,26250.0,30667.0,19000.0,27667.0,19400.0,28500.0,17667.0,27000.0,28000.0,23000.0,26333.0,20000.0,33333.0,20000.0,21500.0,25667.0,25000.0,20000.0,25333.0,18333.0,29000.0,22000.0,20000.0,24333.0,29500.0,21000.0,25950.0,21667.0,21833.0
2024-05-06,30000.0,21600.0,18000.0,20000.0,24000.0,26667.0,19000.0,16333.0,17333.0,26250.0,30667.0,18250.0,26000.0,19800.0,27250.0,17667.0,23000.0,28000.0,23000.0,24003.0,20000.0,33333.0,20000.0,17500.0,25667.0,19000.0,17500.0,25000.0,17667.0,28750.0,17000.0,19000.0,22333.0,28333.0,21000.0,23400.0,20000.0,21833.0
2024-05-07,30000.0,22600.0,18000.0,20000.0,25000.0,26667.0,18600.0,17000.0,16667.0,26250.0,31000.0,18750.0,26000.0,19800.0,27250.0,17333.0,22333.0,24667.0,20500.0,23667.0,20000.0,33333.0,19500.0,17500.0,26000.0,19000.0,17000.0,20000.0,17667.0,26250.0,19000.0,18333.0,22333.0,28833.0,20000.0,23400.0,21667.0,18667.0
2024-05-08,25000.0,21600.0,18000.0,20000.0,25625.0,23333.0,18800.0,17000.0,16333.0,24500.0,30000.0,18500.0,22000.0,18600.0,27250.0,17333.0,23000.0,21667.0,20500.0,23000.0,19000.0,33333.0,22000.0,18500.0,25667.0,19000.0,20000.0,20000.0,17667.0,25250.0,19000.0,18333.0,22333.0,31333.0,20000.0,22400.0,20000.0,18000.0
2024-05-09,25000.0,20400.0,18000.0,20000.0,26250.0,23333.0,18800.0,17000.0,17000.0,24500.0,30000.0,18500.0,22000.0,18200.0,27250.0,18000.0,25000.0,23667.0,20500.0,21667.0,18000.0,33333.0,22000.0,18500.0,25667.0,19000.0,20000.0,20000.0,18667.0,25250.0,18000.0,18333.0,22333.0,31167.0,20000.0,22400.0,20000.0,18167.0
2024-05-10,25000.0,20800.0,18000.0,20000.0,26625.0,23333.0,18800.0,17000.0,17000.0,24500.0,30000.0,18500.0,22000.0,17800.0,23750.0,18667.0,21333.0,23667.0,20500.0,21333.0,18000.0,33333.0,20000.0,18500.0,25667.0,19000.0,20000.0,20000.0,19333.0,23250.0,20000.0,18667.0,22000.0,31167.0,21000.0,21500.0,24000.0,18000.0
2024-05-11,25000.0,20000.0,18000.0,20000.0,26625.0,23333.0,19400.0,17000.0,16333.0,24500.0,30000.0,18000.0,23000.0,18200.0,23750.0,18667.0,22333.0,21333.0,20500.0,22000.0,18000.0,33333.0,20000.0,19000.0,25000.0,19000.0,20000.0,20000.0,19667.0,23250.0,19000.0,18667.0,20000.0,31167.0,20000.0,21000.0,20000.0,18000.0
2024-05-12,25000.0,19600.0,18000.0,20000.0,26625.0,23333.0,20800.0,17000.0,16333.0,24500.0,30000.0,17750.0,23000.0,18200.0,23750.0,19000.0,22000.0,21667.0,20500.0,21333.0,18000.0,33333.0,20000.0,19000.0,25000.0,19000.0,20000.0,20000.0,18000.0,24000.0,19000.0,18333.0,20000.0,31167.0,20000.0,21000.0,23333.0,18167.0
2024-05-13,24333.0,22200.0,18000.0,20000.0,22500.0,23333.0,21600.0,18000.0,16333.0,19000.0,28333.0,18250.0,23667.0,18600.0,24500.0,19000.0,22000.0,22333.0,20500.0,21333.0,17500.0,26000.0,14000.0,18500.0,22667.0,19000.0,19000.0,17667.0,18333.0,23250.0,20000.0,18667.0,20333.0,27500.0,19000.0,20800.0,24000.0,18667.0
2024-05-14,24333.0,22800.0,18000.0,20000.0,23125.0,23667.0,21800.0,19333.0,19000.0,19000.0,27667.0,19250.0,23667.0,19800.0,25250.0,19667.0,22333.0,21333.0,20500.0,21333.0,17500.0,26000.0,15000.0,18500.0,22667.0,22500.0,20000.0,18333.0,18333.0,23500.0,20000.0,22333.0,21667.0,28333.0,19000.0,21700.0,24000.0,19000.0
2024-05-15,24333.0,29000.0,17500.0,20000.0,23750.0,23667.0,24400.0,19333.0,25000.0,19000.0,26000.0,22750.0,23667.0,21400.0,25250.0,23667.0,27667.0,21333.0,20000.0,23000.0,17500.0,26000.0,15000.0,22500.0,21333.0,22500.0,25500.0,19333.0,20000.0,23750.0,20000.0,23000.0,24333.0,27667.0,22500.0,23350.0,23000.0,23667.0
2024-05-16,25000.0,29200.0,17500.0,20000.0,25000.0,26333.0,26400.0,21333.0,25000.0,20750.0,26667.0,23000.0,29000.0,21400.0,23250.0,25333.0,28333.0,21333.0,20000.0,25500.0,17500.0,26000.0,16000.0,26500.0,20667.0,22500.0,25500.0,22333.0,23667.0,22750.0,24000.0,24333.0,24333.0,25167.0,22500.0,24650.0,24000.0,21167.0
2024-05-17,25000.0,27600.0,21000.0,20000.0,25500.0,26667.0,26800.0,23333.0,25000.0,20750.0,26667.0,21250.0,29000.0,24200.0,24000.0,23667.0,28000.0,24333.0,20000.0,25767.0,17500.0,26000.0,25000.0,26500.0,20667.0,22500.0,25000.0,22333.0,24000.0,23250.0,27000.0,23333.0,24333.0,27667.0,22500.0,25100.0,26000.0,20333.0
2024-05-18,25000.0,27400.0,21000.0,20000.0,25875.0,26667.0,26400.0,23333.0,25000.0,20750.0,26667.0,19000.0,29000.0,21600.0,24000.0,23000.0,28000.0,24333.0,20000.0,25233.0,17500.0,26000.0,25000.0,26500.0,22000.0,22500.0,25000.0,22333.0,24333.0,22000.0,26500.0,22667.0,24333.0,27667.0,22500.0,23350.0,22333.0,19833.0
2024-05-19,25000.0,26200.0,21000.0,20000.0,26375.0,26667.0,26400.0,23333.0,25000.0,20750.0,27667.0,21500.0,29000.0,20400.0,24000.0,20667.0,28000.0,22667.0,20000.0,24333.0,19000.0,26000.0,25000.0,25500.0,22000.0,22500.0,25000.0,22333.0,21333.0,22000.0,25500.0,23333.0,24333.0,27667.0,21500.0,23350.0,22333.0,20833.0
2024-05-20,23333.0,28400.0,22500.0,22500.0,26250.0,28333.0,24600.0,22667.0,23667.0,22000.0,27667.0,22500.0,25000.0,21800.0,24500.0,21667.0,27000.0,22333.0,20000.0,24333.0,19000.0,26000.0,23500.0,22500.0,22333.0,25000.0,20000.0,24000.0,21667.0,22000.0,27000.0,23667.0,24667.0,27833.0,22500.0,21850.0,23667.0,20667.0
2024-05-21,23333.0,28000.0,22500.0,22500.0,26375.0,28333.0,24600.0,22667.0,25667.0,22000.0,23000.0,22250.0,25000.0,22000.0,24500.0,24000.0,28667.0,21667.0,20000.0,24333.0,19000.0,26000.0,20500.0,22500.0,21333.0,25000.0,23000.0,23333.0,21000.0,22000.0,25000.0,24000.0,24667.0,27833.0,21500.0,24100.0,24667.0,21500.0
2024-05-22,23333.0,27400.0,22500.0,22500.0,26750.0,28333.0,25400.0,22667.0,24667.0,23750.0,22667.0,22750.0,27000.0,21600.0,24500.0,21000.0,30667.0,22667.0,20000.0,25333.0,19000.0,26000.0,20500.0,22500.0,22000.0,25000.0,23500.0,24000.0,21333.0,19500.0,23000.0,23333.0,24333.0,27833.0,22500.0,24100.0,24333.0,20000.0
2024-05-23,23333.0,27000.0,22500.0,22500.0,27000.0,28333.0,25000.0,22667.0,24000.0,23750.0,22667.0,20750.0,27000.0,21600.0,24500.0,20333.0,29333.0,23333.0,20000.0,25333.0,21500.0,26000.0,20500.0,22500.0,22000.0,25000.0,23500.0,24000.0,20000.0,19750.0,21000.0,23333.0,24333.0,27833.0,22500.0,24100.0,27667.0,19833.0
2024-05-24,23333.0,27800.0,22500.0,22500.0,27375.0,28333.0,25800.0,22667.0,24000.0,23750.0,23000.0,21750.0,27000.0,21600.0,24500.0,20667.0,25667.0,23333.0,20000.0,23667.0,21500.0,26000.0,26500.0,24000.0,22333.0,25000.0,23500.0,23000.0,19333.0,19500.0,21000.0,23333.0,24333.0,27833.0,22500.0,24750.0,26333.0,20667.0
2024-05-25,23333.0,29200.0,23500.0,22500.0,27750.0,28333.0,25800.0,22667.0,25000.0,23750.0,23000.0,22250.0,27000.0,22800.0,24500.0,21333.0,25333.0,23333.0,20000.0,23667.0,21500.0,26000.0,26500.0,24000.0,22333.0,25000.0,23500.0,23000.0,19333.0,19250.0,22000.0,23333.0,24333.0,27833.0,21500.0,22600.0,25000.0,24333.0
2024-05-26,23333.0,29200.0,23500.0,22500.0,27875.0,28333.0,26200.0,22667.0,25000.0,23750.0,25000.0,23000.0,27000.0,22800.0,26750.0,21667.0,27667.0,23333.0,22500.0,25667.0,21500.0,26000.0,26500.0,22500.0,22667.0,25000.0,23500.0,23000.0,22000.0,22750.0,24000.0,26000.0,23333.0,27667.0,22500.0,23750.0,25000.0,23833.0
2024-05-27,23333.0,30400.0,29000.0,21500.0,24750.0,31667.0,26800.0,24333.0,24667.0,23750.0,25000.0,24750.0,27333.0,23200.0,29000.0,23667.0,29000.0,25333.0,22500.0,25667.0,21500.0,26000.0,26500.0,22500.0,23000.0,27000.0,23500.0,25000.0,21333.0,22750.0,24000.0,29333.0,27333.0,28000.0,25500.0,23100.0,26667.0,24000.0
2024-05-28,23333.0,29600.0,26000.0,21500.0,25000.0,31667.0,27200.0,24333.0,26333.0,21750.0,25000.0,25000.0,27333.0,23200.0,29000.0,25667.0,29333.0,25333.0,22500.0,25667.0,21500.0,26000.0,23500.0,25000.0,22667.0,27000.0,23500.0,25000.0,23667.0,21750.0,24000.0,28333.0,29333.0,28833.0,26500.0,23650.0,26333.0,23333.0
2024-05-29,23333.0,27600.0,23500.0,21500.0,25250.0,31667.0,28200.0,23667.0,25333.0,24250.0,24667.0,25250.0,27333.0,23200.0,28000.0,25667.0,29333.0,25333.0,22500.0,25667.0,21500.0,26000.0,23500.0,26000.0,22667.0,29000.0,25500.0,25000.0,23333.0,23000.0,25000.0,27333.0,30000.0,28500.0,26000.0,23600.0,27000.0,23667.0
2024-05-30,23333.0,26600.0,22500.0,21500.0,25500.0,31000.0,27000.0,24667.0,30667.0,24250.0,25000.0,25750.0,27333.0,23200.0,28000.0,25667.0,26000.0,25000.0,22500.0,25433.0,21500.0,25000.0,23500.0,28500.0,23333.0,29000.0,25000.0,25000.0,21667.0,23000.0,25000.0,28667.0,28333.0,28833.0,27000.0,25300.0,27000.0,22833.0
2024-05-31,23333.0,26200.0,23500.0,21500.0,25875.0,31000.0,26200.0,24667.0,31333.0,24250.0,25000.0,25250.0,27333.0,23000.0,28750.0,26667.0,29333.0,25000.0,22500.0,25100.0,21500.0,25000.0,23500.0,28500.0,23333.0,29000.0,25000.0,25000.0,22000.0,23000.0,27000.0,27333.0,30000.0,28833.0,25500.0,25100.0,26000.0,23167.0
2024-06-01,23333.0,26000.0,23500.0,21500.0,26125.0,31000.0,25800.0,25000.0,31333.0,24250.0,25000.0,24750.0,27333.0,23000.0,28750.0,26667.0,29333.0,25000.0,22500.0,25100.0,24000.0,25000.0,23000.0,28504.0,24333.0,29000.0,25000.0,25000.0,21667.0,23500.0,27000.0,28000.0,30000.0,28833.0,25500.0,24150.0,26000.0,23333.0
2024-06-02,23333.0,26400.0,23500.0,21500.0,26125.0,31000.0,25800.0,25000.0,31333.0,24250.0,26667.0,26500.0,27333.0,21200.0,28750.0,26667.0,30000.0,25000.0,22500.0,27433.0,24000.0,25000.0,23000.0,28500.0,23000.0,29000.0,25000.0,25000.0,20667.0,23750.0,27000.0,26333.0,30000.0,28833.0,26500.0,24150.0,27667.0,24167.0
2024-06-03,23333.0,27200.0,25000.0,27500.0,25750.0,33333.0,26200.0,26000.0,27333.0,25000.0,27000.0,27250.0,31333.0,24800.0,27125.0,27667.0,30000.0,25333.0,22500.0,30000.0,26000.0,25000.0,25500.0,27500.0,23667.0,29000.0,26500.0,25000.0,21667.0,23750.0,30000.0,26333.0,29667.0,29333.0,28000.0,28600.0,29333.0,27167.0
2024-06-04,23333.0,28200.0,25000.0,27500.0,26000.0,33333.0,28000.0,27667.0,28667.0,27500.0,24333.0,29000.0,33000.0,26200.0,27125.0,27667.0,30000.0,25333.0,22500.0,30167.0,26000.0,25000.0,25500.0,28500.0,23667.0,30000.0,29000.0,25000.0,24333.0,24750.0,31000.0,26333.0,29667.0,29833.0,30500.0,29500.0,28333.0,27667.0
2024-06-05,23333.0,29000.0,29500.0,27500.0,26375.0,33333.0,28800.0,27667.0,33667.0,27500.0,24333.0,29250.0,33000.0,28200.0,27125.0,28333.0,31667.0,25333.0,22500.0,32667.0,26000.0,25000.0,25500.0,31000.0,24333.0,33500.0,29000.0,27333.0,26000.0,26500.0,31000.0,29333.0,29667.0,29833.0,31000.0,31750.0,32333.0,26833.0
2024-06-06,22333.0,29000.0,29500.0,27500.0,32500.0,33333.0,31400.0,28333.0,33667.0,27500.0,24333.0,29500.0,33000.0,28200.0,26875.0,28333.0,32333.0,24000.0,22500.0,35333.0,26000.0,25000.0,25500.0,31000.0,20667.0,33500.0,30000.0,28667.0,25333.0,30000.0,31000.0,30000.0,31000.0,29833.0,30000.0,32000.0,33000.0,26500.0
2024-06-07,22333.0,29400.0,27500.0,27500.0,32875.0,36667.0,31600.0,30667.0,33667.0,28250.0,24333.0,30250.0,33000.0,29400.0,26875.0,28333.0,31667.0,25000.0,22500.0,31933.0,28500.0,25000.0,28000.0,29500.0,20667.0,33500.0,30000.0,30000.0,28000.0,27750.0,30000.0,30000.0,34333.0,30333.0,33000.0,32450.0,36667.0,27167.0
2024-06-08,22333.0,32400.0,27500.0,27500.0,32750.0,36667.0,32400.0,32333.0,36000.0,28250.0,25000.0,31500.0,33000.0,29400.0,26875.0,30000.0,31667.0,25000.0,24000.0,31167.0,30500.0,25000.0,31000.0,29504.0,21333.0,33500.0,30000.0,30000.0,31333.0,28750.0,32000.0,33000.0,34333.0,30833.0,32000.0,33150.0,35000.0,27667.0
2024-06-09,22333.0,31800.0,27500.0,27500.0,32750.0,36667.0,32400.0,32333.0,37667.0,28250.0,24000.0,33750.0,33000.0,29400.0,29375.0,36667.0,32000.0,26667.0,24000.0,33333.0,30500.0,25000.0,31000.0,32000.0,29333.0,33500.0,30000.0,30000.0,32667.0,28750.0,33000.0,34333.0,34333.0,30833.0,33000.0,33150.0,36667.0,30500.0
2024-06-10,22333.0,35000.0,30000.0,32500.0,35250.0,37667.0,33600.0,35000.0,36000.0,28750.0,24000.0,35000.0,39333.0,31000.0,32375.0,36667.0,35000.0,35000.0,36000.0,33067.0,30500.0,28667.0,33500.0,33000.0,29333.0,36500.0,34500.0,30667.0,32333.0,32250.0,33000.0,36667.0,34333.0,31500.0,36000.0,33650.0,39333.0,32500.0
2024-06-11,22333.0,34800.0,30000.0,32500.0,35500.0,37667.0,33400.0,35000.0,35333.0,28750.0,24333.0,33750.0,39333.0,31000.0,32375.0,30333.0,35000.0,34667.0,36000.0,34833.0,30500.0,30667.0,33500.0,33000.0,28667.0,36500.0,31000.0,30667.0,31333.0,32500.0,31000.0,36000.0,36000.0,33167.0,36000.0,33650.0,37667.0,32000.0
2024-06-12,22333.0,34600.0,30000.0,32500.0,36000.0,36000.0,30600.0,32333.0,33667.0,35000.0,23667.0,31750.0,39333.0,30800.0,32375.0,28000.0,34000.0,34667.0,36000.0,34833.0,30500.0,32000.0,33500.0,32500.0,28667.0,36500.0,29000.0,30667.0,29667.0,35000.0,31000.0,35000.0,36000.0,33167.0,35500.0,34650.0,35000.0,30333.0
2024-06-13,22333.0,36000.0,30000.0,32500.0,34250.0,33333.0,28000.0,32333.0,31000.0,35000.0,27667.0,29750.0,39333.0,30200.0,32375.0,27000.0,35333.0,34000.0,36000.0,33000.0,30500.0,33667.0,33500.0,31500.0,31333.0,35000.0,28000.0,29333.0,27667.0,34750.0,28000.0,30000.0,36000.0,33167.0,35500.0,33950.0,31667.0,28167.0
2024-06-14,22333.0,33000.0,30000.0,32500.0,34875.0,31667.0,27000.0,27333.0,31000.0,32500.0,23000.0,29750.0,39333.0,29600.0,32375.0,27333.0,37667.0,34000.0,36000.0,31333.0,30500.0,33667.0,34500.0,31500.0,30333.0,32500.0,28000.0,29333.0,31333.0,33250.0,27000.0,30000.0,32667.0,33500.0,35500.0,33550.0,35000.0,28000.0
2024-06-15,22333.0,33200.0,30000.0,32500.0,35250.0,31667.0,27200.0,27333.0,28667.0,32500.0,22667.0,29000.0,39333.0,28800.0,32375.0,27333.0,35333.0,34000.0,36000.0,30667.0,30500.0,33667.0,33500.0,31500.0,30333.0,32500.0,28000.0,29333.0,30667.0,33500.0,28000.0,31000.0,32667.0,33500.0,36000.0,33550.0,33333.0,27833.0
2024-06-16,22333.0,33600.0,30000.0,32500.0,35625.0,31667.0,26800.0,27333.0,27000.0,32500.0,22333.0,26250.0,39333.0,28800.0,32338.0,25667.0,35333.0,33333.0,32500.0,30667.0,30500.0,33667.0,33500.0,31500.0,30333.0,32500.0,28000.0,29333.0,31667.0,33750.0,28000.0,28333.0,32667.0,33167.0,35500.0,32050.0,30667.0,27000.0
2024-06-17,22333.0,28600.0,30000.0,32500.0,35875.0,31667.0,26800.0,27333.0,27000.0,32500.0,22333.0,26250.0,39333.0,29600.0,32338.0,25667.0,35333.0,33333.0,32500.0,30000.0,29500.0,33667.0,33500.0,31500.0,30333.0,32500.0,28000.0,29333.0,31667.0,34000.0,21500.0,28333.0,33333.0,33167.0,35500.0,32050.0,30667.0,28500.0
2024-06-18,22333.0,28800.0,30000.0,32500.0,35625.0,31667.0,27000.0,27000.0,25000.0,32500.0,24333.0,27500.0,39333.0,29600.0,31338.0,27000.0,38333.0,32667.0,32500.0,30000.0,29500.0,33667.0,33500.0,31500.0,30667.0,37500.0,27000.0,29333.0,31333.0,34000.0,25500.0,27667.0,33333.0,33167.0,35500.0,32350.0,30667.0,30000.0
2024-06-19,22333.0,30800.0,24000.0,32500.0,36000.0,34000.0,27800.0,27000.0,26000.0,32500.0,26000.0,26500.0,34333.0,31800.0,28838.0,26000.0,38333.0,32667.0,32500.0,33333.0,29500.0,33667.0,37000.0,34500.0,30667.0,32500.0,15350.0,29333.0,25333.0,32500.0,24500.0,29333.0,36000.0,34000.0,35500.0,30950.0,32333.0,28000.0
2024-06-20,22333.0,28600.0,24000.0,32500.0,32250.0,34667.0,25800.0,24667.0,23667.0,32500.0,26000.0,25250.0,34333.0,29800.0,28838.0,25333.0,30667.0,32667.0,32500.0,30333.0,29500.0,33667.0,37000.0,35500.0,30000.0,31000.0,15350.0,27333.0,24000.0,33750.0,24500.0,31000.0,36000.0,34000.0,33000.0,30950.0,31000.0,27333.0
2024-06-21,22333.0,25400.0,24000.0,32500.0,32750.0,34000.0,24800.0,24667.0,21000.0,32500.0,28333.0,23500.0,34333.0,28500.0,28375.0,23333.0,30667.0,30000.0,32500.0,29667.0,29500.0,33667.0,26500.0,33000.0,28333.0,30000.0,23000.0,27333.0,21000.0,33500.0,24500.0,28333.0,35333.0,34000.0,33500.0,30950.0,30000.0,26167.0
2024-06-22,22333.0,25000.0,20000.0,32500.0,32750.0,34000.0,24000.0,24667.0,21000.0,32500.0,29333.0,22250.0,34333.0,23400.0,28375.0,22333.0,30667.0,30667.0,31000.0,27000.0,29500.0,33667.0,26500.0,33000.0,28333.0,30000.0,23000.0,27333.0,19667.0,32000.0,23000.0,24000.0,35333.0,33333.0,35000.0,29000.0,30000.0,25500.0
2024-06-23,22333.0,23600.0,20000.0,32500.0,32750.0,34000.0,24000.0,22000.0,20667.0,32500.0,29333.0,23250.0,34333.0,22200.0,28375.0,22000.0,28333.0,30667.0,31000.0,26333.0,25000.0,33667.0,26500.0,33000.0,28333.0,30000.0,23000.0,27333.0,19667.0,23750.0,21000.0,23000.0,34333.0,33333.0,35500.0,29000.0,28333.0,25000.0
2024-06-24,23000.0,25600.0,17500.0,30000.0,31500.0,31000.0,25000.0,22000.0,25333.0,30750.0,27667.0,22500.0,30000.0,21400.0,28375.0,23333.0,28333.0,30667.0,26500.0,26333.0,25500.0,37000.0,25000.0,32500.0,28333.0,29000.0,20000.0,25000.0,21000.0,21250.0,22000.0,23333.0,33000.0,33167.0,25000.0,29400.0,26000.0,27000.0
2024-06-25,23000.0,26600.0,19000.0,30000.0,32125.0,31667.0,27000.0,25000.0,26000.0,30750.0,27667.0,24750.0,30000.0,23000.0,28375.0,26333.0,29333.0,30667.0,27500.0,30000.0,25500.0,37000.0,25000.0,30000.0,29000.0,29000.0,26250.0,27667.0,22333.0,21500.0,22000.0,30333.0,33000.0,31500.0,24000.0,31900.0,29333.0,32333.0
2024-06-26,23000.0,26600.0,19000.0,30000.0,32500.0,35000.0,28600.0,25000.0,26333.0,30750.0,26000.0,26000.0,30000.0,22400.0,28375.0,26333.0,28667.0,30667.0,27500.0,31000.0,25500.0,37000.0,24500.0,30000.0,29000.0,30000.0,24000.0,28333.0,23667.0,23000.0,23000.0,31000.0,31000.0,31000.0,24500.0,31000.0,30000.0,30000.0
2024-06-27,23000.0,26600.0,20000.0,30000.0,31000.0,34333.0,28200.0,25000.0,26667.0,30750.0,26000.0,26500.0,30000.0,23200.0,27375.0,26333.0,28333.0,30667.0,27500.0,31000.0,25500.0,37000.0,24500.0,30000.0,29000.0,31000.0,24500.0,29333.0,23333.0,23250.0,23000.0,29333.0,31000.0,31000.0,26000.0,31000.0,30000.0,26833.0
2024-06-28,23000.0,26200.0,20000.0,30000.0,31500.0,34333.0,27800.0,24333.0,26667.0,30750.0,26000.0,26000.0,30000.0,24200.0,28125.0,27333.0,29333.0,30333.0,27500.0,31000.0,24500.0,37000.0,30000.0,30000.0,26333.0,30000.0,24500.0,27667.0,23000.0,23000.0,25000.0,27667.0,29667.0,30333.0,25000.0,29500.0,28667.0,27167.0
2024-06-29,23000.0,27600.0,20000.0,30000.0,31500.0,34333.0,28000.0,24333.0,30333.0,30750.0,26000.0,29500.0,30000.0,25600.0,27875.0,30000.0,30000.0,30333.0,27500.0,31167.0,24500.0,36333.0,28500.0,30000.0,26667.0,30000.0,24500.0,27667.0,26667.0,23750.0,29000.0,28333.0,28000.0,30333.0,26000.0,29500.0,30667.0,26833.0
2024-06-30,23000.0,29600.0,20000.0,30000.0,31375.0,34333.0,28000.0,24333.0,33000.0,30750.0,29000.0,31750.0,30000.0,25200.0,29875.0,30333.0,30000.0,29333.0,27500.0,31333.0,24500.0,36333.0,28500.0,30000.0,26000.0,30000.0,24500.0,27667.0,29333.0,23500.0,30000.0,32667.0,31333.0,30667.0,25000.0,28000.0,32667.0,28000.0
2024-07-01,23000.0,30000.0,22500.0,30000.0,32000.0,34000.0,33000.0,33000.0,36000.0,32500.0,29000.0,33250.0,39333.0,26800.0,30875.0,31667.0,34333.0,32667.0,27500.0,31333.0,24500.0,36333.0,31500.0,31250.0,25333.0,35000.0,31000.0,25667.0,30333.0,22750.0,30000.0,33000.0,28667.0,30000.0,31500.0,35950.0,36333.0,27167.0
2024-07-02,23000.0,34600.0,23500.0,30000.0,32500.0,35333.0,35200.0,34667.0,36000.0,33750.0,29000.0,34750.0,39333.0,30000.0,31875.0,33333.0,40000.0,32667.0,27500.0,38333.0,31000.0,38667.0,33000.0,31250.0,26000.0,35000.0,31000.0,29000.0,32667.0,26000.0,32000.0,34667.0,28667.0,31167.0,35000.0,36500.0,40667.0,32000.0
2024-07-03,23000.0,35600.0,23500.0,30000.0,32500.0,40000.0,36600.0,39333.0,40000.0,33750.0,38333.0,38250.0,39333.0,34600.0,37625.0,34000.0,40667.0,32667.0,27500.0,38333.0,31000.0,38667.0,33000.0,36000.0,26000.0,37500.0,34000.0,34333.0,34333.0,26250.0,36500.0,38000.0,27667.0,31333.0,35000.0,38200.0,40667.0,33333.0
2024-07-04,23000.0,39200.0,25000.0,30000.0,32500.0,40000.0,37400.0,38000.0,40000.0,34500.0,38333.0,39000.0,40333.0,37000.0,37625.0,35667.0,43667.0,32000.0,35000.0,39000.0,31000.0,38667.0,33000.0,37500.0,25333.0,37500.0,39000.0,34333.0,36333.0,28250.0,36500.0,39000.0,33000.0,31667.0,37500.0,40200.0,40667.0,34500.0
2024-07-05,23000.0,39000.0,25000.0,30000.0,33250.0,40000.0,37600.0,38000.0,40667.0,34500.0,38333.0,38250.0,40333.0,37000.0,38625.0,35667.0,44000.0,33333.0,35000.0,36667.0,31000.0,42000.0,37500.0,40000.0,30333.0,39000.0,37000.0,37333.0,36333.0,28750.0,37000.0,39000.0,34667.0,31667.0,40000.0,39300.0,41667.0,34333.0
2024-07-06,23000.0,40000.0,25000.0,30000.0,33000.0,40000.0,38200.0,38667.0,42667.0,34500.0,38333.0,39750.0,40333.0,37600.0,38625.0,35667.0,45000.0,34000.0,35000.0,36333.0,31000.0,42000.0,37500.0,42500.0,31000.0,39000.0,37000.0,37333.0,38333.0,30250.0,39000.0,42333.0,34667.0,31667.0,40000.0,39300.0,41000.0,36500.0
2024-07-07,23000.0,42600.0,25000.0,30000.0,33375.0,40000.0,38200.0,38667.0,42667.0,34500.0,38333.0,40750.0,40333.0,36000.0,38625.0,35667.0,40667.0,34000.0,35000.0,38000.0,42000.0,42000.0,37500.0,40000.0,30667.0,39000.0,37000.0,37333.0,36333.0,31750.0,43000.0,42333.0,36000.0,31667.0,40000.0,40300.0,41000.0,35833.0
2024-07-08,23000.0,43000.0,32500.0,40000.0,41500.0,45000.0,41800.0,44000.0,45333.0,34500.0,38333.0,41000.0,45000.0,36200.0,40125.0,41333.0,48333.0,36667.0,35000.0,36833.0,42000.0,42000.0,37500.0,42500.0,35000.0,43500.0,41000.0,35000.0,37667.0,30000.0,41000.0,45000.0,43333.0,33000.0,45000.0,42200.0,49000.0,38500.0
2024-07-09,23000.0,44600.0,32500.0,40000.0,41375.0,50000.0,42800.0,43333.0,45000.0,34500.0,39000.0,42250.0,45000.0,35800.0,40125.0,43667.0,48333.0,37667.0,35000.0,40000.0,42000.0,41667.0,40000.0,42500.0,35000.0,43500.0,43000.0,35667.0,38333.0,30250.0,43000.0,44667.0,44667.0,33000.0,44000.0,42200.0,50000.0,40167.0
2024-07-10,23000.0,45000.0,32500.0,40000.0,41250.0,52667.0,45400.0,48333.0,48000.0,34500.0,45000.0,42250.0,51333.0,38400.0,43125.0,47667.0,50000.0,36667.0,35000.0,41333.0,42000.0,40000.0,40000.0,47500.0,31333.0,43500.0,42000.0,41667.0,36333.0,28500.0,43000.0,47000.0,45000.0,33000.0,44500.0,44600.0,52333.0,41667.0
2024-07-11,23000.0,51600.0,42500.0,40000.0,46125.0,53333.0,47200.0,49333.0,48333.0,36500.0,46333.0,48000.0,51333.0,39600.0,43250.0,47333.0,50667.0,37000.0,42500.0,47833.0,42000.0,41667.0,41000.0,45000.0,31333.0,43500.0,50000.0,44000.0,41000.0,39250.0,49000.0,48667.0,47000.0,38000.0,45000.0,45950.0,58333.0,40833.0
2024-07-12,23000.0,57200.0,42500.0,40000.0,45750.0,56000.0,51600.0,54667.0,50000.0,36500.0,46333.0,50000.0,58333.0,40400.0,45750.0,50000.0,56000.0,37000.0,52500.0,52333.0,42000.0,41667.0,41000.0,52500.0,31333.0,43500.0,51000.0,44000.0,46667.0,43000.0,52000.0,53667.0,47333.0,42167.0,48500.0,46900.0,61667.0,42500.0
2024-07-13,23000.0,57600.0,42500.0,40000.0,45250.0,56000.0,55000.0,54667.0,59000.0,36500.0,44667.0,57000.0,58333.0,41400.0,45750.0,60000.0,58333.0,40333.0,55000.0,56333.0,52000.0,41667.0,59000.0,52500.0,31667.0,43500.0,51000.0,44000.0,56667.0,43750.0,58000.0,53667.0,47333.0,42167.0,52500.0,50750.0,62667.0,46333.0
2024-07-14,23000.0,58000.0,42500.0,40000.0,44750.0,56000.0,56000.0,54667.0,59333.0,36500.0,44667.0,57500.0,58333.0,45200.0,45750.0,60000.0,58333.0,52000.0,55000.0,56667.0,52000.0,41667.0,59000.0,52500.0,43333.0,43500.0,51000.0,44000.0,57667.0,50500.0,56000.0,61333.0,48667.0,42167.0,55000.0,50750.0,67667.0,46333.0
2024-07-15,23000.0,60000.0,50000.0,45000.0,62250.0,64333.0,57200.0,59333.0,57000.0,38250.0,48333.0,57500.0,54667.0,48400.0,51750.0,51333.0,59000.0,53667.0,56000.0,57000.0,52000.0,51667.0,59000.0,60000.0,41667.0,60000.0,56000.0,44000.0,56000.0,51750.0,53500.0,60000.0,56000.0,44667.0,60000.0,54150.0,65667.0,49333.0
2024-07-16,23000.0,60400.0,51000.0,45000.0,62125.0,65667.0,48200.0,57667.0,60000.0,38250.0,51667.0,58000.0,54667.0,51600.0,51750.0,56000.0,60667.0,50667.0,56000.0,57667.0,52000.0,56667.0,60000.0,60000.0,41667.0,60000.0,54500.0,45000.0,56000.0,53750.0,55500.0,64000.0,56000.0,48000.0,61000.0,58950.0,65000.0,51667.0
2024-07-17,23000.0,62000.0,51000.0,45000.0,61875.0,65667.0,61800.0,64333.0,66000.0,48000.0,46667.0,66750.0,68333.0,54900.0,52500.0,60333.0,64333.0,50667.0,56000.0,60000.0,52000.0,55667.0,60000.0,65000.0,42333.0,65000.0,64500.0,51667.0,61667.0,53500.0,60000.0,66667.0,56000.0,48000.0,60000.0,60300.0,67667.0,54833.0
2024-07-18,23000.0,70200.0,51000.0,45000.0,61250.0,73333.0,68200.0,75667.0,73333.0,48000.0,46667.0,73750.0,68333.0,56000.0,52500.0,63667.0,76000.0,60000.0,61000.0,67500.0,72000.0,55667.0,60000.0,72500.0,45000.0,65000.0,71500.0,57667.0,71667.0,58750.0,71000.0,75000.0,62000.0,48500.0,64000.0,74800.0,71000.0,56167.0
2024-07-19,23000.0,72000.0,51000.0,62500.0,61000.0,73333.0,68800.0,72333.0,72667.0,48000.0,60000.0,72000.0,75000.0,59000.0,52500.0,64667.0,76000.0,60000.0,63500.0,70000.0,72000.0,55667.0,60000.0,69500.0,50667.0,65000.0,72000.0,57667.0,67333.0,60000.0,66000.0,75000.0,63667.0,57167.0,75000.0,74800.0,70000.0,57500.0
2024-07-20,23000.0,70600.0,53500.0,62500.0,60875.0,73333.0,67600.0,72333.0,70333.0,48000.0,73333.0,67250.0,75000.0,59400.0,52500.0,64667.0,74333.0,61667.0,63500.0,68667.0,72000.0,66000.0,62500.0,69500.0,52333.0,65000.0,72000.0,57667.0,65667.0,58750.0,66000.0,72333.0,63667.0,58000.0,75000.0,77650.0,71667.0,56167.0
2024-07-21,23000.0,70600.0,53500.0,62500.0,60625.0,73333.0,68200.0,68333.0,68333.0,48000.0,75000.0,64500.0,75000.0,59400.0,52500.0,64667.0,71667.0,61667.0,63500.0,68667.0,72000.0,66000.0,62500.0,69500.0,52333.0,65000.0,72000.0,57667.0,60667.0,60000.0,66000.0,73333.0,61667.0,58000.0,74000.0,79300.0,73333.0,61833.0
2024-07-22,23000.0,70600.0,60000.0,70000.0,67750.0,78333.0,66800.0,68333.0,71333.0,49250.0,75000.0,68250.0,75000.0,58000.0,54250.0,68333.0,75000.0,59333.0,65000.0,65000.0,69500.0,66000.0,65000.0,70000.0,57000.0,70000.0,64500.0,57667.0,63000.0,60500.0,67000.0,70000.0,61667.0,60500.0,74000.0,74050.0,78333.0,66000.0
2024-07-23,25000.0,74600.0,65000.0,70000.0,67375.0,81667.0,70600.0,76333.0,72667.0,72000.0,73333.0,71500.0,75000.0,61000.0,57750.0,72667.0,81667.0,63333.0,65000.0,71000.0,75000.0,66000.0,65000.0,72500.0,64000.0,77500.0,73000.0,57667.0,66333.0,60250.0,68500.0,75000.0,71667.0,60500.0,72500.0,85850.0,83333.0,69333.0
2024-07-24,27000.0,80200.0,71000.0,70000.0,67125.0,81667.0,75400.0,78000.0,81333.0,73500.0,73333.0,75000.0,80000.0,64000.0,57750.0,76000.0,85000.0,65000.0,65000.0,78667.0,75000.0,66000.0,70000.0,85000.0,64667.0,77500.0,81500.0,67667.0,76333.0,65500.0,72500.0,83000.0,71667.0,64333.0,72500.0,85850.0,81667.0,70500.0
2024-07-25,27000.0,76200.0,75500.0,70000.0,66500.0,83333.0,72200.0,75000.0,77000.0,78000.0,75000.0,75250.0,80000.0,64800.0,61750.0,74000.0,85000.0,68000.0,65000.0,74900.0,75000.0,66000.0,70000.0,77500.0,69000.0,77500.0,73000.0,70333.0,72667.0,69750.0,71000.0,80000.0,75000.0,70833.0,72500.0,87500.0,78333.0,69667.0
2024-07-26,27000.0,65400.0,55500.0,70000.0,66500.0,82667.0,63400.0,73000.0,74333.0,78000.0,75000.0,71000.0,80000.0,61000.0,61750.0,68333.0,78333.0,68000.0,57500.0,75000.0,75000.0,66000.0,75000.0,72500.0,70000.0,77500.0,63000.0,68667.0,65000.0,71500.0,56000.0,71000.0,75000.0,69167.0,72500.0,87500.0,78333.0,61500.0
2024-07-27,27000.0,68200.0,55500.0,70000.0,66125.0,82667.0,61400.0,69333.0,72000.0,78000.0,83333.0,68500.0,72667.0,58200.0,61750.0,66667.0,71667.0,69667.0,57500.0,69333.0,67500.0,62000.0,75000.0,75000.0,71333.0,77500.0,63000.0,68667.0,62667.0,66000.0,62000.0,73333.0,73333.0,67500.0,70000.0,87500.0,73333.0,61833.0
2024-07-28,27000.0,71800.0,55500.0,70000.0,65875.0,82667.0,61400.0,69333.0,75333.0,78000.0,83333.0,66750.0,72667.0,58200.0,61750.0,66667.0,75667.0,70000.0,57500.0,68667.0,66000.0,62000.0,75000.0,80000.0,70000.0,77500.0,63000.0,68667.0,71667.0,66250.0,62000.0,66667.0,73333.0,67500.0,71500.0,87500.0,68333.0,58500.0
2024-07-29,45000.0,74400.0,69000.0,75000.0,70500.0,85333.0,69200.0,74667.0,79000.0,78000.0,80000.0,66750.0,78000.0,60000.0,60250.0,75333.0,76000.0,70000.0,65000.0,77667.0,66000.0,62000.0,70000.0,77500.0,68667.0,72500.0,73000.0,67667.0,72000.0,70000.0,70000.0,72667.0,83000.0,69667.0,73500.0,82750.0,78333.0,60500.0
2024-07-30,45000.0,73400.0,69000.0,75000.0,70500.0,85333.0,71800.0,73333.0,79000.0,76750.0,78667.0,65250.0,78000.0,61400.0,60375.0,75333.0,76000.0,70000.0,65000.0,78333.0,66000.0,60000.0,69000.0,77500.0,68667.0,70000.0,68500.0,67667.0,66000.0,68750.0,72000.0,76000.0,81333.0,69667.0,74500.0,79700.0,78333.0,64500.0
2024-07-31,45000.0,72800.0,57500.0,75000.0,70500.0,82000.0,69000.0,71667.0,75667.0,76750.0,77000.0,65250.0,78000.0,61400.0,60375.0,72000.0,73333.0,70000.0,65000.0,73333.0,66000.0,59000.0,70000.0,70000.0,68667.0,70000.0,50000.0,65333.0,66333.0,68750.0,66000.0,77000.0,79000.0,69667.0,72500.0,79700.0,75000.0,56667.0
2024-08-01,45000.0,67800.0,65000.0,75000.0,61750.0,78333.0,66600.0,68333.0,75000.0,78000.0,77000.0,64750.0,69333.0,58600.0,60375.0,66333.0,73333.0,69000.0,67500.0,71667.0,66000.0,58667.0,71000.0,65000.0,67000.0,63500.0,57500.0,64333.0,63667.0,71250.0,63000.0,76000.0,76000.0,67167.0,67500.0,73800.0,73333.0,60667.0
2024-08-02,44333.0,67600.0,65000.0,75000.0,61625.0,80000.0,66400.0,68333.0,73333.0,77500.0,73667.0,65250.0,69333.0,58600.0,59125.0,66333.0,72333.0,69333.0,67500.0,71333.0,66000.0,58667.0,68000.0,65000.0,67000.0,63500.0,60000.0,63333.0,67000.0,75000.0,71000.0,76000.0,76000.0,68000.0,67000.0,71600.0,71667.0,62000.0
2024-08-03,44333.0,70400.0,65000.0,75000.0,61500.0,80000.0,67400.0,68333.0,73333.0,77500.0,73667.0,64750.0,69333.0,58600.0,61625.0,68000.0,72333.0,71667.0,67500.0,70667.0,66500.0,58667.0,62500.0,69500.0,67000.0,63500.0,57500.0,63333.0,70667.0,75250.0,76000.0,76000.0,77667.0,68000.0,68000.0,68100.0,70333.0,58833.0
2024-08-04,44333.0,67400.0,65000.0,75000.0,61625.0,80000.0,67400.0,68333.0,72667.0,77500.0,73667.0,64250.0,69333.0,62600.0,61625.0,65667.0,72333.0,69333.0,65000.0,72667.0,66500.0,58667.0,62500.0,69500.0,67000.0,63500.0,57500.0,63333.0,69333.0,75000.0,81000.0,79333.0,76000.0,68000.0,67500.0,68100.0,70000.0,57000.0
2024-08-05,44000.0,68400.0,61000.0,75000.0,63750.0,79333.0,68000.0,65000.0,71333.0,66250.0,73667.0,64000.0,69333.0,62600.0,63125.0,66667.0,70000.0,61333.0,65000.0,72667.0,64000.0,58667.0,62500.0,67000.0,65667.0,65000.0,56500.0,64333.0,67000.0,76000.0,72000.0,75000.0,73333.0,69500.0,68500.0,71700.0,70000.0,58500.0
2024-08-06,44000.0,69400.0,61000.0,75000.0,64000.0,77667.0,67600.0,63333.0,71333.0,66250.0,72000.0,67500.0,68333.0,60000.0,63125.0,65000.0,70000.0,61667.0,65000.0,72667.0,64000.0,61000.0,62500.0,65000.0,64667.0,65000.0,56000.0,64333.0,66667.0,79000.0,76000.0,72000.0,70333.0,69500.0,68500.0,73350.0,68333.0,57500.0
2024-08-07,44000.0,68800.0,61000.0,75000.0,64000.0,76667.0,63000.0,65333.0,70000.0,66250.0,74333.0,67000.0,67333.0,59000.0,60625.0,66667.0,70667.0,60667.0,65000.0,71000.0,62000.0,61667.0,62500.0,65000.0,64333.0,62500.0,56000.0,64333.0,66667.0,74250.0,67500.0,71667.0,72667.0,70000.0,64000.0,73350.0,67333.0,57167.0
2024-08-08,44000.0,68800.0,60000.0,75000.0,63000.0,76667.0,63000.0,61333.0,67000.0,67500.0,71667.0,64750.0,67333.0,59200.0,60625.0,61667.0,70000.0,60000.0,65000.0,70167.0,59000.0,61667.0,62500.0,65000.0,62667.0,58500.0,56000.0,59333.0,61667.0,74250.0,62500.0,70000.0,72667.0,70000.0,65000.0,73350.0,66667.0,55333.0
2024-08-09,44000.0,64400.0,60000.0,75000.0,63000.0,75000.0,61200.0,59333.0,63667.0,67500.0,71667.0,59750.0,65333.0,59200.0,57375.0,57667.0,67333.0,59333.0,65000.0,65333.0,59000.0,62000.0,62500.0,62500.0,62667.0,55000.0,55500.0,58000.0,58667.0,73750.0,59000.0,66667.0,72333.0,68167.0,60000.0,72200.0,66667.0,54000.0
2024-08-10,44000.0,63400.0,60000.0,75000.0,62750.0,75000.0,60800.0,59333.0,64333.0,67500.0,71667.0,59500.0,63333.0,59200.0,57375.0,57667.0,69667.0,56000.0,60000.0,64667.0,59000.0,62000.0,57500.0,62500.0,62667.0,55000.0,55500.0,58000.0,59000.0,73500.0,58500.0,65000.0,71333.0,67333.0,62000.0,70200.0,66333.0,52833.0
2024-08-11,44000.0,62600.0,60000.0,75000.0,62500.0,75000.0,60800.0,59333.0,63000.0,67500.0,70000.0,57750.0,63333.0,60200.0,57375.0,57667.0,69000.0,56000.0,60000.0,60333.0,59000.0,62000.0,57500.0,62500.0,62000.0,55000.0,55500.0,58000.0,58000.0,72500.0,60000.0,61667.0,71333.0,67333.0,64000.0,70200.0,63000.0,52000.0
2024-08-12,44000.0,62400.0,56500.0,65000.0,63000.0,66667.0,54800.0,54333.0,60333.0,58750.0,68333.0,54250.0,62333.0,56000.0,58875.0,53333.0,61667.0,52000.0,60000.0,60667.0,59000.0,62000.0,55000.0,60000.0,60333.0,52500.0,51500.0,50667.0,53333.0,68750.0,54500.0,60000.0,72667.0,67167.0,60000.0,70200.0,62000.0,48667.0
2024-08-13,44000.0,54400.0,56500.0,65000.0,63125.0,61667.0,50600.0,54667.0,59000.0,58750.0,68333.0,53500.0,62333.0,53800.0,58875.0,50000.0,60000.0,52000.0,57500.0,60000.0,59000.0,62000.0,55000.0,60000.0,56333.0,52500.0,51500.0,50000.0,51333.0,65500.0,53500.0,60000.0,70000.0,66333.0,57000.0,60550.0,56667.0,46500.0
2024-08-14,44000.0,52400.0,52500.0,65000.0,62875.0,49333.0,47800.0,50000.0,55333.0,57500.0,70000.0,49000.0,58000.0,53000.0,58875.0,47333.0,58333.0,52000.0,55000.0,55333.0,59000.0,62000.0,55000.0,57500.0,55667.0,43500.0,49000.0,55000.0,45667.0,66500.0,47000.0,53333.0,70000.0,66333.0,54500.0,60050.0,55000.0,41833.0
2024-08-15,44000.0,51800.0,47500.0,65000.0,58250.0,48333.0,47200.0,46667.0,53667.0,56250.0,70000.0,46500.0,58000.0,50800.0,53875.0,45000.0,59333.0,50667.0,52500.0,50333.0,59000.0,55000.0,52500.0,50000.0,54333.0,43500.0,46000.0,56000.0,43667.0,66750.0,47000.0,53333.0,63667.0,66333.0,50500.0,58050.0,49333.0,39333.0
2024-08-16,43000.0,45400.0,45000.0,65000.0,58000.0,46667.0,45800.0,44333.0,53000.0,56250.0,70000.0,47250.0,55333.0,45400.0,53875.0,43667.0,55000.0,49667.0,52500.0,46667.0,59000.0,55000.0,52500.0,50000.0,56000.0,37500.0,45000.0,51667.0,47333.0,64750.0,43000.0,53000.0,63333.0,66333.0,50500.0,58050.0,50000.0,42333.0
2024-08-17,43000.0,45800.0,45000.0,65000.0,57375.0,46667.0,45800.0,44333.0,50667.0,56250.0,66667.0,48000.0,52333.0,45200.0,53875.0,43667.0,54333.0,49667.0,52500.0,49333.0,59000.0,55000.0,46000.0,50000.0,55333.0,37500.0,45000.0,51667.0,46667.0,61250.0,45000.0,50000.0,63333.0,66333.0,49000.0,58050.0,51667.0,42667.0
2024-08-18,43333.0,45600.0,45000.0,65000.0,56875.0,46667.0,45800.0,44333.0,50667.0,56250.0,66667.0,47750.0,52333.0,44800.0,53875.0,42667.0,53333.0,49667.0,55000.0,51667.0,50000.0,55000.0,46000.0,50000.0,55333.0,37500.0,45000.0,51667.0,46667.0,60750.0,47000.0,50000.0,63333.0,66333.0,47500.0,58050.0,51333.0,53667.0
2024-08-19,43333.0,45600.0,52500.0,62500.0,46000.0,52000.0,48400.0,53000.0,53000.0,56250.0,66667.0,48250.0,54667.0,49000.0,53875.0,44333.0,53667.0,48000.0,55000.0,55667.0,50000.0,55000.0,42500.0,55000.0,54667.0,40000.0,51500.0,55000.0,50333.0,60750.0,49500.0,56000.0,68333.0,56667.0,57500.0,56050.0,51667.0,46167.0
2024-08-20,42000.0,45600.0,52500.0,57500.0,46125.0,49333.0,46800.0,53000.0,51000.0,56250.0,65000.0,47250.0,54667.0,48600.0,51625.0,44000.0,53667.0,48000.0,55000.0,55667.0,50000.0,55000.0,42500.0,50000.0,54667.0,40000.0,48000.0,55000.0,48667.0,58750.0,43000.0,51667.0,65000.0,56167.0,56500.0,55550.0,50667.0,38833.0
2024-08-21,41667.0,45400.0,47500.0,57500.0,46000.0,49333.0,45800.0,46667.0,46333.0,56250.0,65000.0,42500.0,49000.0,48200.0,47875.0,43333.0,51667.0,46333.0,55000.0,47333.0,48000.0,55000.0,42500.0,50000.0,54667.0,36000.0,44000.0,55000.0,43000.0,55750.0,42000.0,47667.0,63333.0,55333.0,47500.0,54850.0,50667.0,38500.0
2024-08-22,41667.0,42800.0,37500.0,57500.0,44750.0,46667.0,44400.0,44667.0,43000.0,56250.0,65000.0,40250.0,49000.0,45600.0,47875.0,41333.0,50667.0,42667.0,55000.0,46000.0,44000.0,55000.0,42500.0,40000.0,53667.0,33500.0,39000.0,51333.0,42333.0,57000.0,40000.0,46667.0,51667.0,55500.0,46500.0,51550.0,46000.0,37500.0
2024-08-23,41667.0,42000.0,38500.0,57500.0,44875.0,46000.0,38800.0,38333.0,41667.0,56250.0,65000.0,38500.0,44000.0,43400.0,47875.0,38667.0,46667.0,42667.0,53000.0,42667.0,44000.0,55000.0,42500.0,40000.0,54333.0,33500.0,38000.0,45667.0,39000.0,56000.0,39000.0,43000.0,42000.0,55500.0,42500.0,51050.0,46000.0,34833.0
2024-08-24,41667.0,38800.0,38500.0,57500.0,45125.0,46000.0,38400.0,35000.0,41667.0,51250.0,63333.0,39000.0,44000.0,43400.0,47875.0,37667.0,44333.0,42000.0,53000.0,42667.0,44000.0,55000.0,42500.0,40000.0,48000.0,33500.0,38000.0,45667.0,39000.0,56750.0,40000.0,43333.0,42000.0,55500.0,42500.0,51050.0,46000.0,32000.0
2024-08-25,41667.0,38200.0,38500.0,57500.0,45000.0,46000.0,38400.0,35000.0,39333.0,50000.0,58333.0,37000.0,44000.0,37600.0,47875.0,36000.0,44333.0,41333.0,53000.0,40667.0,44000.0,55000.0,42500.0,32500.0,48000.0,33500.0,38000.0,45667.0,39000.0,57750.0,40000.0,40667.0,41667.0,55167.0,41500.0,51050.0,41667.0,32000.0
2024-08-26,39000.0,35800.0,38500.0,42500.0,44750.0,44333.0,32000.0,33333.0,36667.0,43750.0,58333.0,33250.0,36333.0,36000.0,41875.0,30667.0,35000.0,34333.0,50000.0,39667.0,44000.0,55000.0,33500.0,42500.0,40000.0,28000.0,34500.0,40667.0,34333.0,54000.0,33500.0,36667.0,39667.0,54667.0,35000.0,43550.0,38333.0,26833.0
2024-08-27,39000.0,32800.0,33000.0,42500.0,44875.0,33000.0,30200.0,29333.0,31667.0,43750.0,50000.0,25250.0,36333.0,36000.0,41875.0,30667.0,35000.0,28333.0,47500.0,35333.0,36000.0,41667.0,33500.0,28000.0,38000.0,28000.0,35000.0,40000.0,29000.0,54000.0,32500.0,34667.0,39667.0,50333.0,32000.0,41050.0,36667.0,24333.0
2024-08-28,30333.0,33200.0,32500.0,42500.0,44875.0,34000.0,28800.0,28333.0,31667.0,41250.0,43333.0,28500.0,33667.0,31000.0,41875.0,28000.0,35000.0,30000.0,47500.0,35000.0,29500.0,35000.0,33500.0,28000.0,33667.0,28000.0,28500.0,35000.0,28333.0,49500.0,31000.0,30000.0,38000.0,50333.0,30000.0,39550.0,36667.0,27667.0
2024-08-29,30333.0,35400.0,30000.0,42500.0,37250.0,34000.0,32200.0,28333.0,31000.0,40000.0,41667.0,31000.0,33667.0,30400.0,41875.0,29333.0,35667.0,30000.0,47500.0,34333.0,29500.0,35000.0,33500.0,30500.0,33667.0,27500.0,32000.0,36000.0,28667.0,45750.0,33000.0,31333.0,35667.0,50333.0,29000.0,37650.0,35667.0,28833.0
2024-08-30,20000.0,35000.0,32500.0,42500.0,37125.0,34000.0,32800.0,29000.0,30000.0,40000.0,41000.0,31500.0,31333.0,29200.0,41875.0,28667.0,34333.0,30667.0,47500.0,36000.0,29500.0,35000.0,29000.0,30500.0,32333.0,27500.0,30000.0,36000.0,28667.0,43750.0,32000.0,31333.0,37333.0,49000.0,32500.0,37150.0,35667.0,29500.0
2024-08-31,20000.0,34400.0,32500.0,42500.0,37000.0,34000.0,32200.0,29000.0,29667.0,40000.0,39000.0,30000.0,31333.0,29200.0,41875.0,28000.0,34333.0,30667.0,47500.0,36000.0,27500.0,35000.0,29000.0,27500.0,31333.0,27500.0,30000.0,35333.0,28667.0,39000.0,30000.0,29333.0,37333.0,45000.0,32000.0,37150.0,33333.0,29167.0
2024-09-01,20000.0,35000.0,32500.0,42500.0,36625.0,34000.0,32200.0,29000.0,29667.0,42500.0,39000.0,29500.0,31333.0,28800.0,41875.0,27667.0,34333.0,30667.0,47500.0,32333.0,27500.0,35000.0,29000.0,27500.0,29667.0,27500.0,30000.0,35333.0,27667.0,38750.0,27500.0,27667.0,35000.0,45000.0,33000.0,37150.0,31667.0,28667.0
2024-09-02,20000.0,33000.0,32500.0,35000.0,33500.0,34000.0,29600.0,27667.0,30333.0,35000.0,38000.0,30000.0,32333.0,29200.0,33625.0,28000.0,34333.0,29000.0,47500.0,31667.0,27500.0,35000.0,29000.0,30000.0,28000.0,26000.0,27500.0,33667.0,27333.0,32500.0,26000.0,30000.0,31333.0,44167.0,32500.0,36200.0,30000.0,28500.0
2024-09-03,20000.0,32400.0,28500.0,35000.0,33750.0,35667.0,31800.0,27667.0,27000.0,32500.0,38667.0,30000.0,32333.0,30000.0,33575.0,27333.0,34333.0,29000.0,37500.0,33000.0,27500.0,35000.0,29000.0,30000.0,28000.0,26000.0,27500.0,33333.0,28000.0,32500.0,28500.0,29667.0,32333.0,43333.0,30000.0,34350.0,26667.0,31333.0
2024-09-04,20000.0,32000.0,28500.0,35000.0,34250.0,37333.0,32000.0,29333.0,30000.0,32500.0,38667.0,31500.0,33000.0,30000.0,34825.0,28000.0,37333.0,30667.0,37500.0,32667.0,27500.0,35000.0,29000.0,32500.0,26667.0,29000.0,29000.0,34000.0,30000.0,35000.0,29500.0,31333.0,30667.0,39667.0,31500.0,33300.0,20000.0,31167.0
2024-09-05,20000.0,32000.0,30000.0,35000.0,32250.0,38333.0,32000.0,28333.0,30667.0,29500.0,38000.0,32250.0,33000.0,31400.0,34825.0,30667.0,40000.0,30667.0,37500.0,33000.0,31000.0,33333.0,29000.0,32500.0,26000.0,29000.0,31000.0,37667.0,30000.0,35625.0,29500.0,33667.0,32000.0,35500.0,33000.0,32800.0,32333.0,30500.0
2024-09-06,20000.0,30800.0,30000.0,35000.0,32500.0,36667.0,32400.0,29333.0,30667.0,29500.0,35000.0,32250.0,33667.0,31800.0,34825.0,30667.0,39333.0,29333.0,36000.0,33000.0,32500.0,33333.0,29000.0,32500.0,25333.0,26500.0,31000.0,37667.0,31333.0,36875.0,30000.0,34667.0,33000.0,34667.0,32500.0,31550.0,33000.0,30000.0
2024-09-07,20000.0,30800.0,30000.0,35000.0,33250.0,36667.0,32800.0,29333.0,31333.0,29500.0,35000.0,33000.0,33667.0,31960.0,34825.0,30667.0,39333.0,29333.0,36500.0,33000.0,32500.0,33333.0,29000.0,32000.0,25333.0,26500.0,31000.0,37667.0,31333.0,35625.0,30000.0,35000.0,33000.0,33833.0,32500.0,31150.0,33000.0,30667.0
2024-09-08,20000.0,30800.0,30000.0,35000.0,33625.0,36667.0,32800.0,29333.0,31333.0,29500.0,35000.0,33000.0,33667.0,31800.0,34825.0,30333.0,37000.0,29333.0,36500.0,34333.0,32500.0,33333.0,29000.0,32000.0,25333.0,26500.0,31000.0,37667.0,31333.0,35625.0,30000.0,35000.0,33667.0,34167.0,33500.0,30650.0,33000.0,30500.0
2024-09-09,20000.0,32400.0,30000.0,35000.0,33000.0,36667.0,33600.0,30000.0,32333.0,31250.0,34667.0,32750.0,37000.0,30400.0,35075.0,30000.0,36333.0,28667.0,36500.0,34333.0,32500.0,28667.0,29000.0,34500.0,25333.0,28000.0,31000.0,35667.0,30333.0,34250.0,30000.0,34667.0,34000.0,32667.0,32500.0,30950.0,33333.0,30000.0
2024-09-10,20000.0,32000.0,30000.0,35000.0,33375.0,35000.0,31800.0,30333.0,32333.0,35000.0,34667.0,32500.0,37000.0,31400.0,35575.0,30000.0,36333.0,28333.0,36500.0,34333.0,32500.0,30000.0,29000.0,34500.0,25333.0,28000.0,32000.0,34333.0,30333.0,32250.0,30000.0,34000.0,36667.0,32667.0,34000.0,30950.0,31667.0,29833.0
2024-09-11,20000.0,32000.0,28500.0,35000.0,33750.0,31667.0,31200.0,30333.0,31333.0,35000.0,35000.0,31750.0,36667.0,31400.0,34825.0,30000.0,34333.0,28333.0,36500.0,32333.0,32500.0,30000.0,29000.0,34500.0,25667.0,28000.0,32000.0,34333.0,30333.0,32250.0,30000.0,34000.0,34000.0,32333.0,32500.0,30950.0,31000.0,28333.0
2024-09-12,20000.0,31200.0,28500.0,35000.0,30500.0,31667.0,30000.0,30333.0,31333.0,35000.0,35000.0,31750.0,36667.0,31800.0,34825.0,31000.0,34333.0,28333.0,36500.0,32000.0,32500.0,30000.0,29000.0,34500.0,25667.0,27000.0,31000.0,34333.0,29333.0,31750.0,30000.0,34667.0,34333.0,32167.0,34500.0,30950.0,31000.0,29667.0
2024-09-13,20000.0,31200.0,28500.0,35000.0,30625.0,33333.0,29600.0,29667.0,31333.0,35000.0,35000.0,32250.0,36667.0,30800.0,33825.0,31000.0,35000.0,28333.0,36000.0,34000.0,32500.0,30000.0,30000.0,32000.0,25667.0,27000.0,30000.0,33000.0,29000.0,32000.0,30000.0,34667.0,35667.0,32167.0,33500.0,30950.0,31667.0,29500.0
2024-09-14,20000.0,30800.0,28500.0,35000.0,31500.0,33333.0,29600.0,29667.0,31333.0,35000.0,35000.0,31500.0,36667.0,31200.0,33825.0,30333.0,34667.0,27000.0,35000.0,34000.0,32500.0,30000.0,30000.0,30000.0,25667.0,27000.0,30000.0,33000.0,29000.0,32500.0,31000.0,34667.0,35667.0,32167.0,33500.0,30950.0,31667.0,31000.0
2024-09-15,20000.0,30800.0,28500.0,35000.0,31875.0,33333.0,29600.0,29667.0,31333.0,35000.0,35000.0,32250.0,36667.0,31200.0,33825.0,30000.0,34667.0,27000.0,35000.0,34000.0,32500.0,30000.0,30000.0,30000.0,25667.0,27000.0,32000.0,33000.0,29000.0,33750.0,31000.0,34667.0,35667.0,32167.0,35000.0,30950.0,31000.0,31000.0
2024-09-16,20000.0,30600.0,29000.0,35000.0,32750.0,33333.0,29600.0,29667.0,31333.0,35000.0,35000.0,32500.0,36667.0,31800.0,33825.0,30000.0,34667.0,27000.0,35000.0,32333.0,32500.0,30000.0,25500.0,30000.0,25667.0,27000.0,30000.0,33000.0,31000.0,32500.0,32000.0,35000.0,38000.0,32167.0,35500.0,30950.0,30000.0,30333.0
2024-09-17,20000.0,31400.0,31000.0,32500.0,30500.0,35000.0,30200.0,30667.0,34333.0,35000.0,35333.0,34500.0,37667.0,32800.0,34075.0,32667.0,35000.0,27000.0,35000.0,35667.0,32650.0,30000.0,25500.0,32000.0,25667.0,27000.0,32000.0,34000.0,31667.0,32500.0,33000.0,35000.0,38000.0,32833.0,33500.0,30950.0,29333.0,30333.0
2024-09-18,20000.0,32400.0,33500.0,32500.0,30500.0,38333.0,31200.0,35333.0,37000.0,34500.0,31667.0,36500.0,37667.0,35200.0,34338.0,33333.0,38667.0,29333.0,35000.0,35000.0,34000.0,30000.0,25500.0,34000.0,28333.0,27000.0,30000.0,34000.0,32000.0,34250.0,35500.0,35667.0,38000.0,34667.0,33000.0,30950.0,30000.0,29000.0
2024-09-19,20000.0,32000.0,33500.0,32500.0,30750.0,38333.0,31600.0,33333.0,36667.0,35000.0,31667.0,37000.0,38333.0,35200.0,33338.0,33333.0,39333.0,31667.0,35000.0,35000.0,34000.0,30000.0,25500.0,37000.0,28333.0,27000.0,30000.0,31333.0,31667.0,35750.0,33500.0,37333.0,38000.0,35000.0,31500.0,31550.0,29333.0,30333.0
2024-09-20,20000.0,32400.0,33500.0,32500.0,31000.0,38333.0,32400.0,33333.0,36000.0,35000.0,31000.0,36500.0,38333.0,35000.0,33338.0,32333.0,38000.0,31667.0,36500.0,34667.0,34000.0,30000.0,25500.0,35000.0,28333.0,28000.0,35000.0,31333.0,31667.0,35500.0,32500.0,37333.0,38000.0,34167.0,32500.0,31550.0,29333.0,29833.0
2024-09-21,20000.0,31800.0,35000.0,32500.0,31375.0,38333.0,31800.0,33333.0,35333.0,35000.0,32667.0,34500.0,38333.0,35000.0,33338.0,32333.0,39333.0,31667.0,31500.0,36333.0,32500.0,30000.0,25500.0,35000.0,28000.0,28000.0,35000.0,31333.0,30667.0,35500.0,30500.0,36667.0,38000.0,34167.0,33000.0,31550.0,29333.0,30167.0
2024-09-22,20000.0,30800.0,35000.0,32500.0,31625.0,38333.0,31800.0,33333.0,35333.0,35000.0,32667.0,34500.0,38333.0,34800.0,33588.0,32333.0,39333.0,33000.0,31500.0,37333.0,33000.0,30000.0,25500.0,35000.0,25333.0,28000.0,34500.0,31333.0,31000.0,35000.0,30500.0,36667.0,37667.0,34167.0,33500.0,31550.0,30000.0,30833.0
2024-09-23,20000.0,31200.0,30000.0,37500.0,30500.0,35000.0,32200.0,30333.0,35333.0,35750.0,33000.0,33250.0,37667.0,34200.0,33338.0,30333.0,38333.0,33667.0,31500.0,37667.0,33000.0,30000.0,27000.0,33500.0,25333.0,28000.0,32000.0,31000.0,31667.0,34500.0,30000.0,35333.0,38000.0,34167.0,32500.0,30850.0,30000.0,30000.0
2024-09-24,20000.0,32000.0,30000.0,37500.0,30625.0,33333.0,31800.0,30667.0,34333.0,33250.0,33000.0,33500.0,37667.0,35000.0,33338.0,31000.0,38333.0,34000.0,32500.0,36667.0,33000.0,28000.0,27000.0,33500.0,26333.0,28000.0,32000.0,31000.0,31000.0,34000.0,32000.0,36000.0,37667.0,34000.0,32500.0,30850.0,29333.0,29833.0
2024-09-25,20000.0,31800.0,30000.0,37500.0,30625.0,31667.0,30400.0,32000.0,34667.0,33250.0,33000.0,33750.0,34333.0,35000.0,33338.0,31000.0,38667.0,34000.0,32500.0,36667.0,33000.0,27000.0,27500.0,33500.0,26333.0,28000.0,32000.0,31000.0,31000.0,33000.0,31000.0,35333.0,37667.0,34000.0,32500.0,30850.0,30000.0,27167.0
2024-09-26,20000.0,30600.0,27500.0,37500.0,30000.0,31667.0,30000.0,31000.0,34667.0,32500.0,33000.0,32000.0,34333.0,35400.0,33338.0,30667.0,38667.0,32667.0,32500.0,36667.0,32000.0,27000.0,27500.0,33500.0,26333.0,28000.0,30000.0,30000.0,31667.0,34250.0,30000.0,32000.0,37667.0,34000.0,35000.0,30850.0,28333.0,26667.0
2024-09-27,20000.0,31000.0,26500.0,35000.0,30000.0,31667.0,29000.0,30000.0,33333.0,32500.0,34667.0,32000.0,34000.0,34600.0,33338.0,30667.0,38000.0,32000.0,32500.0,33333.0,32000.0,27000.0,28500.0,33500.0,26333.0,28000.0,30000.0,30000.0,29667.0,34250.0,28500.0,32333.0,37667.0,34333.0,35000.0,32150.0,26333.0,26333.0
2024-09-28,20000.0,30600.0,26500.0,35000.0,30000.0,31667.0,29000.0,30333.0,33333.0,32500.0,34667.0,32000.0,34000.0,33000.0,33338.0,29333.0,39333.0,32000.0,31000.0,33333.0,32000.0,27000.0,28500.0,33500.0,26333.0,28000.0,30000.0,30000.0,29667.0,34250.0,28000.0,32667.0,37667.0,34333.0,35000.0,32150.0,26333.0,27500.0
2024-09-29,20000.0,30600.0,26500.0,35000.0,30000.0,31667.0,29000.0,30333.0,33333.0,32500.0,34000.0,31250.0,34000.0,31400.0,33338.0,28667.0,37667.0,32000.0,31000.0,33333.0,32000.0,27000.0,28500.0,33500.0,26333.0,28000.0,30000.0,30000.0,28667.0,35000.0,28000.0,32667.0,37669.0,34333.0,34500.0,32150.0,26000.0,27833.0
2024-09-30,20000.0,30600.0,24000.0,32500.0,30000.0,31667.0,30200.0,30000.0,31667.0,32000.0,33667.0,31000.0,34000.0,30000.0,33075.0,28333.0,35333.0,30667.0,31500.0,34333.0,31000.0,27000.0,29500.0,35000.0,26333.0,28000.0,30000.0,29333.0,27333.0,36250.0,28000.0,32000.0,37667.0,34333.0,32500.0,32150.0,27333.0,27500.0
2024-10-01,20000.0,31000.0,23500.0,32500.0,30000.0,32333.0,30200.0,30000.0,34000.0,32000.0,33667.0,32250.0,34000.0,30800.0,32325.0,28667.0,35333.0,30667.0,31500.0,34333.0,31000.0,27000.0,29500.0,33500.0,26333.0,28000.0,32000.0,29333.0,27333.0,35500.0,29000.0,32667.0,37333.0,33333.0,32000.0,31050.0,28333.0,29667.0
2024-10-02,20000.0,31400.0,23500.0,32500.0,30000.0,32333.0,31400.0,30000.0,34000.0,32000.0,33667.0,33500.0,37000.0,32200.0,32825.0,33333.0,37000.0,30000.0,31500.0,34333.0,31000.0,27000.0,29500.0,33500.0,25000.0,28000.0,32000.0,30000.0,31667.0,33000.0,30000.0,34333.0,37333.0,33333.0,32500.0,31050.0,29000.0,31333.0
2024-10-03,20000.0,34000.0,23500.0,32500.0,30750.0,32333.0,32200.0,33667.0,35667.0,31250.0,33667.0,35000.0,37000.0,32200.0,32825.0,34667.0,37667.0,33333.0,31500.0,36333.0,31000.0,27000.0,29500.0,33500.0,25000.0,29000.0,35000.0,30000.0,32667.0,31500.0,32500.0,35667.0,37333.0,32833.0,32000.0,31350.0,31000.0,31500.0
2024-10-04,20000.0,34000.0,30000.0,32500.0,30625.0,32333.0,32200.0,33667.0,37000.0,31250.0,33667.0,36500.0,37000.0,32200.0,32575.0,34667.0,39333.0,34667.0,32500.0,36333.0,31000.0,26667.0,29500.0,31000.0,26000.0,29000.0,36000.0,30000.0,33667.0,33750.0,32500.0,36333.0,36333.0,32833.0,32500.0,31350.0,31000.0,31667.0
2024-10-05,20000.0,33800.0,30000.0,32500.0,30500.0,32333.0,32600.0,32000.0,37000.0,31250.0,33667.0,36750.0,37000.0,32200.0,32825.0,34667.0,39333.0,34667.0,32500.0,36333.0,33000.0,26667.0,29500.0,31000.0,26667.0,29000.0,36000.0,30000.0,33667.0,33750.0,33500.0,35667.0,37000.0,32833.0,32000.0,31350.0,31667.0,32833.0
2024-10-06,20000.0,33800.0,30000.0,32500.0,30250.0,32333.0,32600.0,32000.0,37000.0,31250.0,33667.0,36500.0,37000.0,32800.0,32825.0,34667.0,39333.0,34667.0,32500.0,36333.0,35500.0,26667.0,29500.0,31000.0,26667.0,29000.0,36000.0,30000.0,33667.0,33750.0,33500.0,34000.0,37000.0,33667.0,32500.0,31350.0,31667.0,32333.0
2024-10-07,20000.0,35000.0,33000.0,32500.0,30750.0,33333.0,34200.0,34333.0,38667.0,32250.0,32667.0,35500.0,38667.0,33600.0,35825.0,34667.0,40000.0,36333.0,37500.0,35667.0,35500.0,26667.0,25500.0,32500.0,28667.0,29000.0,36000.0,30667.0,32667.0,33750.0,35000.0,38000.0,37667.0,32667.0,34000.0,31350.0,29333.0,32167.0
2024-10-08,20000.0,35200.0,34000.0,32500.0,30875.0,33333.0,35800.0,34333.0,39333.0,32250.0,32667.0,38000.0,38667.0,33600.0,35825.0,33667.0,44667.0,36000.0,37500.0,35667.0,35500.0,26667.0,25500.0,33500.0,28667.0,30000.0,37500.0,33667.0,36333.0,35000.0,36000.0,38000.0,37667.0,34833.0,33000.0,32350.0,30333.0,31833.0
2024-10-09,20000.0,35200.0,35000.0,32500.0,30875.0,35000.0,37000.0,37667.0,42667.0,33500.0,32667.0,39500.0,41000.0,33800.0,35325.0,33667.0,45000.0,36000.0,34000.0,37667.0,35500.0,26667.0,25500.0,33500.0,30000.0,30000.0,41000.0,33667.0,38333.0,35000.0,39500.0,39333.0,37667.0,34833.0,34000.0,32350.0,30333.0,31500.0
2024-10-10,20000.0,36800.0,36500.0,32500.0,31750.0,36667.0,37200.0,37667.0,42667.0,34250.0,32333.0,39750.0,41000.0,35000.0,35325.0,33667.0,45000.0,36000.0,34000.0,38167.0,35500.0,26667.0,25500.0,34500.0,31000.0,31000.0,41000.0,33667.0,38333.0,35250.0,40000.0,42000.0,39000.0,35167.0,35500.0,32350.0,30333.0,31167.0
2024-10-11,20000.0,37000.0,36500.0,32500.0,31625.0,36667.0,36400.0,37667.0,42000.0,34250.0,32333.0,39500.0,41000.0,34800.0,35312.0,34667.0,45000.0,36000.0,34000.0,38333.0,35000.0,26667.0,25500.0,34500.0,31000.0,31000.0,40500.0,33667.0,39000.0,36250.0,38000.0,40000.0,39000.0,35667.0,35500.0,33400.0,31000.0,31167.0
2024-10-12,20000.0,37800.0,36500.0,37500.0,31750.0,36667.0,36000.0,37667.0,42000.0,34250.0,32333.0,40000.0,41000.0,34800.0,35562.0,35000.0,45000.0,37500.0,34000.0,38333.0,35000.0,26667.0,25500.0,34500.0,31000.0,31000.0,40500.0,33667.0,39667.0,36250.0,39000.0,41000.0,37667.0,35667.0,34500.0,33400.0,30000.0,32167.0
2024-10-13,20000.0,38200.0,36500.0,37500.0,31500.0,36667.0,36000.0,37667.0,42000.0,34250.0,32667.0,40000.0,41000.0,34800.0,35562.0,35333.0,45000.0,37500.0,34000.0,38333.0,36500.0,26667.0,25500.0,36000.0,31000.0,31000.0,40500.0,33667.0,40000.0,35250.0,39000.0,41000.0,37667.0,36000.0,35500.0,33400.0,29333.0,32333.0
2024-10-14,20000.0,38600.0,35500.0,32500.0,32750.0,37667.0,36600.0,38333.0,43333.0,35500.0,32667.0,38500.0,42333.0,34800.0,35562.0,35333.0,45000.0,38333.0,34000.0,38000.0,36500.0,26667.0,32000.0,37500.0,31000.0,31000.0,39000.0,33000.0,38333.0,35750.0,39000.0,41667.0,42333.0,39167.0,35500.0,32550.0,30000.0,32000.0
2024-10-15,21667.0,39000.0,36000.0,32500.0,33000.0,39333.0,36400.0,37667.0,42000.0,36750.0,32667.0,38500.0,42333.0,34800.0,35062.0,35333.0,45000.0,39000.0,35000.0,38000.0,36500.0,26667.0,32000.0,37500.0,30333.0,31000.0,35500.0,35000.0,36667.0,35750.0,40000.0,43333.0,42333.0,39167.0,34500.0,32550.0,30000.0,30667.0
2024-10-16,21667.0,39000.0,37000.0,32500.0,33500.0,39333.0,35000.0,37667.0,41333.0,36750.0,32667.0,38500.0,42333.0,37000.0,35562.0,35000.0,45000.0,39000.0,35000.0,38333.0,40000.0,26667.0,32000.0,36000.0,29667.0,30000.0,36000.0,35000.0,38000.0,37000.0,38000.0,42667.0,42333.0,39167.0,35500.0,32550.0,29333.0,31333.0
2024-10-17,21667.0,39000.0,37000.0,32500.0,31250.0,39333.0,34600.0,35000.0,40000.0,32750.0,34333.0,37500.0,43000.0,37200.0,35562.0,36333.0,45000.0,39000.0,35000.0,38000.0,40000.0,26667.0,32000.0,34500.0,31000.0,28500.0,36000.0,34333.0,36333.0,36500.0,40000.0,41333.0,42333.0,37667.0,35500.0,32550.0,26667.0,30000.0
2024-10-18,21667.0,39200.0,35500.0,32500.0,31625.0,39333.0,34200.0,35000.0,38667.0,32750.0,34333.0,37000.0,43000.0,38200.0,35575.0,33333.0,43333.0,38000.0,35000.0,36667.0,40000.0,26667.0,28000.0,34500.0,31000.0,28000.0,36000.0,35000.0,34667.0,36750.0,35500.0,40000.0,42333.0,37167.0,35000.0,32550.0,26333.0,29333.0
2024-10-19,21667.0,38000.0,35500.0,32500.0,31750.0,39333.0,34200.0,35000.0,37667.0,32750.0,34333.0,35750.0,43000.0,37400.0,35575.0,32667.0,43333.0,38000.0,35000.0,35667.0,40000.0,26667.0,28000.0,34500.0,32333.0,28000.0,36000.0,34667.0,34333.0,41500.0,35500.0,39000.0,42333.0,37167.0,35500.0,32550.0,24667.0,29333.0
2024-10-20,21667.0,37600.0,35500.0,32500.0,31875.0,39333.0,34200.0,35000.0,37667.0,32750.0,34333.0,35750.0,43000.0,37400.0,35575.0,31333.0,43333.0,38000.0,35000.0,35667.0,36000.0,26667.0,28000.0,34500.0,32333.0,28000.0,36000.0,34667.0,34333.0,41500.0,35500.0,41000.0,42333.0,37167.0,34500.0,32550.0,24667.0,29167.0
2024-10-21,21667.0,37200.0,35500.0,37500.0,32250.0,37000.0,33600.0,34000.0,36333.0,32750.0,34667.0,35375.0,38667.0,37200.0,34575.0,32000.0,41333.0,36000.0,32500.0,35833.0,34000.0,26667.0,28000.0,31500.0,32333.0,28000.0,35000.0,34667.0,33000.0,41500.0,35000.0,37333.0,38667.0,37167.0,33000.0,31900.0,28333.0,27667.0
2024-10-22,21667.0,37200.0,36500.0,37500.0,32375.0,37000.0,32800.0,35333.0,36667.0,30000.0,34667.0,35125.0,38667.0,35600.0,33575.0,32000.0,40667.0,36000.0,32500.0,35667.0,34000.0,26667.0,28000.0,31500.0,32333.0,28000.0,34500.0,34667.0,32333.0,39250.0,34000.0,38333.0,38667.0,37167.0,34500.0,31900.0,24000.0,27500.0
2024-10-23,21667.0,37000.0,36500.0,37500.0,32500.0,37000.0,32400.0,34667.0,37000.0,30000.0,33667.0,34625.0,38667.0,36000.0,33575.0,33333.0,40000.0,35000.0,32500.0,35333.0,34000.0,26667.0,28000.0,31500.0,32333.0,28000.0,33500.0,34667.0,31667.0,39000.0,34000.0,36000.0,39333.0,37333.0,34000.0,31500.0,23000.0,27833.0
2024-10-24,21667.0,35800.0,38000.0,37500.0,31875.0,35333.0,31400.0,34667.0,37000.0,28250.0,33667.0,35500.0,38667.0,36000.0,34325.0,33000.0,40000.0,33667.0,30000.0,35000.0,34000.0,26667.0,28000.0,32500.0,33000.0,28000.0,33500.0,34333.0,32333.0,39500.0,34000.0,37667.0,39333.0,36333.0,33000.0,31500.0,23000.0,27667.0
2024-10-25,21667.0,34800.0,37000.0,37500.0,32000.0,35333.0,30600.0,34667.0,36667.0,28250.0,32333.0,34875.0,37000.0,35800.0,34325.0,32000.0,40000.0,33667.0,30000.0,34333.0,34000.0,26667.0,30000.0,30000.0,35000.0,28000.0,33500.0,34667.0,33333.0,39250.0,34500.0,37667.0,38667.0,36333.0,32000.0,31500.0,23000.0,27500.0
2024-10-26,21667.0,33600.0,37000.0,37500.0,32000.0,35333.0,30200.0,34667.0,36667.0,28250.0,33333.0,34375.0,37000.0,35800.0,34325.0,31333.0,39333.0,33667.0,30000.0,33667.0,34000.0,26667.0,30000.0,30000.0,35000.0,28000.0,33500.0,34667.0,32000.0,37000.0,33500.0,36667.0,38667.0,35500.0,33000.0,31500.0,24333.0,27500.0
2024-10-27,21667.0,33000.0,37000.0,37500.0,32500.0,35333.0,30200.0,34667.0,34667.0,28250.0,33333.0,31625.0,37000.0,35800.0,34325.0,31000.0,39333.0,33333.0,30000.0,33667.0,34000.0,26667.0,30000.0,30000.0,35000.0,28000.0,33500.0,34667.0,31667.0,36250.0,31500.0,34333.0,38667.0,35500.0,33000.0,31500.0,25000.0,27500.0
2024-10-28,21667.0,33000.0,35000.0,37500.0,31500.0,34000.0,30000.0,31667.0,30000.0,27000.0,32000.0,29825.0,35333.0,33800.0,32325.0,27333.0,36667.0,33333.0,31000.0,33667.0,33000.0,26667.0,27500.0,28500.0,35000.0,26500.0,27000.0,34667.0,27667.0,38750.0,31000.0,30000.0,37000.0,34833.0,28500.0,31100.0,26000.0,28333.0
2024-10-29,21667.0,33000.0,33000.0,37500.0,31875.0,34000.0,27600.0,31667.0,29333.0,27000.0,32000.0,29250.0,35333.0,33800.0,30312.0,26333.0,36000.0,31333.0,31000.0,33667.0,33000.0,26667.0,27500.0,28500.0,35000.0,26500.0,25500.0,31333.0,28333.0,38250.0,31000.0,32000.0,35000.0,34833.0,28500.0,31050.0,27000.0,26333.0
2024-10-30,21667.0,32800.0,32000.0,37500.0,32000.0,34000.0,27200.0,31667.0,29333.0,27000.0,32000.0,29500.0,35333.0,34600.0,30312.0,26333.0,36000.0,31333.0,31000.0,33667.0,33000.0,26667.0,27500.0,28500.0,35000.0,26500.0,27000.0,27667.0,28333.0,38250.0,31000.0,31000.0,35000.0,34833.0,28500.0,31050.0,24000.0,26167.0
2024-10-31,21667.0,32200.0,32000.0,37500.0,25250.0,33333.0,27000.0,31667.0,29333.0,25500.0,32000.0,29075.0,35333.0,33600.0,30312.0,26000.0,36000.0,32333.0,31000.0,32333.0,33000.0,26667.0,27500.0,30500.0,33667.0,25000.0,27000.0,27667.0,26667.0,36250.0,28000.0,31000.0,33333.0,34833.0,28000.0,30400.0,20667.0,25500.0
2024-11-01,21667.0,32200.0,29000.0,37500.0,25500.0,33333.0,27000.0,26667.0,29333.0,25500.0,32000.0,27650.0,35333.0,32800.0,30312.0,24333.0,32333.0,31333.0,31500.0,32333.0,33000.0,26667.0,27500.0,30500.0,33000.0,25000.0,27000.0,27667.0,26000.0,37000.0,25000.0,27667.0,33333.0,34500.0,28000.0,29800.0,21000.0,23500.0
2024-11-02,21667.0,32200.0,29000.0,37500.0,25625.0,33333.0,26600.0,26667.0,28000.0,25500.0,31000.0,25250.0,35333.0,32800.0,30312.0,21333.0,31000.0,31333.0,30000.0,32333.0,33000.0,26667.0,25500.0,30500.0,32333.0,25000.0,25000.0,27667.0,25000.0,37000.0,25000.0,28333.0,33333.0,34500.0,27000.0,29300.0,19333.0,23500.0
2024-11-03,21667.0,30600.0,29000.0,37500.0,25875.0,33333.0,26600.0,26667.0,28000.0,24250.0,31000.0,25500.0,35333.0,29000.0,30312.0,20667.0,31000.0,31333.0,30000.0,32333.0,31000.0,26667.0,25500.0,28500.0,30667.0,25000.0,25000.0,27667.0,23667.0,37000.0,25000.0,31667.0,33667.0,34500.0,28500.0,28900.0,19000.0,22667.0
2024-11-04,21667.0,29200.0,31500.0,32500.0,24000.0,29333.0,24200.0,26667.0,25667.0,25000.0,30000.0,25325.0,28667.0,26800.0,30312.0,19667.0,30000.0,31333.0,27500.0,31667.0,31000.0,26667.0,27500.0,28500.0,29333.0,22000.0,25500.0,25000.0,25333.0,34750.0,26000.0,28667.0,30333.0,34500.0,28500.0,28900.0,18333.0,23833.0
2024-11-05,21667.0,30200.0,31500.0,32500.0,23750.0,29333.0,25800.0,26000.0,27000.0,25000.0,30000.0,27575.0,28667.0,28000.0,29562.0,24333.0,30667.0,29333.0,27500.0,29667.0,31000.0,26667.0,27500.0,29000.0,29333.0,22000.0,25500.0,25000.0,25333.0,34250.0,27000.0,30333.0,30333.0,32167.0,27500.0,27500.0,21333.0,25833.0
2024-11-06,21667.0,28800.0,31500.0,32500.0,24000.0,30000.0,26000.0,29000.0,29000.0,25000.0,30333.0,31000.0,28667.0,28800.0,29562.0,27667.0,35667.0,27667.0,30000.0,33333.0,31000.0,26667.0,27500.0,31000.0,28667.0,22000.0,25500.0,25000.0,28000.0,32500.0,28000.0,30333.0,31333.0,32167.0,28500.0,28400.0,25000.0,28833.0
2024-11-07,21667.0,29200.0,31500.0,32500.0,24000.0,31000.0,26800.0,29000.0,31000.0,28750.0,30333.0,30500.0,28667.0,29000.0,30812.0,27667.0,35667.0,27667.0,30000.0,33667.0,31000.0,26667.0,27500.0,31000.0,28000.0,24500.0,26000.0,25000.0,28667.0,33000.0,28000.0,30000.0,31333.0,32167.0,27500.0,29400.0,30000.0,28500.0
2024-11-08,21667.0,29200.0,31000.0,32500.0,24000.0,31000.0,27600.0,29333.0,30667.0,28750.0,30333.0,30000.0,30000.0,29000.0,30838.0,27000.0,35000.0,29000.0,30000.0,33667.0,31000.0,26667.0,28500.0,31000.0,27333.0,24500.0,26000.0,30000.0,29333.0,33250.0,29000.0,34000.0,32333.0,32167.0,28500.0,29400.0,30000.0,28500.0
2024-11-09,21667.0,29600.0,30000.0,32500.0,24125.0,31000.0,27600.0,29333.0,30667.0,28750.0,30333.0,30750.0,30000.0,29400.0,30838.0,27000.0,35000.0,29000.0,30000.0,33667.0,31000.0,26667.0,28500.0,31000.0,28000.0,24500.0,26000.0,30667.0,29333.0,31750.0,30000.0,34000.0,32333.0,32167.0,27500.0,29400.0,28667.0,28667.0
2024-11-10,21667.0,29000.0,30000.0,32500.0,24625.0,31000.0,27600.0,29333.0,30667.0,27500.0,30333.0,32250.0,30000.0,29600.0,30838.0,26333.0,35000.0,29000.0,30000.0,33667.0,31000.0,26667.0,28500.0,33000.0,27667.0,24500.0,26000.0,30667.0,29333.0,33000.0,30000.0,33333.0,32333.0,31667.0,26500.0,29400.0,27000.0,28833.0
2024-11-11,21667.0,31200.0,32500.0,30000.0,27000.0,35000.0,33400.0,28333.0,31333.0,28250.0,30667.0,33250.0,34667.0,32200.0,31588.0,28000.0,35000.0,30333.0,25000.0,34000.0,31000.0,26667.0,30000.0,33500.0,27667.0,26500.0,27500.0,30000.0,34000.0,35500.0,31000.0,33000.0,32667.0,31667.0,29000.0,29800.0,26667.0,28000.0
2024-11-12,21667.0,32600.0,35000.0,30000.0,27125.0,35000.0,34000.0,30000.0,32667.0,28250.0,30667.0,33750.0,34667.0,32200.0,32088.0,28333.0,37000.0,31000.0,25000.0,34000.0,31000.0,26667.0,30000.0,33500.0,28000.0,29000.0,28000.0,30000.0,34000.0,36750.0,34000.0,36333.0,35667.0,31500.0,30500.0,29800.0,27333.0,27667.0
2024-11-13,21667.0,32600.0,34000.0,30000.0,27125.0,35000.0,34200.0,31333.0,32667.0,28250.0,30667.0,33750.0,34667.0,33000.0,32088.0,28333.0,37000.0,32000.0,25000.0,36000.0,31000.0,26667.0,30000.0,33500.0,27333.0,29000.0,28500.0,29333.0,33333.0,36250.0,35500.0,37000.0,35667.0,31500.0,31500.0,29800.0,27333.0,27667.0
2024-11-14,21667.0,31800.0,34000.0,30000.0,28000.0,33333.0,31800.0,30667.0,32333.0,28750.0,30667.0,33000.0,34667.0,33400.0,32088.0,28333.0,38000.0,32000.0,25000.0,33500.0,31000.0,26667.0,30000.0,33500.0,27333.0,29000.0,28000.0,29333.0,30333.0,36250.0,33500.0,35667.0,36000.0,31500.0,31750.0,31650.0,26333.0,26000.0
2024-11-15,21667.0,30400.0,32500.0,30000.0,28375.0,33333.0,28600.0,29667.0,31667.0,28750.0,30333.0,29000.0,34667.0,33400.0,32088.0,28000.0,35333.0,29667.0,25000.0,32833.0,31000.0,26667.0,30000.0,31500.0,26667.0,29000.0,27500.0,30000.0,27333.0,36250.0,26000.0,33000.0,36000.0,32500.0,31750.0,32250.0,23333.0,24833.0
2024-11-16,21667.0,29200.0,32500.0,30000.0,28625.0,33333.0,27800.0,29667.0,30333.0,30000.0,30333.0,28500.0,34667.0,32800.0,32088.0,26333.0,31000.0,26333.0,25000.0,32667.0,29500.0,26667.0,30000.0,31500.0,26667.0,29000.0,27000.0,30000.0,26667.0,35750.0,26000.0,31333.0,35333.0,32500.0,30750.0,32250.0,25667.0,26000.0
2024-11-17,22000.0,28600.0,32500.0,30000.0,28875.0,33333.0,27200.0,27000.0,30000.0,30000.0,30000.0,28000.0,34667.0,32800.0,32088.0,25333.0,31000.0,26333.0,25000.0,32667.0,29500.0,26667.0,30000.0,31500.0,26000.0,29000.0,26000.0,30000.0,27000.0,36000.0,27000.0,28000.0,35333.0,32500.0,29500.0,32250.0,27667.0,25833.0
2024-11-18,22000.0,27600.0,27000.0,20000.0,28000.0,31667.0,25200.0,25667.0,31000.0,30500.0,30000.0,27500.0,30000.0,32400.0,32088.0,23667.0,31000.0,26333.0,25000.0,32667.0,29500.0,26667.0,30000.0,34000.0,26000.0,26500.0,25500.0,30000.0,24667.0,34750.0,24000.0,29333.0,33333.0,31167.0,30000.0,33100.0,27000.0,25500.0
2024-11-19,22000.0,26600.0,28000.0,20000.0,28125.0,31667.0,23800.0,24000.0,27667.0,30500.0,30000.0,23500.0,30000.0,32200.0,32088.0,23000.0,30667.0,26333.0,25000.0,32667.0,29500.0,26667.0,30000.0,34000.0,26000.0,26500.0,25000.0,29333.0,24000.0,32500.0,22000.0,24000.0,33333.0,31333.0,29000.0,32750.0,23333.0,25167.0
2024-11-20,22000.0,24000.0,28000.0,20000.0,28625.0,31667.0,22000.0,22667.0,23333.0,31750.0,30000.0,22500.0,30000.0,27600.0,32062.0,20000.0,27667.0,25333.0,26000.0,32000.0,22500.0,26667.0,30000.0,34000.0,23333.0,26500.0,25000.0,29333.0,20667.0,31250.0,21000.0,24000.0,32333.0,31333.0,30000.0,29700.0,18667.0,24333.0
2024-11-21,22000.0,23800.0,27000.0,20000.0,25500.0,30000.0,22000.0,21667.0,23333.0,31250.0,30000.0,22500.0,30000.0,27200.0,32062.0,20667.0,28333.0,24000.0,26000.0,30000.0,22500.0,26667.0,30000.0,26000.0,23333.0,25000.0,21500.0,30000.0,21333.0,32500.0,20000.0,24333.0,32333.0,31333.0,31000.0,28100.0,18333.0,25000.0
2024-11-22,22000.0,23600.0,25500.0,20000.0,25875.0,30000.0,22200.0,22333.0,23000.0,32250.0,30000.0,22575.0,30000.0,24600.0,32062.0,21667.0,26000.0,24667.0,25000.0,30000.0,22500.0,26667.0,30000.0,26000.0,23333.0,22500.0,18500.0,26333.0,23669.0,31500.0,20000.0,24667.0,32333.0,31167.0,28000.0,27550.0,20000.0,25500.0
2024-11-23,22000.0,24000.0,25500.0,20000.0,25875.0,30000.0,22600.0,22333.0,23000.0,32250.0,30000.0,24075.0,30000.0,24000.0,32062.0,21667.0,26000.0,24667.0,25000.0,30000.0,22500.0,26667.0,30000.0,26000.0,22333.0,22500.0,21500.0,26333.0,23667.0,31000.0,20000.0,24667.0,32333.0,31167.0,27500.0,26650.0,20000.0,25500.0
2024-11-24,22000.0,21200.0,25500.0,20000.0,25375.0,30000.0,22600.0,22333.0,23000.0,32250.0,30000.0,23825.0,30000.0,24200.0,32062.0,21333.0,26000.0,24667.0,25000.0,26333.0,22500.0,26667.0,30000.0,26000.0,22333.0,22500.0,19000.0,26333.0,21667.0,30000.0,20000.0,24333.0,32000.0,31167.0,26500.0,26650.0,20000.0,24833.0
2024-11-25,22000.0,21600.0,25500.0,27500.0,23750.0,30000.0,19600.0,21000.0,23000.0,26000.0,30000.0,21500.0,28667.0,24200.0,24062.0,20000.0,26000.0,20333.0,25000.0,25667.0,22500.0,26667.0,25000.0,26000.0,22333.0,23500.0,16500.0,25667.0,19333.0,30000.0,20000.0,25333.0,32000.0,28167.0,22000.0,26650.0,20000.0,22833.0
2024-11-26,22000.0,20400.0,25500.0,27500.0,24000.0,28667.0,18800.0,20000.0,19667.0,26000.0,30000.0,20500.0,28667.0,24800.0,23812.0,20000.0,26000.0,20333.0,25000.0,25333.0,22500.0,26667.0,24000.0,23000.0,22333.0,23500.0,17000.0,25667.0,22000.0,31000.0,20000.0,23333.0,32000.0,27833.0,22000.0,23000.0,18000.0,23333.0
2024-11-27,22000.0,21200.0,25500.0,27500.0,24750.0,28667.0,18800.0,20000.0,19667.0,26000.0,30000.0,20000.0,28667.0,24800.0,23812.0,20333.0,26000.0,22000.0,25000.0,25333.0,22500.0,26667.0,24000.0,23000.0,22000.0,23500.0,17000.0,25667.0,22333.0,28000.0,18000.0,25333.0,32000.0,27833.0,22000.0,23000.0,18333.0,23167.0
2024-11-28,22000.0,20800.0,25500.0,27500.0,23000.0,28667.0,19800.0,23667.0,21667.0,27250.0,30667.0,27000.0,28667.0,24200.0,25812.0,21667.0,29333.0,22000.0,25000.0,26333.0,22500.0,26667.0,24000.0,24000.0,20333.0,26500.0,19500.0,28667.0,25333.0,28500.0,24000.0,23333.0,31667.0,26667.0,22000.0,23000.0,21667.0,23500.0
2024-11-29,22000.0,21200.0,25000.0,27500.0,23375.0,28667.0,19600.0,22333.0,23333.0,27250.0,30667.0,26500.0,28667.0,23600.0,25812.0,22667.0,29333.0,22000.0,30000.0,26667.0,22500.0,26667.0,30000.0,24000.0,20333.0,27000.0,19500.0,28667.0,25333.0,28500.0,24000.0,26667.0,31667.0,26667.0,22000.0,23000.0,21667.0,22667.0
2024-11-30,22000.0,20400.0,25000.0,27500.0,23750.0,28667.0,19600.0,22333.0,23667.0,27250.0,30667.0,25500.0,28667.0,24400.0,25812.0,22000.0,30000.0,23000.0,30000.0,27167.0,25500.0,26667.0,30000.0,25000.0,20333.0,27000.0,21500.0,28667.0,25333.0,29750.0,22000.0,27333.0,31667.0,26667.0,22500.0,23000.0,22333.0,22500.0
2024-12-01,22000.0,20000.0,26500.0,27500.0,24375.0,28667.0,19600.0,22333.0,23667.0,27250.0,30000.0,23250.0,28667.0,25400.0,25812.0,21667.0,30000.0,23000.0,30000.0,29167.0,25500.0,26667.0,30000.0,25000.0,20333.0,27000.0,19500.0,28667.0,24667.0,30750.0,20000.0,25333.0,31667.0,27000.0,22500.0,23000.0,22333.0,22500.0
2024-12-02,22000.0,21200.0,20000.0,27500.0,22750.0,24333.0,20000.0,22667.0,21000.0,27250.0,30000.0,23000.0,29333.0,24600.0,26812.0,20667.0,27667.0,23000.0,30000.0,27333.0,25500.0,26667.0,30000.0,25000.0,19667.0,29000.0,20000.0,28667.0,19333.0,28750.0,19000.0,24000.0,24667.0,26333.0,21500.0,24550.0,22000.0,22167.0
2024-12-03,22000.0,20600.0,20000.0,27500.0,22625.0,24333.0,19600.0,22667.0,23667.0,27250.0,21000.0,28250.0,29333.0,23600.0,26812.0,22667.0,27000.0,23667.0,30000.0,25333.0,25500.0,26667.0,30000.0,25000.0,19667.0,29000.0,21500.0,28667.0,20667.0,27250.0,24000.0,26333.0,21000.0,26833.0,22500.0,24550.0,21667.0,22833.0
2024-12-04,22000.0,23200.0,20000.0,27500.0,22625.0,24333.0,21000.0,22667.0,26333.0,27250.0,21000.0,30750.0,29333.0,23600.0,27075.0,23333.0,29333.0,23667.0,30000.0,26667.0,25500.0,26667.0,30000.0,25000.0,20000.0,25500.0,22500.0,28667.0,21333.0,27750.0,25500.0,29333.0,22667.0,26833.0,23500.0,22700.0,25667.0,28500.0
2024-12-05,22000.0,25000.0,21500.0,27500.0,24500.0,26000.0,23200.0,27000.0,29333.0,30000.0,21000.0,30500.0,30000.0,23800.0,27075.0,25000.0,29333.0,24667.0,30000.0,26333.0,28500.0,26667.0,30000.0,25000.0,20000.0,27500.0,22500.0,28000.0,22000.0,30000.0,31000.0,30000.0,28667.0,26333.0,24500.0,22700.0,27000.0,29333.0
2024-12-06,22000.0,26400.0,21500.0,27500.0,24625.0,26000.0,24800.0,27667.0,30000.0,28000.0,21000.0,29500.0,32333.0,24200.0,29575.0,24667.0,30667.0,28000.0,30000.0,29000.0,28500.0,26667.0,30000.0,26000.0,21333.0,27500.0,23500.0,28000.0,24667.0,31250.0,25000.0,30667.0,28000.0,26000.0,25000.0,22700.0,25667.0,26500.0
2024-12-07,22000.0,27200.0,21500.0,27500.0,24625.0,26000.0,24800.0,27667.0,30000.0,28000.0,21000.0,29000.0,32333.0,24200.0,29575.0,26333.0,30667.0,28000.0,30000.0,29667.0,28500.0,26667.0,30000.0,26000.0,21333.0,27500.0,23500.0,28000.0,24667.0,32000.0,24000.0,30667.0,28000.0,26000.0,26000.0,22700.0,24000.0,26500.0
2024-12-08,22000.0,27400.0,21500.0,27500.0,24875.0,26000.0,25000.0,26333.0,31333.0,28000.0,21000.0,29500.0,32333.0,24400.0,29575.0,26333.0,34000.0,26667.0,30000.0,29333.0,28500.0,26667.0,30000.0,27000.0,21333.0,27500.0,25000.0,27333.0,24000.0,32000.0,24000.0,30667.0,28000.0,26000.0,25000.0,22700.0,22667.0,27167.0
2024-12-09,22000.0,27000.0,21500.0,30000.0,23500.0,28667.0,27200.0,28000.0,31333.0,25750.0,21333.0,31000.0,33000.0,25000.0,29575.0,26667.0,34667.0,26667.0,30000.0,29333.0,28500.0,26667.0,27500.0,30000.0,21333.0,32000.0,25000.0,26333.0,31333.0,32000.0,25000.0,33333.0,32000.0,25167.0,26000.0,26350.0,23333.0,24000.0
2024-12-10,22000.0,29000.0,21500.0,30000.0,23625.0,29333.0,28400.0,28667.0,33333.0,26750.0,25667.0,34675.0,33000.0,25000.0,29575.0,27333.0,37000.0,31333.0,30000.0,31667.0,31500.0,26667.0,27500.0,30000.0,21333.0,31000.0,25000.0,26333.0,32333.0,34500.0,32000.0,33000.0,33000.0,26333.0,25500.0,27250.0,23000.0,24667.0
2024-12-11,22000.0,28200.0,21500.0,30000.0,23500.0,29333.0,28600.0,32000.0,34667.0,26750.0,25667.0,34325.0,37000.0,25000.0,29575.0,29333.0,37000.0,31333.0,34000.0,32000.0,31500.0,26667.0,27500.0,30004.0,22333.0,31000.0,25500.0,31667.0,32000.0,34500.0,31000.0,35333.0,33000.0,27000.0,30000.0,27250.0,26333.0,24667.0
2024-12-12,22000.0,29400.0,21500.0,35000.0,25500.0,29333.0,30800.0,32667.0,34333.0,30500.0,25667.0,32000.0,37000.0,25000.0,29575.0,29333.0,37667.0,30667.0,35500.0,31667.0,31500.0,26667.0,27500.0,31000.0,23000.0,32500.0,25500.0,32667.0,31333.0,35000.0,30000.0,37333.0,33000.0,27833.0,30000.0,27250.0,26667.0,26333.0
2024-12-13,22000.0,29200.0,25500.0,37500.0,25750.0,31000.0,29400.0,32667.0,34000.0,30500.0,25333.0,32000.0,37000.0,27000.0,29575.0,29333.0,37667.0,31000.0,35500.0,31667.0,31500.0,26667.0,34000.0,31000.0,23000.0,33500.0,26000.0,31667.0,27667.0,35000.0,26500.0,37333.0,33000.0,27833.0,31000.0,28300.0,26000.0,26167.0
2024-12-14,22000.0,29400.0,25500.0,37500.0,25750.0,31000.0,29200.0,31667.0,34667.0,31250.0,25000.0,32400.0,37000.0,27600.0,29575.0,29333.0,37667.0,31000.0,35500.0,31667.0,31500.0,26667.0,34000.0,31000.0,23333.0,33500.0,27000.0,31667.0,28333.0,35000.0,28000.0,37000.0,33000.0,28167.0,31000.0,28300.0,26333.0,27333.0
2024-12-15,22000.0,32000.0,25500.0,37500.0,26125.0,31000.0,29600.0,34333.0,34667.0,31250.0,25000.0,44500.0,37000.0,27600.0,29575.0,40667.0,47000.0,31000.0,35000.0,38000.0,31500.0,26667.0,34000.0,31500.0,23333.0,33500.0,28000.0,31667.0,32333.0,35000.0,28000.0,47667.0,33000.0,28333.0,31000.0,28300.0,28333.0,29667.0
2024-12-16,22000.0,36200.0,39000.0,50000.0,26500.0,36667.0,36400.0,44667.0,48333.0,32500.0,25000.0,42000.0,45000.0,33800.0,26312.0,40667.0,50000.0,35000.0,36000.0,36000.0,31500.0,26667.0,52500.0,42000.0,26333.0,40000.0,38500.0,33000.0,36000.0,35000.0,34000.0,48667.0,40333.0,33333.0,38500.0,37300.0,31667.0,39667.0
2024-12-17,22000.0,37800.0,39000.0,50000.0,26875.0,36667.0,36000.0,45333.0,47667.0,32500.0,28333.0,41150.0,45000.0,35400.0,34562.0,42000.0,50000.0,35000.0,36000.0,39667.0,31500.0,26667.0,52500.0,41000.0,26000.0,42000.0,39000.0,33333.0,36000.0,34750.0,34000.0,50333.0,40333.0,33333.0,38500.0,40050.0,39333.0,39333.0
2024-12-18,22000.0,35000.0,40000.0,50000.0,27500.0,36667.0,34000.0,43000.0,46333.0,35000.0,30000.0,40900.0,45000.0,36600.0,39812.0,42667.0,50000.0,35000.0,37500.0,40000.0,31500.0,26667.0,52500.0,41000.0,26000.0,43500.0,33500.0,33333.0,33667.0,34250.0,33000.0,44000.0,40333.0,34833.0,40000.0,40050.0,39333.0,38000.0
2024-12-19,23667.0,35200.0,40000.0,50000.0,28875.0,36667.0,32600.0,43000.0,46333.0,40750.0,30000.0,40650.0,46000.0,36600.0,39812.0,41333.0,50000.0,35000.0,37500.0,40667.0,31500.0,26667.0,52500.0,41000.0,27000.0,42500.0,34500.0,32333.0,38333.0,34750.0,38000.0,46667.0,39667.0,36167.0,41500.0,40050.0,34000.0,38667.0
2024-12-20,23667.0,40200.0,40000.0,50000.0,29125.0,39333.0,38400.0,48333.0,50333.0,42000.0,30000.0,55000.0,45333.0,37600.0,39812.0,47333.0,50667.0,40667.0,39500.0,40000.0,41500.0,26667.0,57500.0,43000.0,27667.0,47500.0,44500.0,42667.0,41000.0,36250.0,45000.0,54000.0,41000.0,36167.0,39500.0,40354.0,40000.0,53667.0
2024-12-21,23667.0,47600.0,40000.0,50000.0,29375.0,39333.0,42000.0,63333.0,54333.0,64500.0,44000.0,61000.0,45333.0,45400.0,39812.0,47333.0,70667.0,40667.0,50000.0,51667.0,41500.0,26667.0,57500.0,49000.0,33333.0,47500.0,44500.0,41667.0,51667.0,38250.0,50000.0,65000.0,46667.0,36167.0,38500.0,52250.0,39333.0,52500.0
2024-12-22,23667.0,50400.0,40000.0,52000.0,29500.0,39333.0,42000.0,63333.0,52000.0,57500.0,43667.0,62250.0,45333.0,47400.0,39812.0,56000.0,71333.0,48667.0,50000.0,54333.0,43000.0,26667.0,57500.0,56000.0,38667.0,47500.0,65000.0,41667.0,51667.0,43250.0,62000.0,64333.0,47000.0,37000.0,37500.0,62900.0,50333.0,50167.0
2024-12-23,23667.0,48800.0,43500.0,65000.0,42250.0,41667.0,47000.0,61667.0,54333.0,62000.0,47000.0,60000.0,59333.0,47200.0,39812.0,58333.0,61667.0,49333.0,50000.0,56000.0,43000.0,26667.0,52500.0,56000.0,39333.0,52500.0,45500.0,48667.0,46333.0,51000.0,50000.0,66000.0,62000.0,48500.0,44000.0,60450.0,53333.0,42833.0
2024-12-24,23667.0,47600.0,43500.0,65000.0,42250.0,41667.0,44200.0,55000.0,50667.0,62000.0,47000.0,51250.0,59333.0,44600.0,39062.0,57333.0,61667.0,49333.0,47500.0,48000.0,43000.0,26667.0,52500.0,47000.0,38167.0,50000.0,38500.0,49333.0,47000.0,60000.0,45000.0,58333.0,63333.0,48500.0,43000.0,52700.0,45000.0,42833.0
2024-12-25,23667.0,50000.0,43500.0,65000.0,42000.0,41667.0,44200.0,56667.0,57333.0,62000.0,47667.0,53825.0,59333.0,42400.0,39062.0,60000.0,66000.0,52667.0,47500.0,51333.0,43000.0,26667.0,52500.0,47000.0,39500.0,50000.0,40500.0,49333.0,55000.0,60500.0,53000.0,62000.0,60000.0,51500.0,42000.0,52700.0,47333.0,48333.0
2024-12-26,23667.0,59600.0,43500.0,80000.0,41625.0,41667.0,54800.0,60000.0,62000.0,61250.0,47667.0,58750.0,59333.0,42200.0,39062.0,61667.0,70000.0,57000.0,47500.0,52667.0,54250.0,26667.0,55000.0,52500.0,44000.0,50000.0,45000.0,49333.0,61667.0,56000.0,65000.0,65667.0,60003.0,51500.0,44000.0,52700.0,53333.0,48000.0
2024-12-27,23667.0,59200.0,52500.0,80000.0,41500.0,52667.0,51400.0,65000.0,64000.0,57500.0,46000.0,59400.0,71333.0,43600.0,39062.0,65000.0,69000.0,57667.0,50000.0,56333.0,54250.0,26667.0,55000.0,52500.0,45667.0,54000.0,50000.0,53333.0,60000.0,56000.0,62500.0,68333.0,65000.0,53000.0,46500.0,53300.0,53333.0,47333.0
2024-12-28,23667.0,58000.0,52500.0,80000.0,40000.0,52667.0,49600.0,61667.0,63333.0,56500.0,47667.0,55650.0,71333.0,45400.0,39062.0,60000.0,67333.0,57667.0,50000.0,57000.0,54250.0,26667.0,59000.0,52500.0,48000.0,54000.0,50000.0,53667.0,60667.0,56000.0,55000.0,63333.0,65667.0,53000.0,48000.0,54950.0,51667.0,47333.0
2024-12-29,23667.0,59800.0,52500.0,80000.0,40250.0,52667.0,54000.0,63333.0,63333.0,59000.0,47667.0,60000.0,71333.0,50200.0,39062.0,62333.0,66667.0,57667.0,50000.0,57000.0,54250.0,26667.0,59000.0,55000.0,49000.0,54000.0,55000.0,53667.0,60667.0,55500.0,55500.0,61333.0,68333.0,53500.0,49000.0,56400.0,50000.0,50333.0
2024-12-30,23667.0,61000.0,55000.0,82500.0,45125.0,51667.0,50400.0,63333.0,65667.0,56500.0,50667.0,61900.0,71333.0,51200.0,47838.0,63333.0,69333.0,61667.0,50000.0,57000.0,55500.0,26667.0,60000.0,60000.0,50333.0,59000.0,55000.0,54333.0,60000.0,57500.0,63500.0,65667.0,70000.0,53167.0,47500.0,56950.0,51667.0,55833.0
2024-12-31,25000.0,63000.0,55000.0,72500.0,45125.0,51667.0,52400.0,66000.0,67333.0,56500.0,50667.0,61900.0,71333.0,52200.0,47838.0,63333.0,70000.0,61667.0,50000.0,61667.0,55500.0,26667.0,60000.0,60000.0,50667.0,59000.0,57500.0,54333.0,61667.0,57500.0,63500.0,68667.0,70000.0,52000.0,48000.0,57700.0,54000.0,62000.0
2025-01-01,25000.0,68800.0,55000.0,72500.0,45000.0,51667.0,54600.0,66000.0,69000.0,56500.0,50333.0,72150.0,71333.0,53000.0,47838.0,67667.0,70000.0,61667.0,55000.0,61667.0,55500.0,26667.0,60000.0,60000.0,52667.0,59000.0,57500.0,54333.0,73750.0,57500.0,77500.0,75000.0,67333.0,52000.0,47000.0,57700.0,58333.0,64167.0
2025-01-02,25000.0,73400.0,67500.0,72500.0,51750.0,65000.0,66800.0,80000.0,79000.0,58250.0,51000.0,77000.0,85000.0,66000.0,61838.0,79333.0,83333.0,61667.0,55000.0,70000.0,68500.0,26667.0,60000.0,60000.0,52667.0,65000.0,72500.0,55000.0,70000.0,58750.0,78000.0,83667.0,74333.0,52833.0,54500.0,62350.0,55000.0,62000.0
2025-01-03,25000.0,71200.0,73500.0,77500.0,51125.0,80000.0,67600.0,78333.0,76333.0,59500.0,51000.0,68250.0,85000.0,67100.0,61838.0,72667.0,83333.0,61667.0,55000.0,68000.0,68500.0,26667.0,82500.0,60000.0,58000.0,65000.0,72500.0,55000.0,65750.0,62500.0,65500.0,76667.0,70000.0,59333.0,55000.0,64000.0,55667.0,79000.0
2025-01-04,25000.0,81800.0,73500.0,77500.0,50750.0,80000.0,67600.0,86667.0,88333.0,65750.0,50667.0,78500.0,85000.0,66700.0,61838.0,86667.0,94000.0,76667.0,60000.0,83833.0,75000.0,26667.0,82500.0,72500.0,64667.0,65000.0,75000.0,57667.0,74750.0,71250.0,86500.0,95333.0,75333.0,60167.0,53500.0,64000.0,63333.0,87500.0
2025-01-05,25000.0,90000.0,73500.0,77500.0,50125.0,80000.0,71600.0,91667.0,108333.0,68750.0,50667.0,84500.0,85000.0,68600.0,61838.0,103333.0,96000.0,86667.0,77500.0,86667.0,75000.0,26667.0,82500.0,72500.0,65667.0,65000.0,85000.0,57667.0,78250.0,86250.0,92500.0,105000.0,78333.0,61000.0,54000.0,70100.0,76667.0,83000.0
2025-01-06,25000.0,83400.0,77500.0,87500.0,65250.0,90000.0,85400.0,81667.0,85000.0,90000.0,53000.0,81250.0,85667.0,69000.0,80250.0,85000.0,95667.0,93333.0,95000.0,88333.0,75000.0,26667.0,85000.0,85000.0,67667.0,90000.0,81000.0,86667.0,79500.0,84375.0,84000.0,92667.0,94000.0,63000.0,60000.0,95500.0,85000.0,85000.0
2025-01-07,25000.0,84000.0,77500.0,87500.0,65000.0,100000.0,81200.0,83333.0,84000.0,90000.0,54333.0,82750.0,88333.0,75000.0,86500.0,80000.0,91333.0,86667.0,95000.0,83100.0,84500.0,26667.0,85000.0,91500.0,75667.0,90000.0,82500.0,85000.0,82000.0,81750.0,89000.0,90000.0,94000.0,75333.0,62500.0,89700.0,86667.0,81167.0
2025-01-08,25000.0,90200.0,85000.0,87500.0,65125.0,98333.0,85600.0,83333.0,90000.0,87500.0,54333.0,84650.0,88333.0,78600.0,86500.0,85333.0,95000.0,85000.0,95000.0,84100.0,84500.0,26667.0,85000.0,84000.0,78000.0,92500.0,85000.0,82667.0,88250.0,84250.0,90000.0,89333.0,95000.0,78667.0,70000.0,89700.0,83333.0,79500.0
2025-01-09,25000.0,91600.0,85000.0,87500.0,77750.0,98333.0,85200.0,83333.0,90000.0,87500.0,55000.0,86150.0,93333.0,79000.0,86500.0,88333.0,96667.0,85333.0,95000.0,84100.0,84500.0,26667.0,85000.0,81500.0,78667.0,95000.0,85000.0,87000.0,90000.0,85500.0,91000.0,95000.0,96667.0,82833.0,77500.0,94850.0,85000.0,79500.0
2025-01-10,25000.0,91600.0,81000.0,87500.0,78125.0,98333.0,86600.0,81667.0,90000.0,87500.0,76667.0,81500.0,93333.0,79000.0,91000.0,88333.0,100000.0,85667.0,97500.0,87333.0,84500.0,26667.0,100000.0,91500.0,86000.0,95000.0,82500.0,85667.0,85750.0,83000.0,89000.0,90000.0,96000.0,86167.0,75000.0,96650.0,90000.0,85833.0
2025-01-11,25000.0,93200.0,81000.0,87500.0,78500.0,98333.0,86600.0,85000.0,92000.0,87500.0,81667.0,82500.0,93333.0,80000.0,91000.0,87667.0,100000.0,84000.0,97500.0,90167.0,84500.0,26667.0,100000.0,91500.0,91667.0,95000.0,82500.0,86667.0,84250.0,81750.0,90000.0,94667.0,98333.0,91167.0,77000.0,96650.0,93333.0,87833.0
2025-01-12,25000.0,95000.0,81000.0,90000.0,78625.0,98333.0,87000.0,85000.0,92000.0,87500.0,89667.0,81750.0,93333.0,82000.0,91000.0,86000.0,100000.0,83667.0,97500.0,89167.0,84500.0,26667.0,100000.0,97500.0,85667.0,95000.0,82500.0,87667.0,86000.0,83000.0,88500.0,93333.0,98333.0,92500.0,80000.0,108700.0,88333.0,84833.0
2025-01-13,25000.0,84600.0,80000.0,80000.0,79500.0,101667.0,75000.0,88333.0,84000.0,90000.0,106000.0,77150.0,88333.0,76100.0,89250.0,78667.0,90667.0,82000.0,95000.0,83000.0,89500.0,26667.0,100000.0,85000.0,86333.0,87500.0,71500.0,80000.0,76250.0,83000.0,68000.0,81667.0,90667.0,90000.0,80000.0,86450.0,76667.0,74667.0
2025-01-14,26667.0,85600.0,77500.0,80000.0,79625.0,80000.0,73600.0,76667.0,82333.0,81250.0,107667.0,68250.0,88333.0,73400.0,86750.0,76333.0,85000.0,79333.0,95000.0,83000.0,80000.0,26667.0,97500.0,82500.0,84000.0,87500.0,66000.0,80000.0,72500.0,84250.0,72500.0,75667.0,89000.0,84167.0,77500.0,85750.0,75000.0,76167.0
2025-01-15,26667.0,85400.0,77500.0,80000.0,79625.0,76667.0,75600.0,78333.0,82333.0,78750.0,108667.0,71825.0,84667.0,71800.0,86250.0,74333.0,85000.0,79333.0,92500.0,83000.0,80000.0,26667.0,97500.0,80000.0,82333.0,80000.0,69000.0,81667.0,74250.0,83750.0,72500.0,79000.0,86667.0,84167.0,80000.0,83050.0,76667.0,73667.0
2025-01-16,26667.0,84400.0,69000.0,80000.0,67250.0,83333.0,71000.0,72000.0,80667.0,73750.0,106000.0,67650.0,84667.0,69000.0,81500.0,71333.0,85000.0,79333.0,87500.0,76333.0,80000.0,26667.0,97500.0,72500.0,82333.0,80000.0,64500.0,81667.0,73250.0,82500.0,70000.0,77667.0,85667.0,81667.0,82500.0,81600.0,63333.0,71833.0
2025-01-17,26667.0,70600.0,69000.0,80000.0,67500.0,80000.0,66800.0,69000.0,62667.0,70000.0,104333.0,58400.0,71667.0,69000.0,78000.0,62333.0,85000.0,66667.0,87500.0,70000.0,80000.0,26667.0,87500.0,72500.0,82333.0,80000.0,54000.0,81667.0,61750.0,83750.0,52500.0,64333.0,79667.0,80000.0,80000.0,75500.0,60000.0,65333.0
2025-01-18,26667.0,68200.0,69000.0,80000.0,68000.0,80000.0,63800.0,67000.0,56667.0,75000.0,84667.0,59575.0,71667.0,62600.0,78000.0,51667.0,63333.0,66667.0,87500.0,68333.0,62500.0,26667.0,87500.0,60000.0,77667.0,80000.0,54000.0,81667.0,57750.0,85000.0,55000.0,57667.0,79667.0,75000.0,77500.0,74600.0,57333.0,60000.0
2025-01-19,26667.0,64800.0,69000.0,80000.0,68250.0,80000.0,63600.0,53667.0,55000.0,70000.0,83333.0,51900.0,71667.0,60600.0,78000.0,51667.0,60000.0,65000.0,87500.0,65667.0,62500.0,26667.0,87500.0,60000.0,77667.0,80000.0,45000.0,81667.0,57250.0,85000.0,55000.0,51000.0,79667.0,74167.0,80000.0,70650.0,50000.0,60833.0
2025-01-20,26667.0,61600.0,50000.0,57500.0,49250.0,81667.0,59600.0,54667.0,55000.0,67500.0,80000.0,53900.0,62333.0,54000.0,71500.0,52667.0,60000.0,58333.0,80000.0,64667.0,62500.0,26667.0,72500.0,48500.0,72667.0,67500.0,51000.0,72333.0,53250.0,82500.0,50000.0,53333.0,67667.0,65000.0,62000.0,67450.0,60000.0,65000.0
2025-01-21,26667.0,66200.0,48000.0,57500.0,49125.0,73333.0,58600.0,56667.0,56667.0,71250.0,80000.0,52900.0,62333.0,54000.0,72250.0,55000.0,60000.0,56667.0,80000.0,61667.0,62500.0,26667.0,72500.0,51000.0,70333.0,62500.0,50000.0,70667.0,55750.0,76875.0,55500.0,58333.0,62667.0,63333.0,60000.0,65600.0,61667.0,62167.0
2025-01-22,26667.0,64600.0,48000.0,57500.0,48875.0,73333.0,59600.0,55000.0,55333.0,71250.0,89333.0,52825.0,62333.0,54000.0,71500.0,54667.0,60000.0,57000.0,72500.0,61767.0,62500.0,26667.0,70000.0,60000.0,71333.0,62500.0,48500.0,70667.0,52000.0,75625.0,54500.0,60667.0,62667.0,63333.0,60000.0,60650.0,56667.0,62667.0
2025-01-23,30000.0,60200.0,48000.0,57500.0,51250.0,68333.0,56400.0,54667.0,55333.0,62500.0,84333.0,52325.0,62333.0,52400.0,65250.0,54667.0,60667.0,55333.0,72500.0,61667.0,62500.0,26667.0,70000.0,57000.0,71333.0,62500.0,48500.0,65000.0,51250.0,73125.0,54000.0,58333.0,62667.0,62500.0,54150.0,60650.0,53333.0,55667.0
2025-01-24,30000.0,60600.0,48000.0,57500.0,51250.0,68333.0,56000.0,55333.0,55333.0,62500.0,83333.0,53325.0,62333.0,52400.0,64500.0,55333.0,61667.0,55333.0,72500.0,63333.0,62500.0,26667.0,62500.0,57000.0,66667.0,62500.0,48500.0,65000.0,54750.0,66500.0,58000.0,56667.0,60333.0,60000.0,51500.0,60650.0,53333.0,56833.0
2025-01-25,30000.0,60000.0,48000.0,57500.0,51250.0,68333.0,56200.0,55333.0,56333.0,62500.0,91667.0,53325.0,62333.0,54000.0,64500.0,60000.0,65000.0,53667.0,72500.0,64000.0,56500.0,26667.0,62500.0,57000.0,58333.0,62500.0,48500.0,65000.0,56750.0,64500.0,60000.0,59000.0,60333.0,57500.0,51500.0,60650.0,51667.0,56667.0
2025-01-26,30000.0,60600.0,48000.0,57500.0,51125.0,68333.0,56200.0,55333.0,56333.0,62500.0,95000.0,56900.0,61667.0,54000.0,64500.0,58667.0,65000.0,55333.0,72500.0,64000.0,56500.0,26667.0,62500.0,54500.0,58333.0,62500.0,50500.0,65000.0,58750.0,63250.0,59000.0,59667.0,62667.0,57502.0,51500.0,59200.0,53333.0,55500.0
2025-01-27,30000.0,59400.0,48000.0,57500.0,52625.0,68333.0,57000.0,55333.0,56333.0,62500.0,95000.0,57400.0,61667.0,54000.0,64500.0,59333.0,65000.0,57000.0,67500.0,64000.0,56500.0,26667.0,62500.0,54500.0,58333.0,62500.0,50500.0,65000.0,60000.0,63250.0,60000.0,61667.0,62667.0,56667.0,50500.0,61900.0,50000.0,55833.0
2025-01-28,30000.0,60800.0,48000.0,57500.0,52500.0,68333.0,57200.0,57667.0,57000.0,62500.0,86667.0,58650.0,61667.0,54000.0,63750.0,59333.0,65000.0,57000.0,67500.0,64000.0,56500.0,26667.0,62500.0,54500.0,58333.0,62500.0,51500.0,61667.0,58250.0,63250.0,60000.0,60000.0,62333.0,57500.0,51500.0,62450.0,51667.0,53500.0
2025-01-29,30000.0,59600.0,48000.0,57500.0,52625.0,63333.0,58200.0,57667.0,57000.0,62500.0,86667.0,57400.0,61667.0,54000.0,66250.0,59333.0,65000.0,59667.0,67500.0,64000.0,56500.0,26667.0,62500.0,50000.0,58333.0,62500.0,51500.0,61667.0,57500.0,64500.0,59000.0,61667.0,62333.0,58333.0,52500.0,62450.0,46667.0,54000.0
2025-01-30,31000.0,59600.0,56500.0,57500.0,48500.0,63333.0,54600.0,57667.0,57000.0,56250.0,59667.0,58150.0,58333.0,52000.0,65750.0,59333.0,61667.0,59667.0,65000.0,62667.0,57000.0,26667.0,62500.0,50000.0,55000.0,62500.0,51000.0,60667.0,56750.0,65500.0,58000.0,60000.0,61333.0,57500.0,52000.0,58250.0,43333.0,50667.0
2025-01-31,31000.0,59600.0,56500.0,57500.0,48750.0,63333.0,53600.0,57667.0,56667.0,52500.0,59667.0,54500.0,58333.0,52000.0,65000.0,57667.0,60000.0,61333.0,65000.0,62667.0,57000.0,26667.0,60000.0,50000.0,55000.0,62500.0,51000.0,60667.0,56000.0,66750.0,55000.0,60000.0,60000.0,57167.0,51000.0,58250.0,46667.0,54000.0
2025-02-01,31000.0,59400.0,56500.0,57500.0,49375.0,63333.0,54600.0,57667.0,56667.0,52500.0,59667.0,56250.0,58333.0,52000.0,65000.0,56667.0,61667.0,60000.0,65000.0,59333.0,57000.0,26667.0,60000.0,50000.0,55000.0,62500.0,51000.0,60667.0,57000.0,66250.0,57500.0,59333.0,61000.0,57333.0,50000.0,58250.0,50000.0,56000.0
2025-02-02,31000.0,59200.0,56500.0,57500.0,50000.0,63333.0,54600.0,57667.0,56667.0,52500.0,59667.0,56650.0,58333.0,52000.0,65750.0,55667.0,65000.0,60000.0,65000.0,59333.0,57000.0,26667.0,60000.0,53500.0,53333.0,62500.0,51000.0,60667.0,59500.0,64750.0,57500.0,59333.0,61000.0,60333.0,51000.0,58250.0,53333.0,56000.0
2025-02-03,31000.0,58200.0,52000.0,62500.0,49000.0,63333.0,57400.0,53000.0,55000.0,52500.0,59000.0,54650.0,58333.0,53000.0,65000.0,53667.0,57667.0,57333.0,65000.0,59333.0,57000.0,26667.0,62500.0,55500.0,53333.0,61000.0,51500.0,60667.0,56500.0,63000.0,52500.0,59333.0,61000.0,63667.0,56500.0,60500.0,50000.0,56167.0
2025-02-04,33000.0,57800.0,52000.0,62500.0,49500.0,63333.0,57200.0,51333.0,54333.0,52500.0,58000.0,55400.0,58333.0,52000.0,66250.0,55333.0,57667.0,56000.0,65000.0,59333.0,58000.0,26667.0,62500.0,55500.0,52333.0,61000.0,50000.0,60000.0,54750.0,62500.0,50000.0,56667.0,62667.0,63667.0,53000.0,60500.0,55000.0,56500.0
2025-02-05,33000.0,56200.0,52000.0,62500.0,49875.0,63333.0,55400.0,51333.0,54333.0,52500.0,58000.0,53400.0,57333.0,54000.0,66250.0,54667.0,59333.0,56000.0,62500.0,59333.0,58000.0,26667.0,62500.0,53000.0,51667.0,61000.0,50000.0,60000.0,53750.0,65000.0,50000.0,59333.0,62667.0,62833.0,53500.0,56600.0,50000.0,54500.0
2025-02-06,33000.0,54000.0,50000.0,62500.0,50750.0,63333.0,56200.0,50667.0,51667.0,52500.0,59667.0,52900.0,53000.0,53000.0,59250.0,51333.0,58333.0,54667.0,62500.0,59333.0,58000.0,26933.0,62500.0,53000.0,51667.0,58000.0,47500.0,60000.0,54000.0,65000.0,50000.0,58667.0,62000.0,62833.0,51800.0,56600.0,51667.0,52667.0
2025-02-07,33000.0,54800.0,50000.0,62500.0,50750.0,60000.0,55800.0,51667.0,51667.0,52500.0,59667.0,48900.0,53000.0,52000.0,59250.0,50667.0,58333.0,54667.0,62500.0,59333.0,58000.0,26667.0,60000.0,53000.0,51000.0,58000.0,47500.0,60000.0,52500.0,65000.0,48000.0,56667.0,62000.0,62000.0,51000.0,56600.0,50000.0,54167.0
2025-02-08,33000.0,53600.0,50000.0,62500.0,50750.0,60000.0,55800.0,51667.0,51667.0,52500.0,59667.0,47250.0,53000.0,52000.0,59250.0,50000.0,56667.0,54667.0,62500.0,57667.0,56500.0,26667.0,60000.0,52500.0,51000.0,58000.0,47500.0,60000.0,51250.0,66250.0,48000.0,55000.0,62000.0,63333.0,50000.0,56600.0,52667.0,52500.0
2025-02-09,33000.0,51800.0,50000.0,62500.0,50500.0,60000.0,55800.0,48333.0,51833.0,52500.0,59667.0,46900.0,53000.0,52000.0,59250.0,50000.0,55000.0,53333.0,62500.0,57000.0,56500.0,26667.0,60000.0,55000.0,48333.0,58000.0,47500.0,60000.0,51250.0,66250.0,48000.0,49333.0,60667.0,61667.0,49000.0,56600.0,51667.0,51500.0
2025-02-10,33000.0,48400.0,45000.0,50000.0,50750.0,55000.0,54200.0,45667.0,50000.0,52500.0,75667.0,44825.0,50000.0,48600.0,58000.0,46333.0,52000.0,55667.0,62500.0,56333.0,56500.0,28333.0,47500.0,52500.0,48333.0,52500.0,47000.0,55667.0,46750.0,65625.0,42000.0,47000.0,55667.0,56333.0,49500.0,51100.0,42667.0,52167.0
2025-02-11,33000.0,49000.0,45000.0,50000.0,50750.0,55000.0,53000.0,45667.0,46333.0,52500.0,74000.0,44250.0,50000.0,48200.0,54750.0,47000.0,53000.0,55000.0,57500.0,54000.0,51500.0,28333.0,47500.0,47500.0,47667.0,53500.0,45500.0,55667.0,48750.0,60625.0,47500.0,46667.0,55667.0,56333.0,47500.0,51100.0,47667.0,51333.0
2025-02-12,33000.0,47600.0,45000.0,50000.0,51000.0,55000.0,52400.0,45667.0,47667.0,51250.0,75667.0,45650.0,45000.0,48200.0,51500.0,47000.0,53000.0,55000.0,57500.0,54333.0,51500.0,28333.0,47500.0,47500.0,46667.0,53500.0,46000.0,53333.0,46750.0,60625.0,46500.0,47667.0,55000.0,56333.0,46500.0,50200.0,45000.0,49333.0
2025-02-13,33000.0,50000.0,40000.0,50000.0,50000.0,55000.0,52800.0,45667.0,47667.0,51250.0,75667.0,48075.0,45000.0,48000.0,50500.0,48667.0,54000.0,54333.0,57500.0,53333.0,51500.0,28333.0,45000.0,47500.0,46667.0,52500.0,46000.0,53333.0,47750.0,55625.0,46500.0,47667.0,53667.0,53000.0,46500.0,50200.0,45000.0,49000.0
2025-02-14,33000.0,51200.0,40000.0,50000.0,50125.0,49333.0,52800.0,44333.0,47000.0,51250.0,74000.0,49400.0,47667.0,48000.0,51000.0,48667.0,52667.0,54667.0,57500.0,53667.0,51500.0,28333.0,50000.0,47500.0,46000.0,52500.0,46500.0,52333.0,49000.0,55625.0,47500.0,49333.0,54333.0,53000.0,46500.0,50200.0,45000.0,50000.0
2025-02-15,33000.0,55600.0,51000.0,50000.0,49875.0,49333.0,52800.0,44333.0,49333.0,51250.0,70667.0,51075.0,47667.0,47000.0,50875.0,50667.0,52000.0,54667.0,60000.0,55333.0,51500.0,28333.0,50000.0,52500.0,46000.0,52500.0,46500.0,53333.0,50250.0,58125.0,50500.0,49333.0,54333.0,53000.0,47500.0,50200.0,46667.0,49000.0
2025-02-16,33000.0,54200.0,51000.0,50000.0,50000.0,49333.0,52800.0,44333.0,49333.0,51250.0,65333.0,50575.0,47667.0,47000.0,50875.0,50000.0,51667.0,50000.0,60000.0,54000.0,51500.0,28333.0,50000.0,52500.0,45333.0,52500.0,46500.0,53333.0,50750.0,58125.0,53000.0,50000.0,54333.0,52167.0,46500.0,50200.0,45000.0,49000.0
2025-02-17,33000.0,55200.0,48500.0,62500.0,49500.0,50000.0,52600.0,50667.0,50667.0,52500.0,58667.0,51000.0,50667.0,50000.0,49750.0,49333.0,55000.0,50000.0,57500.0,54000.0,51500.0,40000.0,50000.0,47500.0,46000.0,55000.0,48500.0,53333.0,52750.0,53750.0,51000.0,53000.0,56000.0,51333.0,47500.0,51400.0,45000.0,56167.0
2025-02-18,35000.0,55200.0,47500.0,62500.0,49625.0,58333.0,57200.0,52333.0,59000.0,52500.0,58667.0,52650.0,50667.0,52500.0,49625.0,52667.0,61000.0,52000.0,62500.0,55667.0,48500.0,41333.0,50000.0,50000.0,46000.0,57500.0,50750.0,53333.0,55500.0,55000.0,56500.0,57000.0,58667.0,48833.0,46500.0,51400.0,46667.0,55833.0
2025-02-19,35000.0,57400.0,57500.0,62500.0,49625.0,58333.0,59600.0,60667.0,61000.0,57500.0,58667.0,59325.0,62333.0,53000.0,59312.0,60000.0,70000.0,67000.0,65000.0,60667.0,48500.0,41333.0,45000.0,55000.0,51000.0,62500.0,52250.0,53333.0,63000.0,55000.0,59500.0,65333.0,61333.0,48833.0,51000.0,56900.0,48333.0,58667.0
2025-02-20,35000.0,63600.0,59000.0,62500.0,57250.0,61667.0,64600.0,64000.0,66000.0,62500.0,70667.0,62400.0,62333.0,53000.0,62250.0,66667.0,74333.0,68667.0,75000.0,68333.0,52500.0,41333.0,45000.0,55000.0,54333.0,65000.0,63500.0,56667.0,67000.0,60000.0,70000.0,71333.0,63333.0,48833.0,57500.0,56900.0,58333.0,59167.0
2025-02-21,35000.0,70400.0,59000.0,62500.0,56875.0,63333.0,68800.0,64000.0,70000.0,72500.0,69333.0,65900.0,71667.0,53000.0,62250.0,66667.0,74000.0,69333.0,77500.0,69667.0,52500.0,41333.0,72500.0,60000.0,58333.0,65000.0,65500.0,58333.0,69500.0,60000.0,72500.0,74333.0,66667.0,50833.0,56500.0,66350.0,71667.0,65833.0
2025-02-22,35000.0,69600.0,59000.0,62500.0,56750.0,63333.0,70000.0,64000.0,70000.0,72500.0,69333.0,68500.0,71667.0,55000.0,63750.0,70667.0,75000.0,69333.0,77500.0,70667.0,52500.0,41333.0,72500.0,66000.0,60000.0,65000.0,65500.0,65000.0,70250.0,60000.0,73500.0,75667.0,67000.0,52500.0,60000.0,70250.0,70000.0,66667.0
2025-02-23,35000.0,70600.0,59000.0,62500.0,56500.0,63333.0,72800.0,66667.0,73333.0,72500.0,69333.0,68825.0,71667.0,57200.0,63750.0,74333.0,77667.0,69333.0,77500.0,72333.0,52500.0,41333.0,72500.0,66000.0,60000.0,65000.0,66000.0,65000.0,72250.0,60000.0,73500.0,75000.0,67000.0,54167.0,60000.0,70250.0,49000.0,69667.0
2025-02-24,35000.0,78400.0,67500.0,72500.0,63750.0,70000.0,82200.0,76667.0,76000.0,70000.0,69333.0,74000.0,83333.0,64800.0,63750.0,79333.0,84333.0,73000.0,77500.0,79333.0,52500.0,41333.0,87500.0,80000.0,61667.0,82500.0,75000.0,67667.0,78500.0,63125.0,76500.0,78333.0,75667.0,62500.0,70000.0,75300.0,78333.0,80667.0
2025-02-25,32500.0,85600.0,75000.0,72500.0,63500.0,70000.0,89400.0,90000.0,79333.0,70000.0,69333.0,79250.0,83333.0,76000.0,67500.0,91000.0,89333.0,77667.0,80000.0,79333.0,71000.0,41333.0,87500.0,80000.0,64000.0,82500.0,78500.0,67667.0,85250.0,66250.0,90000.0,90667.0,89333.0,69167.0,80000.0,88950.0,83333.0,79000.0
2025-02-26,32500.0,91600.0,82000.0,72500.0,62875.0,91667.0,91800.0,90000.0,90333.0,70000.0,69333.0,79750.0,86667.0,81200.0,73750.0,91000.0,93333.0,83667.0,85000.0,85000.0,71000.0,41333.0,87500.0,85000.0,66667.0,90000.0,80000.0,85000.0,89500.0,80000.0,90000.0,91667.0,89667.0,75833.0,82500.0,90450.0,85000.0,81667.0
2025-02-27,32500.0,78000.0,82000.0,82500.0,80000.0,93333.0,85400.0,85000.0,88667.0,70000.0,71000.0,80250.0,93333.0,81200.0,80250.0,81667.0,90667.0,83667.0,85000.0,84333.0,71000.0,41333.0,87500.0,97500.0,73333.0,90000.0,75500.0,85333.0,85000.0,81250.0,77500.0,90000.0,94667.0,75833.0,82500.0,80200.0,86667.0,78333.0
2025-02-28,32500.0,75400.0,83500.0,82500.0,80125.0,90333.0,77600.0,85000.0,72333.0,70000.0,71000.0,74500.0,93333.0,81000.0,80250.0,73333.0,88333.0,71667.0,87500.0,81667.0,71000.0,46000.0,82500.0,80500.0,73333.0,90000.0,69500.0,80667.0,77250.0,90000.0,73500.0,76333.0,91667.0,85833.0,80000.0,80200.0,88333.0,79167.0
2025-03-01,32500.0,83800.0,83500.0,82500.0,80125.0,90333.0,77600.0,85000.0,76667.0,72500.0,71000.0,75750.0,93333.0,78600.0,78250.0,78333.0,82667.0,71667.0,87500.0,81667.0,71000.0,50000.0,82500.0,73000.0,73333.0,90000.0,69500.0,80667.0,81500.0,90000.0,84000.0,75333.0,91667.0,83333.0,78500.0,80200.0,85000.0,78833.0
2025-03-02,32500.0,85600.0,83500.0,82500.0,79625.0,90333.0,86600.0,76667.0,80333.0,72500.0,71000.0,83650.0,90667.0,76200.0,78250.0,85000.0,90000.0,71667.0,100000.0,92667.0,71000.0,50000.0,82500.0,80000.0,75000.0,90000.0,74000.0,80667.0,85000.0,87500.0,88500.0,85667.0,95000.0,83333.0,75000.0,80200.0,93333.0,90833.0
2025-03-03,32500.0,95400.0,94500.0,110000.0,105250.0,105000.0,114000.0,95000.0,103333.0,115000.0,74667.0,92625.0,99333.0,82000.0,83250.0,110000.0,110000.0,83333.0,107500.0,104333.0,71000.0,51667.0,120000.0,107000.0,100000.0,110000.0,104000.0,116667.0,105500.0,92500.0,110000.0,101667.0,99333.0,104000.0,86500.0,80200.0,121667.0,100833.0
2025-03-04,32500.0,91600.0,93500.0,100000.0,106250.0,101667.0,104200.0,88333.0,82333.0,115000.0,80333.0,83500.0,98333.0,96600.0,79500.0,91667.0,105000.0,93333.0,102500.0,97333.0,71000.0,56667.0,120000.0,107000.0,100000.0,110000.0,88500.0,116667.0,92500.0,97000.0,95000.0,91667.0,96000.0,104167.0,89000.0,90000.0,118333.0,92500.0
2025-03-05,32500.0,77400.0,92500.0,100000.0,106625.0,100000.0,85000.0,76667.0,71333.0,115000.0,82000.0,71750.0,98333.0,92000.0,75000.0,72667.0,90000.0,86667.0,90000.0,83333.0,85000.0,57333.0,122500.0,70000.0,100000.0,92500.0,69500.0,116667.0,75000.0,90750.0,69000.0,79333.0,90333.0,104167.0,91500.0,90000.0,86667.0,72000.0
2025-03-06,32500.0,71000.0,80000.0,100000.0,66250.0,95000.0,70000.0,63333.0,60000.0,115000.0,82000.0,63500.0,67667.0,80000.0,68750.0,61667.0,76000.0,86667.0,77500.0,73833.0,85000.0,65000.0,122500.0,66500.0,90000.0,82500.0,59500.0,120000.0,64500.0,89500.0,62000.0,69333.0,82333.0,103333.0,62500.0,79000.0,75000.0,65333.0
2025-03-07,32500.0,76600.0,80000.0,100000.0,66500.0,95000.0,65000.0,60000.0,65000.0,115000.0,80333.0,64150.0,67333.0,64400.0,68750.0,66667.0,76000.0,70000.0,82500.0,66267.0,85000.0,66000.0,77500.0,65000.0,89333.0,80000.0,64000.0,81667.0,65250.0,81375.0,67500.0,71667.0,83000.0,102500.0,60000.0,79000.0,73333.0,67500.0
2025-03-08,32500.0,79800.0,77500.0,100000.0,66500.0,95000.0,71600.0,60000.0,80000.0,110000.0,80333.0,69900.0,67333.0,64000.0,68750.0,79333.0,85000.0,71667.0,90000.0,72667.0,85000.0,66000.0,77500.0,75000.0,84333.0,80000.0,77000.0,81667.0,78250.0,75000.0,78500.0,80000.0,83000.0,100000.0,65000.0,73000.0,96667.0,72500.0
2025-03-09,32500.0,79800.0,77500.0,90000.0,66500.0,95000.0,73200.0,60000.0,77000.0,87500.0,80333.0,72150.0,67333.0,65000.0,68750.0,78667.0,81667.0,71667.0,90000.0,72667.0,85000.0,66000.0,77500.0,72500.0,84333.0,80000.0,75500.0,81667.0,76000.0,75000.0,76500.0,76333.0,86000.0,100000.0,68000.0,73000.0,90000.0,71667.0
2025-03-10,32500.0,76200.0,66000.0,90000.0,72000.0,95000.0,73800.0,71333.0,75667.0,87500.0,80333.0,73200.0,74667.0,68000.0,72000.0,75000.0,80667.0,71000.0,87500.0,77333.0,85000.0,65000.0,77500.0,72500.0,76667.0,80000.0,75500.0,82667.0,75000.0,74375.0,71500.0,76667.0,80000.0,92500.0,75000.0,73000.0,83333.0,70500.0
2025-03-11,32500.0,84600.0,72500.0,90000.0,72125.0,95000.0,75400.0,78333.0,78000.0,78750.0,97333.0,73500.0,74667.0,73000.0,71500.0,75667.0,83333.0,71000.0,87500.0,79000.0,80000.0,65000.0,77500.0,72500.0,75667.0,80000.0,74000.0,80667.0,75750.0,74375.0,74500.0,80000.0,81667.0,88333.0,75000.0,73000.0,83333.0,72167.0
2025-03-12,32500.0,80800.0,75000.0,80000.0,72375.0,86667.0,77600.0,78333.0,80000.0,78750.0,97333.0,77500.0,86333.0,74000.0,72562.0,79333.0,89333.0,75333.0,85000.0,84333.0,80000.0,60000.0,77500.0,72500.0,75667.0,80000.0,75000.0,81667.0,83750.0,80625.0,78500.0,83000.0,81667.0,85833.0,75000.0,75000.0,88333.0,76167.0
2025-03-13,32500.0,88600.0,74000.0,80000.0,88000.0,86667.0,91200.0,86667.0,84333.0,81250.0,93333.0,78250.0,86333.0,79000.0,70562.0,87667.0,90000.0,82000.0,92500.0,92333.0,80000.0,60000.0,77500.0,85000.0,81667.0,80000.0,83000.0,83333.0,83750.0,82500.0,85500.0,82333.0,81667.0,86833.0,77500.0,80000.0,98333.0,76167.0
2025-03-14,32500.0,95200.0,75000.0,80000.0,87625.0,86667.0,96600.0,83333.0,84000.0,81250.0,90000.0,77650.0,87000.0,78600.0,78062.0,85667.0,90000.0,82000.0,92500.0,91667.0,80000.0,62667.0,85000.0,80000.0,84333.0,80000.0,84000.0,82000.0,83250.0,82500.0,84500.0,86667.0,81333.0,86000.0,79000.0,80000.0,95000.0,82833.0
2025-03-15,32500.0,96200.0,75000.0,80000.0,86750.0,86667.0,86000.0,83333.0,85333.0,81250.0,90000.0,76400.0,87000.0,76400.0,78062.0,89333.0,90000.0,84333.0,92500.0,91333.0,80000.0,61667.0,85000.0,85000.0,84333.0,80000.0,84000.0,82000.0,89000.0,82500.0,86500.0,87667.0,81333.0,86833.0,79000.0,80000.0,91667.0,82500.0
2025-03-16,32500.0,97200.0,75000.0,80000.0,86750.0,86667.0,83200.0,83333.0,82667.0,81250.0,89667.0,76650.0,86667.0,77600.0,78812.0,82667.0,90000.0,86000.0,92500.0,93667.0,80000.0,61667.0,85000.0,85000.0,82333.0,80000.0,78000.0,82000.0,84500.0,84250.0,86500.0,84667.0,82667.0,86833.0,79000.0,82000.0,88333.0,81167.0
2025-03-17,32500.0,95000.0,80000.0,80000.0,85000.0,86667.0,82600.0,79667.0,81667.0,81250.0,89667.0,76150.0,85333.0,77600.0,77562.0,82667.0,90000.0,78333.0,85000.0,88333.0,80000.0,63000.0,80000.0,80000.0,79333.0,82500.0,77500.0,83000.0,84500.0,86750.0,81500.0,85667.0,86333.0,86667.0,82500.0,82000.0,90000.0,79833.0
2025-03-18,32500.0,97000.0,81500.0,80000.0,84625.0,82000.0,79400.0,81667.0,83000.0,81250.0,89667.0,75650.0,85333.0,77600.0,76562.0,80000.0,88333.0,85000.0,85000.0,86667.0,80000.0,63333.0,80000.0,82500.0,79333.0,82500.0,77500.0,83000.0,83250.0,86750.0,82000.0,88667.0,89333.0,87500.0,82500.0,82000.0,88333.0,80500.0
2025-03-19,32500.0,104400.0,81500.0,80000.0,84250.0,82000.0,85600.0,85000.0,85000.0,81250.0,89667.0,81000.0,89333.0,78600.0,76562.0,88333.0,90000.0,86667.0,85000.0,87333.0,80000.0,64333.0,85000.0,85000.0,79333.0,82500.0,82000.0,80000.0,87500.0,91250.0,83000.0,86333.0,91000.0,86667.0,82000.0,82000.0,86667.0,80000.0
2025-03-20,32500.0,105000.0,78500.0,80000.0,86500.0,82000.0,86400.0,83333.0,83667.0,80000.0,90000.0,79650.0,89333.0,82800.0,76562.0,81667.0,90000.0,88333.0,85000.0,87333.0,80000.0,63667.0,85000.0,85000.0,79333.0,82500.0,85000.0,77667.0,85000.0,90000.0,82500.0,87333.0,91000.0,86667.0,80000.0,82000.0,93333.0,79667.0
2025-03-21,32500.0,88600.0,78500.0,80000.0,86375.0,78667.0,77200.0,80000.0,76000.0,81250.0,89667.0,76500.0,82333.0,83000.0,76500.0,77000.0,88333.0,83333.0,85000.0,85000.0,85000.0,63667.0,82500.0,77500.0,79333.0,80000.0,70000.0,77667.0,82000.0,90000.0,77000.0,83333.0,86333.0,87500.0,82500.0,75000.0,83333.0,74000.0
2025-03-22,32500.0,90600.0,78500.0,80000.0,86375.0,78667.0,76200.0,78333.0,76000.0,81250.0,86333.0,76500.0,82333.0,77000.0,76500.0,76000.0,85000.0,83333.0,82500.0,84000.0,85000.0,63667.0,82500.0,75500.0,82000.0,80000.0,77500.0,78333.0,81500.0,90000.0,76500.0,80000.0,89000.0,86667.0,80000.0,75000.0,83333.0,74833.0
2025-03-23,32500.0,92600.0,78500.0,80000.0,86250.0,78667.0,76200.0,76667.0,77000.0,81250.0,86667.0,76750.0,82333.0,75800.0,76500.0,75000.0,85000.0,83333.0,82500.0,81000.0,85000.0,63000.0,82500.0,75500.0,83333.0,80000.0,82500.0,78333.0,78000.0,86625.0,78000.0,76667.0,89000.0,88333.0,80000.0,73000.0,81667.0,74500.0
2025-03-24,32500.0,104000.0,78500.0,80000.0,80250.0,78667.0,74000.0,78667.0,77667.0,81250.0,86333.0,76750.0,84000.0,76000.0,73250.0,80000.0,85000.0,83333.0,85000.0,82667.0,82500.0,63000.0,82500.0,80000.0,83333.0,77500.0,82500.0,82333.0,77500.0,85000.0,80000.0,81667.0,90000.0,84167.0,80000.0,73000.0,78333.0,77500.0
2025-03-25,32500.0,103000.0,83500.0,80000.0,80750.0,80333.0,85400.0,81667.0,83000.0,75000.0,86333.0,78500.0,84000.0,75600.0,76250.0,80667.0,90000.0,83333.0,85000.0,84333.0,82500.0,62000.0,82500.0,80000.0,81667.0,77500.0,82500.0,82333.0,83250.0,87500.0,84500.0,87333.0,92000.0,83833.0,80000.0,73000.0,86667.0,78333.0
2025-03-26,32500.0,102200.0,83500.0,80000.0,81375.0,80000.0,84000.0,83333.0,81667.0,76250.0,83667.0,77750.0,86667.0,76600.0,74500.0,85667.0,90000.0,83333.0,85000.0,82667.0,82500.0,62000.0,85000.0,80000.0,81667.0,77500.0,82500.0,84000.0,84000.0,93125.0,85500.0,85667.0,92000.0,85000.0,77500.0,73000.0,88333.0,77500.0
2025-03-27,32500.0,100000.0,83500.0,80000.0,80000.0,80000.0,84400.0,83333.0,81667.0,76250.0,83667.0,79500.0,88333.0,77600.0,71500.0,83333.0,90000.0,82667.0,85000.0,84333.0,82500.0,62000.0,85500.0,80000.0,81667.0,77500.0,83000.0,83333.0,84500.0,92625.0,83500.0,87333.0,92000.0,85833.0,77500.0,73000.0,93333.0,76500.0
2025-03-28,32500.0,100000.0,83500.0,80000.0,80000.0,80000.0,82400.0,83333.0,80000.0,76250.0,80000.0,79500.0,87333.0,77600.0,71500.0,77667.0,90000.0,82667.0,85000.0,80667.0,82500.0,62000.0,87500.0,80000.0,81667.0,80000.0,83000.0,83333.0,81952.0,92625.0,83500.0,85000.0,91000.0,85333.0,80000.0,73000.0,86667.0,68667.0
2025-03-29,32500.0,99000.0,83500.0,80000.0,80000.0,80000.0,79600.0,80000.0,70000.0,76250.0,80000.0,74250.0,89333.0,73400.0,71500.0,67333.0,90000.0,82667.0,85000.0,81667.0,82500.0,62000.0,87500.0,77500.0,75667.0,80000.0,83000.0,83333.0,78250.0,88250.0,74000.0,76667.0,85000.0,85333.0,75000.0,68300.0,81667.0,69500.0
2025-03-30,32500.0,96000.0,83500.0,95000.0,80000.0,80000.0,80600.0,95000.0,91667.0,76250.0,80000.0,81250.0,89333.0,73000.0,71500.0,89667.0,113333.0,82667.0,85000.0,92900.0,82500.0,62000.0,87500.0,95000.0,74000.0,80000.0,83500.0,83333.0,87500.0,90125.0,92500.0,103333.0,95000.0,85333.0,75000.0,70800.0,118333.0,94167.0
2025-03-31,32500.0,96000.0,83500.0,95000.0,80000.0,80000.0,80600.0,95000.0,91667.0,76250.0,80000.0,81250.0,89333.0,74000.0,71500.0,89667.0,113333.0,82667.0,85000.0,90567.0,82500.0,62000.0,87500.0,95000.0,74000.0,80000.0,83500.0,83333.0,87500.0,90500.0,92500.0,111667.0,95000.0,85333.0,74000.0,70800.0,118333.0,94167.0
2025-04-01,32500.0,95800.0,83500.0,105000.0,80000.0,80000.0,88600.0,95000.0,91667.0,76250.0,80000.0,81250.0,89333.0,74000.0,71500.0,89667.0,141667.0,82667.0,85000.0,90900.0,82500.0,62000.0,87500.0,95000.0,74000.0,80000.0,85000.0,83333.0,107500.0,91500.0,105000.0,111667.0,95000.0,85333.0,72500.0,70800.0,118333.0,94167.0
2025-04-02,32333.0,99000.0,83500.0,95000.0,80000.0,80000.0,87600.0,93333.0,95000.0,76250.0,79333.0,81250.0,89333.0,74000.0,71500.0,111667.0,118333.0,86000.0,85000.0,101333.0,82500.0,62000.0,87500.0,115000.0,74000.0,80000.0,87500.0,83333.0,105750.0,90750.0,120000.0,116667.0,95000.0,85333.0,72500.0,70800.0,95000.0,94167.0
2025-04-03,32333.0,99000.0,83500.0,60000.0,80000.0,80000.0,87600.0,85000.0,83333.0,76250.0,79333.0,81250.0,89333.0,78000.0,71500.0,63333.0,88333.0,86667.0,82500.0,88000.0,82500.0,62000.0,87500.0,115000.0,72333.0,72500.0,74000.0,78333.0,79500.0,87000.0,63000.0,100000.0,85000.0,85333.0,75000.0,70800.0,80000.0,74167.0
2025-04-04,32333.0,93000.0,80000.0,70000.0,80000.0,80000.0,85600.0,85000.0,66667.0,77500.0,79333.0,64250.0,89333.0,78000.0,71500.0,51667.0,70000.0,78333.0,82500.0,62333.0,82500.0,62000.0,55000.0,75000.0,71667.0,72500.0,50000.0,75000.0,70000.0,79500.0,54000.0,71667.0,80000.0,84500.0,72500.0,70800.0,71667.0,67500.0
2025-04-05,32333.0,76800.0,80000.0,65000.0,80000.0,80000.0,66600.0,85000.0,73333.0,77500.0,79333.0,66000.0,89333.0,54200.0,71500.0,67000.0,71667.0,76667.0,72500.0,63333.0,82500.0,62000.0,55000.0,65000.0,71667.0,67500.0,68000.0,75667.0,71250.0,77000.0,63000.0,73333.0,86000.0,82833.0,65000.0,70800.0,70000.0,71667.0
2025-04-06,32333.0,87000.0,80000.0,80000.0,80000.0,80000.0,69000.0,86667.0,85000.0,77500.0,79667.0,77500.0,89333.0,46600.0,71500.0,85333.0,90000.0,76667.0,77500.0,80000.0,82500.0,48000.0,55000.0,65000.0,73333.0,67500.0,80000.0,71667.0,83750.0,75500.0,73500.0,96667.0,93333.0,82833.0,67500.0,68300.0,76667.0,73333.0
2025-04-07,32333.0,94000.0,80000.0,85000.0,80000.0,80000.0,74000.0,86667.0,85667.0,77500.0,79667.0,79250.0,89333.0,52000.0,71500.0,72333.0,90000.0,76667.0,77500.0,83333.0,82500.0,48333.0,55000.0,79000.0,73333.0,67500.0,80000.0,71667.0,78750.0,76750.0,77000.0,84667.0,94000.0,84000.0,70000.0,68300.0,80000.0,73667.0
2025-04-08,32333.0,91000.0,65000.0,80000.0,78125.0,74333.0,72600.0,81667.0,83333.0,77500.0,79667.0,77750.0,80000.0,52000.0,60750.0,72333.0,83333.0,75000.0,77500.0,80000.0,82500.0,50000.0,55000.0,71500.0,73333.0,70000.0,74000.0,76667.0,75500.0,76750.0,60000.0,90000.0,91667.0,82833.0,71000.0,68300.0,83333.0,69500.0
2025-04-09,32333.0,91800.0,65000.0,65000.0,75625.0,74333.0,70600.0,80000.0,84000.0,75000.0,80000.0,77250.0,80000.0,61000.0,74712.0,71667.0,83333.0,83333.0,77500.0,80333.0,77000.0,50000.0,62500.0,71500.0,73333.0,67500.0,73500.0,75000.0,75000.0,78750.0,67500.0,81667.0,92667.0,82500.0,71000.0,68300.0,83333.0,69833.0
2025-04-10,32500.0,90800.0,71000.0,75000.0,74500.0,77000.0,70400.0,86667.0,87667.0,75000.0,80000.0,79500.0,80000.0,68000.0,74712.0,79333.0,83333.0,83333.0,77500.0,80000.0,77000.0,50000.0,62500.0,70000.0,74000.0,67500.0,77000.0,76000.0,77500.0,75000.0,77500.0,83333.0,94333.0,82500.0,70000.0,68300.0,85000.0,68833.0
2025-04-11,32500.0,88000.0,75000.0,75000.0,74500.0,77000.0,71800.0,86667.0,89333.0,75000.0,80000.0,83250.0,80000.0,69000.0,74212.0,81333.0,88333.0,90000.0,80000.0,80000.0,77000.0,49000.0,75000.0,71500.0,74000.0,67500.0,77000.0,76000.0,83000.0,75625.0,75000.0,88333.0,93333.0,82500.0,72500.0,68300.0,85000.0,73833.0
2025-04-12,32500.0,87600.0,75000.0,75000.0,74500.0,77000.0,70800.0,88333.0,90000.0,75000.0,80000.0,83250.0,80000.0,69000.0,74212.0,85333.0,90000.0,90000.0,80000.0,83000.0,77000.0,49000.0,75000.0,71500.0,74000.0,67500.0,76000.0,75000.0,81750.0,75625.0,77500.0,92333.0,93333.0,82500.0,75000.0,68300.0,86667.0,74500.0
2025-04-13,32500.0,87000.0,75000.0,75000.0,74375.0,77000.0,70800.0,88333.0,86000.0,75000.0,79667.0,80000.0,81667.0,69800.0,74212.0,79000.0,88333.0,96667.0,80000.0,83667.0,77500.0,49000.0,75000.0,71500.0,76000.0,67500.0,76000.0,75000.0,78750.0,74375.0,77500.0,87333.0,91667.0,81667.0,74000.0,68300.0,83333.0,74167.0
2025-04-14,32500.0,85600.0,67500.0,70000.0,69750.0,75000.0,62600.0,76667.0,72000.0,73750.0,79667.0,69500.0,73333.0,72200.0,64712.0,63333.0,72667.0,83333.0,70000.0,77667.0,77500.0,49167.0,67500.0,67500.0,77667.0,65000.0,64000.0,67667.0,68250.0,74375.0,60000.0,78333.0,86000.0,78667.0,70000.0,60900.0,73333.0,73333.0
2025-04-15,32500.0,84000.0,70000.0,70000.0,70000.0,72000.0,63000.0,76667.0,73333.0,75000.0,73000.0,77000.0,73333.0,73200.0,68500.0,69333.0,77667.0,80333.0,70000.0,74000.0,75500.0,52000.0,67500.0,75000.0,78333.0,65000.0,67500.0,69667.0,71000.0,74375.0,62500.0,78333.0,86000.0,78833.0,70000.0,60900.0,80000.0,74500.0
2025-04-16,32500.0,83600.0,70000.0,70000.0,70000.0,72000.0,63600.0,78333.0,74667.0,72500.0,73000.0,74500.0,73333.0,72200.0,71000.0,67333.0,71667.0,82000.0,70000.0,76000.0,75500.0,52000.0,72500.0,75000.0,78333.0,65000.0,71000.0,74000.0,71000.0,73125.0,60000.0,76667.0,86000.0,72667.0,70000.0,60900.0,78333.0,70000.0
2025-04-17,32500.0,77000.0,70000.0,70000.0,61500.0,67000.0,57200.0,66667.0,68000.0,67500.0,73000.0,61450.0,64667.0,73200.0,71000.0,55333.0,72667.0,82000.0,67500.0,76167.0,75500.0,55667.0,72500.0,79000.0,78333.0,65000.0,63500.0,75000.0,59750.0,71250.0,40000.0,73333.0,80000.0,72667.0,70000.0,60900.0,75000.0,57333.0
2025-04-18,32500.0,70000.0,65000.0,70000.0,61500.0,67000.0,54200.0,60000.0,57333.0,67500.0,73000.0,50500.0,64667.0,73200.0,71000.0,47667.0,61667.0,78667.0,62500.0,76167.0,75500.0,56333.0,50000.0,69000.0,78333.0,65000.0,63500.0,75000.0,56000.0,71250.0,40000.0,60667.0,80000.0,73000.0,70000.0,60900.0,63333.0,58333.0
2025-04-19,32500.0,72000.0,65000.0,70000.0,61750.0,67000.0,59200.0,60000.0,55333.0,67500.0,73000.0,53250.0,64667.0,55400.0,71000.0,58667.0,60000.0,78667.0,57500.0,69333.0,60000.0,57000.0,50000.0,69000.0,73333.0,65000.0,50000.0,72333.0,53500.0,72500.0,44000.0,62333.0,76000.0,73000.0,67500.0,60900.0,63333.0,57667.0
2025-04-20,32500.0,72000.0,65000.0,70000.0,61750.0,67000.0,59200.0,60000.0,53333.0,65000.0,73000.0,50750.0,64667.0,51000.0,71000.0,52000.0,60000.0,78667.0,62500.0,67000.0,56500.0,57000.0,50000.0,57500.0,70000.0,65000.0,50000.0,72333.0,49250.0,72500.0,41000.0,59333.0,76000.0,71333.0,62500.0,60900.0,61667.0,54500.0
2025-04-21,32500.0,67400.0,36000.0,45000.0,47500.0,52000.0,48400.0,48333.0,45000.0,63750.0,79667.0,47650.0,46000.0,52600.0,55500.0,46667.0,56000.0,55000.0,52500.0,59000.0,56500.0,58667.0,50000.0,50000.0,70000.0,45000.0,49500.0,55333.0,40000.0,72500.0,35000.0,51667.0,65333.0,66167.0,55000.0,40900.0,60667.0,49833.0
2025-04-22,32500.0,60000.0,36000.0,45000.0,47500.0,40000.0,40000.0,48333.0,41667.0,61250.0,79667.0,41250.0,46000.0,45600.0,55250.0,43333.0,54333.0,50000.0,52500.0,55333.0,56500.0,59333.0,50000.0,50000.0,70000.0,45000.0,42000.0,55333.0,43750.0,55500.0,33500.0,48333.0,65000.0,66167.0,50000.0,33400.0,60000.0,49500.0
2025-04-23,32500.0,54800.0,30000.0,42500.0,47250.0,40000.0,38600.0,41667.0,41000.0,60000.0,64667.0,37750.0,43333.0,44700.0,55500.0,38667.0,50000.0,46667.0,52500.0,50667.0,50500.0,59667.0,50000.0,42500.0,66667.0,40000.0,38500.0,53667.0,38750.0,53750.0,32000.0,41000.0,63333.0,58667.0,50000.0,33400.0,53333.0,42333.0
2025-04-24,32500.0,53800.0,30000.0,42500.0,37500.0,40000.0,37800.0,36667.0,39333.0,60000.0,64667.0,37000.0,43333.0,43100.0,51500.0,40000.0,42667.0,46333.0,52500.0,49000.0,45000.0,60667.0,50000.0,42500.0,65000.0,40000.0,37500.0,50667.0,37500.0,53750.0,31000.0,40667.0,63333.0,54833.0,50000.0,33400.0,48333.0,41500.0
2025-04-25,32500.0,53800.0,30000.0,42500.0,37750.0,38333.0,36800.0,36667.0,38333.0,60000.0,64667.0,35500.0,40000.0,40100.0,46750.0,38667.0,42667.0,46333.0,45000.0,49000.0,45000.0,60667.0,37500.0,42500.0,61667.0,40000.0,35000.0,45000.0,33500.0,51250.0,30000.0,38000.0,62333.0,54833.0,50000.0,33400.0,50000.0,37167.0
2025-04-26,32500.0,51800.0,30000.0,42500.0,37750.0,38333.0,36000.0,36667.0,38333.0,60000.0,36667.0,33250.0,40000.0,39600.0,46750.0,31667.0,40667.0,46333.0,42500.0,46667.0,45000.0,60000.0,37500.0,44000.0,60000.0,40000.0,35000.0,45000.0,32250.0,48750.0,29000.0,36667.0,61667.0,54833.0,50000.0,33400.0,46667.0,37667.0
2025-04-27,32500.0,48200.0,30000.0,42500.0,37750.0,38333.0,36000.0,33333.0,36667.0,60000.0,36667.0,30750.0,40000.0,38000.0,46750.0,31000.0,35667.0,42333.0,38500.0,45000.0,45000.0,60000.0,37500.0,44000.0,60000.0,40000.0,29500.0,45000.0,31500.0,47500.0,28000.0,34000.0,61667.0,50667.0,50000.0,33400.0,46667.0,37667.0
2025-04-28,32500.0,38600.0,28000.0,30000.0,34750.0,36667.0,31600.0,32333.0,35000.0,42500.0,33667.0,33250.0,34667.0,37000.0,33500.0,30000.0,35000.0,39000.0,33500.0,37333.0,36500.0,61667.0,37500.0,43000.0,59333.0,32500.0,28000.0,34000.0,30250.0,43125.0,27000.0,33000.0,41333.0,48000.0,40000.0,31900.0,40000.0,39333.0
2025-04-29,32500.0,40400.0,25500.0,30000.0,35125.0,36667.0,31200.0,31333.0,35667.0,42500.0,33667.0,33075.0,34667.0,34600.0,34500.0,32333.0,35000.0,32000.0,33500.0,42000.0,36000.0,61333.0,37500.0,37000.0,55667.0,32500.0,31000.0,35000.0,29500.0,43125.0,29000.0,35000.0,41667.0,48000.0,40000.0,31900.0,43333.0,37667.0
2025-04-30,32500.0,38600.0,25500.0,30000.0,35625.0,36667.0,31600.0,31333.0,35667.0,32500.0,30667.0,31575.0,34000.0,34000.0,35750.0,32000.0,35000.0,32000.0,33500.0,36333.0,36000.0,61333.0,42500.0,36500.0,55667.0,32500.0,30500.0,35667.0,31750.0,49375.0,25500.0,36667.0,41333.0,48000.0,40000.0,31900.0,43333.0,36000.0
2025-05-01,32500.0,39000.0,25500.0,30000.0,36125.0,36667.0,31600.0,31333.0,35000.0,32500.0,30333.0,30325.0,34000.0,34200.0,35750.0,28667.0,35000.0,30333.0,33500.0,36000.0,36000.0,55333.0,42500.0,34000.0,54000.0,32500.0,30500.0,35667.0,30750.0,43000.0,22500.0,34000.0,40667.0,47333.0,41500.0,31900.0,41667.0,34333.0
2025-05-02,32500.0,38200.0,25500.0,27500.0,36625.0,36667.0,27600.0,31333.0,28667.0,32500.0,32333.0,28575.0,34000.0,31800.0,38250.0,28000.0,34333.0,30333.0,30000.0,35000.0,36000.0,55333.0,30000.0,34000.0,53333.0,32500.0,30500.0,38333.0,29500.0,43000.0,22500.0,32333.0,40333.0,41500.0,35000.0,26800.0,41667.0,32667.0
2025-05-03,32500.0,37800.0,25500.0,27500.0,37000.0,36667.0,27800.0,31333.0,28667.0,32500.0,32333.0,28250.0,34000.0,31800.0,38250.0,28000.0,34333.0,30333.0,27500.0,33333.0,30000.0,54333.0,30000.0,33000.0,52000.0,32500.0,29500.0,38000.0,27750.0,39250.0,24500.0,33000.0,40333.0,41500.0,34000.0,22800.0,43333.0,33167.0
2025-05-04,32500.0,37400.0,25500.0,27500.0,36875.0,36667.0,28200.0,31333.0,28333.0,32500.0,32333.0,27000.0,34000.0,31800.0,38250.0,28333.0,31333.0,30333.0,27500.0,35667.0,30000.0,54333.0,30000.0,31500.0,51333.0,32500.0,24000.0,38000.0,27750.0,39250.0,24000.0,31667.0,40000.0,39167.0,35000.0,22800.0,38333.0,33000.0
2025-05-05,32500.0,37400.0,24500.0,32500.0,31750.0,35000.0,28200.0,30667.0,28333.0,31250.0,32333.0,26900.0,31000.0,31800.0,38750.0,28333.0,30000.0,29667.0,27500.0,36333.0,30000.0,54333.0,32500.0,28750.0,49000.0,26500.0,24500.0,35000.0,26500.0,38750.0,23000.0,28333.0,39333.0,37833.0,31000.0,22800.0,36667.0,32167.0
2025-05-06,32500.0,37000.0,24000.0,32500.0,32125.0,35000.0,28000.0,29667.0,26667.0,31250.0,30333.0,27000.0,31000.0,29400.0,38500.0,28333.0,30000.0,29667.0,27500.0,36333.0,30000.0,54333.0,32500.0,31250.0,49000.0,28000.0,26000.0,31333.0,26250.0,38750.0,23000.0,27667.0,39667.0,36167.0,29000.0,22800.0,38333.0,33000.0
2025-05-07,32500.0,31600.0,24000.0,32500.0,32625.0,34000.0,26800.0,26667.0,24667.0,31250.0,30333.0,26150.0,30333.0,29800.0,38000.0,26667.0,30000.0,30000.0,27500.0,36333.0,30000.0,50000.0,32500.0,28750.0,48333.0,28000.0,24000.0,30000.0,26250.0,36250.0,21000.0,28333.0,39333.0,36167.0,29000.0,22800.0,33333.0,31000.0
2025-05-08,32500.0,31000.0,28000.0,32500.0,30500.0,34000.0,23400.0,25667.0,24667.0,31250.0,30667.0,25150.0,30333.0,29200.0,34000.0,24667.0,30667.0,30000.0,27500.0,34333.0,30000.0,50000.0,32500.0,28750.0,48333.0,27000.0,23000.0,26667.0,26750.0,35625.0,20000.0,27000.0,37667.0,35000.0,29000.0,22800.0,32333.0,29333.0
2025-05-09,32500.0,30800.0,27500.0,30000.0,30625.0,33333.0,22800.0,25667.0,24667.0,31250.0,30667.0,25150.0,28667.0,28800.0,33625.0,22667.0,30667.0,26333.0,27500.0,33333.0,30000.0,50000.0,28500.0,28750.0,47333.0,28000.0,22500.0,26667.0,26750.0,35625.0,20000.0,26667.0,37000.0,35000.0,30000.0,19300.0,30000.0,27500.0
2025-05-10,32500.0,28800.0,27500.0,30000.0,30500.0,33333.0,23200.0,25667.0,24667.0,31250.0,30667.0,25150.0,28667.0,28400.0,33625.0,23333.0,31333.0,26333.0,27000.0,33333.0,30000.0,46667.0,28500.0,30000.0,47333.0,28000.0,22500.0,26667.0,24000.0,33875.0,20000.0,27000.0,37333.0,35000.0,29000.0,19300.0,30000.0,29333.0
2025-05-11,32500.0,28800.0,27500.0,30000.0,30625.0,33333.0,23600.0,25667.0,24667.0,31250.0,30667.0,25150.0,28667.0,26200.0,33625.0,23000.0,32333.0,26333.0,29500.0,31000.0,28500.0,46667.0,28500.0,25000.0,48333.0,28000.0,22000.0,26667.0,23500.0,33250.0,20000.0,26000.0,37000.0,34500.0,30000.0,19300.0,31667.0,29667.0
2025-05-12,32500.0,28400.0,27500.0,22500.0,30875.0,33333.0,23600.0,25667.0,22667.0,31250.0,30667.0,24750.0,28667.0,25200.0,33625.0,22000.0,31333.0,25667.0,29500.0,28333.0,28500.0,46667.0,28500.0,25000.0,45667.0,28000.0,22000.0,26667.0,22250.0,33250.0,20000.0,24333.0,38000.0,33833.0,30000.0,21150.0,31667.0,28833.0
2025-05-13,32500.0,27400.0,27500.0,22500.0,30875.0,33333.0,22800.0,21000.0,22333.0,31250.0,30667.0,23650.0,28667.0,25200.0,33625.0,20667.0,30667.0,23333.0,30000.0,28333.0,27500.0,41667.0,28500.0,25000.0,45667.0,27500.0,21500.0,26667.0,21250.0,34500.0,19500.0,24000.0,31000.0,31833.0,30000.0,21150.0,30000.0,27500.0
2025-05-14,32500.0,27400.0,27000.0,22500.0,30875.0,25000.0,22000.0,20000.0,20667.0,27250.0,30667.0,22825.0,23667.0,24200.0,34250.0,21333.0,31333.0,24000.0,29500.0,27667.0,27000.0,40000.0,27500.0,26500.0,44333.0,27500.0,21000.0,26667.0,22000.0,37000.0,20500.0,22333.0,32333.0,31833.0,25000.0,18150.0,27667.0,25167.0
2025-05-15,30000.0,28000.0,27000.0,22500.0,30000.0,25000.0,23800.0,22667.0,22000.0,23750.0,30667.0,23875.0,23667.0,23800.0,33625.0,24333.0,29000.0,24000.0,29500.0,29667.0,27000.0,40000.0,27500.0,25500.0,44333.0,27500.0,21500.0,25667.0,23250.0,40000.0,22000.0,23333.0,30667.0,31833.0,25000.0,19000.0,27667.0,24667.0
2025-05-16,30000.0,27000.0,27000.0,22500.0,30250.0,25000.0,23600.0,22667.0,22000.0,23750.0,30667.0,23750.0,24667.0,23800.0,32000.0,24667.0,28000.0,24000.0,29500.0,29000.0,27000.0,40000.0,24000.0,24500.0,44000.0,26500.0,21500.0,25333.0,23000.0,41250.0,20000.0,24000.0,31000.0,31833.0,25500.0,19400.0,28333.0,24167.0
2025-05-17,30000.0,26200.0,27000.0,22500.0,30125.0,25000.0,23200.0,22667.0,22000.0,23750.0,30667.0,21750.0,24667.0,23400.0,32000.0,22333.0,26667.0,24000.0,29500.0,29000.0,27000.0,40000.0,24000.0,24000.0,43333.0,26500.0,21500.0,25333.0,22000.0,41250.0,20000.0,24667.0,31000.0,31167.0,25000.0,19400.0,28333.0,24000.0
2025-05-18,30000.0,25400.0,27000.0,22500.0,30375.0,25000.0,22800.0,22667.0,20667.0,23750.0,30667.0,22250.0,24667.0,24600.0,31250.0,21000.0,26667.0,24000.0,29500.0,29000.0,27000.0,40000.0,24000.0,24000.0,43333.0,26500.0,21500.0,25333.0,21250.0,40000.0,20000.0,24667.0,30333.0,31167.0,25500.0,19400.0,28333.0,24500.0
2025-05-19,30000.0,25800.0,19000.0,22500.0,24500.0,26000.0,22400.0,20667.0,20667.0,24250.0,30667.0,22250.0,25000.0,23000.0,30000.0,22000.0,27333.0,24000.0,29500.0,27333.0,19000.0,40000.0,23000.0,24000.0,43333.0,26500.0,21500.0,25000.0,21750.0,38750.0,17500.0,20667.0,27333.0,31167.0,25500.0,19400.0,27667.0,26500.0
2025-05-20,30000.0,26000.0,19000.0,22500.0,25125.0,26000.0,22200.0,20667.0,22333.0,21750.0,30667.0,20500.0,25000.0,23200.0,29250.0,23333.0,27333.0,24000.0,27000.0,27000.0,19000.0,36000.0,23000.0,24000.0,28333.0,26500.0,21500.0,22333.0,21500.0,37750.0,17500.0,20667.0,27333.0,31167.0,26500.0,19400.0,25667.0,27333.0
2025-05-21,30000.0,25200.0,19000.0,22500.0,25250.0,29333.0,20400.0,20000.0,22333.0,21750.0,30667.0,20500.0,22667.0,23600.0,30500.0,23000.0,26667.0,24000.0,27000.0,27000.0,19000.0,36000.0,24500.0,24000.0,27333.0,26500.0,19500.0,23667.0,23500.0,35250.0,16500.0,21333.0,27333.0,26000.0,27500.0,19400.0,26667.0,24667.0
2025-05-22,30000.0,24200.0,19000.0,22500.0,24250.0,27333.0,21000.0,20000.0,22333.0,21750.0,30667.0,20250.0,22667.0,22600.0,30250.0,22333.0,22667.0,23667.0,27000.0,26000.0,19000.0,36000.0,24500.0,24000.0,26667.0,26500.0,18500.0,25000.0,21500.0,31250.0,18000.0,22000.0,27333.0,25667.0,25000.0,19400.0,25333.0,24500.0
2025-05-23,30000.0,21800.0,19000.0,20000.0,24875.0,27333.0,20200.0,20000.0,21000.0,21500.0,31000.0,19500.0,22667.0,22600.0,27238.0,22333.0,22667.0,22667.0,27000.0,26000.0,19000.0,36000.0,20500.0,24000.0,26667.0,26500.0,18500.0,25000.0,21250.0,25500.0,18000.0,21333.0,26667.0,25333.0,24000.0,19400.0,25333.0,23000.0
2025-05-24,30000.0,21400.0,19000.0,20000.0,25000.0,27333.0,20200.0,20000.0,21000.0,21500.0,31333.0,19500.0,22667.0,22200.0,27238.0,20333.0,23333.0,22667.0,27000.0,26000.0,19000.0,36000.0,20500.0,22500.0,25667.0,26500.0,18500.0,25000.0,20500.0,24250.0,16500.0,22000.0,26667.0,25333.0,24500.0,19400.0,23333.0,22833.0
2025-05-25,30000.0,22400.0,19000.0,17500.0,25000.0,27333.0,20200.0,20000.0,21000.0,21500.0,31333.0,20000.0,22667.0,21800.0,27238.0,20333.0,22667.0,22667.0,27000.0,25667.0,18000.0,36000.0,20500.0,22500.0,25667.0,26500.0,18500.0,25000.0,20000.0,26000.0,16500.0,22000.0,26667.0,24833.0,24000.0,19400.0,24000.0,22833.0
2025-05-26,30000.0,23400.0,19000.0,20000.0,24750.0,27333.0,20600.0,22000.0,18333.0,20750.0,31333.0,20250.0,24667.0,20000.0,26475.0,21667.0,22667.0,22000.0,27500.0,25333.0,20000.0,36000.0,20500.0,22500.0,25667.0,24000.0,18500.0,25667.0,20500.0,21500.0,18000.0,20667.0,30333.0,25000.0,24500.0,20500.0,24667.0,23667.0
2025-05-27,30000.0,23200.0,19000.0,20000.0,25125.0,29000.0,21400.0,20667.0,19333.0,20750.0,30333.0,22500.0,24667.0,20400.0,28462.0,24667.0,23000.0,22333.0,27500.0,27000.0,20000.0,36000.0,20500.0,22500.0,26000.0,24000.0,19000.0,25333.0,21500.0,21500.0,20500.0,21333.0,30333.0,24167.0,24000.0,20500.0,25000.0,23667.0
2025-05-28,30000.0,23000.0,17500.0,20000.0,25500.0,28333.0,23000.0,20667.0,24000.0,21250.0,30333.0,23000.0,28333.0,21200.0,28450.0,26333.0,24000.0,22333.0,27500.0,27667.0,20000.0,33333.0,20500.0,22500.0,26000.0,24000.0,22500.0,25333.0,22500.0,25500.0,20500.0,23000.0,30667.0,24167.0,24500.0,30300.0,26000.0,24000.0
2025-05-29,30000.0,23000.0,17500.0,20000.0,26000.0,28333.0,23000.0,20667.0,24000.0,21250.0,30667.0,23000.0,28333.0,21200.0,28450.0,25000.0,23667.0,23000.0,27500.0,27667.0,20000.0,33333.0,20500.0,22500.0,26000.0,24000.0,22500.0,25333.0,22250.0,29250.0,18500.0,22333.0,30667.0,24167.0,25000.0,20300.0,24333.0,23500.0
2025-05-30,30000.0,22800.0,18000.0,20000.0,26125.0,28333.0,23200.0,22000.0,24667.0,21250.0,30000.0,22750.0,27333.0,21200.0,28450.0,24333.0,27000.0,23000.0,27500.0,29333.0,20000.0,33333.0,20500.0,22500.0,26000.0,24000.0,22500.0,25333.0,22250.0,29250.0,18500.0,23000.0,29333.0,24167.0,24000.0,20300.0,25000.0,21667.0
2025-05-31,30000.0,23600.0,18000.0,20000.0,26625.0,28333.0,23200.0,22000.0,25333.0,21250.0,30000.0,22500.0,28000.0,22000.0,28450.0,24000.0,26333.0,23000.0,27500.0,28333.0,20000.0,33333.0,20500.0,22500.0,26000.0,26000.0,25500.0,25000.0,22500.0,28000.0,20000.0,22333.0,29333.0,24167.0,24500.0,24300.0,25333.0,24333.0
2025-06-01,30000.0,25600.0,18000.0,20000.0,27125.0,28333.0,23200.0,22000.0,26000.0,22500.0,30000.0,27000.0,28000.0,23000.0,28450.0,25667.0,25000.0,22533.0,27500.0,28333.0,20000.0,33333.0,20500.0,22500.0,28000.0,26000.0,25500.0,25000.0,24500.0,29250.0,20000.0,24667.0,29333.0,24500.0,26500.0,24300.0,27000.0,23500.0
2025-06-02,30000.0,25600.0,22000.0,25000.0,26000.0,31667.0,34600.0,30333.0,32667.0,26500.0,30000.0,33000.0,33000.0,24000.0,29200.0,34000.0,33333.0,26533.0,33000.0,35333.0,20000.0,33333.0,32500.0,32000.0,28000.0,30000.0,31000.0,28333.0,29000.0,31250.0,36000.0,34333.0,36333.0,25333.0,29000.0,24300.0,34000.0,27667.0
2025-06-03,30000.0,37200.0,22000.0,37500.0,26500.0,35000.0,37800.0,33000.0,37333.0,30250.0,30000.0,42250.0,33000.0,28000.0,35200.0,40000.0,42333.0,34333.0,36000.0,37333.0,26000.0,33333.0,32500.0,33000.0,31667.0,35000.0,33500.0,34333.0,38000.0,31250.0,40000.0,42333.0,44000.0,31000.0,34000.0,30000.0,35000.0,30833.0
2025-06-04,30000.0,34200.0,31500.0,37500.0,26875.0,39333.0,37200.0,26333.0,37333.0,30250.0,40333.0,37250.0,33000.0,32800.0,34950.0,37667.0,42333.0,38333.0,35000.0,38000.0,26000.0,32667.0,38000.0,39000.0,31667.0,35000.0,36000.0,33333.0,36250.0,38125.0,32500.0,37667.0,42333.0,33000.0,36500.0,30000.0,39333.0,29667.0
2025-06-05,30000.0,31000.0,31500.0,37500.0,25000.0,39333.0,31400.0,28333.0,34000.0,34500.0,40333.0,31500.0,33333.0,34000.0,34950.0,28000.0,42333.0,35000.0,35000.0,38000.0,26000.0,32667.0,38000.0,39000.0,31667.0,33500.0,26500.0,31000.0,29750.0,38125.0,28000.0,31333.0,41333.0,32667.0,36500.0,30000.0,32667.0,28333.0
2025-06-06,30000.0,33000.0,31500.0,37500.0,25750.0,39333.0,31400.0,28333.0,34000.0,34500.0,40333.0,31500.0,33333.0,34000.0,34950.0,32000.0,42333.0,35000.0,35000.0,38000.0,26000.0,32667.0,38000.0,39000.0,31667.0,33500.0,26500.0,31000.0,29750.0,39375.0,28000.0,31667.0,41333.0,32667.0,35500.0,30000.0,32667.0,28833.0
2025-06-07,30000.0,42000.0,31500.0,37500.0,25750.0,39333.0,31400.0,28333.0,37333.0,34500.0,40333.0,43750.0,33333.0,30400.0,34950.0,41667.0,50000.0,33333.0,35000.0,38333.0,38500.0,32667.0,38000.0,39000.0,31000.0,33500.0,26500.0,30000.0,35250.0,40000.0,34500.0,29000.0,44000.0,32167.0,34000.0,30000.0,43333.0,32167.0
2025-06-08,30000.0,44800.0,38500.0,40000.0,25750.0,39333.0,34200.0,36000.0,37333.0,34500.0,40333.0,38500.0,33333.0,30400.0,34950.0,40667.0,50000.0,32333.0,40000.0,45667.0,38500.0,32667.0,38000.0,59000.0,31000.0,33500.0,26500.0,30000.0,33750.0,39250.0,34500.0,37333.0,44000.0,32167.0,35500.0,35000.0,41667.0,36833.0
2025-06-09,30000.0,39400.0,38500.0,40000.0,25750.0,39333.0,34200.0,36000.0,35667.0,34500.0,40333.0,36500.0,33333.0,30400.0,34950.0,32333.0,40000.0,32333.0,40000.0,44000.0,38500.0,32667.0,35000.0,50000.0,32000.0,33500.0,31500.0,30000.0,35000.0,39250.0,31000.0,36333.0,45667.0,31000.0,36500.0,40000.0,36667.0,36000.0
2025-06-10,30000.0,39000.0,37500.0,37500.0,25750.0,39333.0,32400.0,34000.0,34333.0,35500.0,40333.0,34400.0,38333.0,34600.0,33725.0,34000.0,37667.0,32333.0,40000.0,38333.0,38500.0,32667.0,35000.0,35000.0,32000.0,35000.0,33500.0,34667.0,32250.0,39250.0,29000.0,35667.0,46333.0,31333.0,35500.0,35000.0,38333.0,40000.0
2025-06-11,30000.0,36200.0,37500.0,37500.0,26250.0,40000.0,31600.0,30667.0,34667.0,36750.0,40333.0,36825.0,38333.0,35600.0,35225.0,37000.0,37667.0,33667.0,45000.0,38667.0,38500.0,32667.0,38000.0,35000.0,32000.0,36500.0,34500.0,34333.0,32750.0,38000.0,31000.0,36000.0,43333.0,31333.0,34500.0,30000.0,38333.0,39167.0
2025-06-12,31000.0,36000.0,35000.0,37500.0,26750.0,41667.0,31800.0,30333.0,34667.0,36250.0,40333.0,37325.0,38333.0,32400.0,33975.0,35667.0,39333.0,33667.0,40000.0,34667.0,38500.0,32667.0,38000.0,35000.0,33333.0,33500.0,31500.0,35000.0,33500.0,38000.0,30000.0,32000.0,42667.0,32333.0,34000.0,30000.0,38333.0,39167.0
2025-06-13,31000.0,40000.0,35000.0,37500.0,27375.0,41667.0,36400.0,30333.0,35333.0,37500.0,40333.0,37000.0,38333.0,32400.0,33975.0,35667.0,37000.0,34333.0,45000.0,35333.0,42500.0,32667.0,31000.0,37500.0,33333.0,33500.0,35500.0,32000.0,34000.0,38125.0,33000.0,35667.0,43000.0,34000.0,35000.0,25000.0,38333.0,40000.0
2025-06-14,31000.0,47400.0,35000.0,37500.0,27375.0,41667.0,36400.0,31000.0,36667.0,37500.0,40333.0,44000.0,38333.0,36400.0,33975.0,44667.0,45333.0,35333.0,45000.0,35667.0,42500.0,32667.0,31000.0,37500.0,33333.0,33500.0,45500.0,31333.0,36750.0,39375.0,46000.0,45000.0,46667.0,35667.0,35000.0,25000.0,38333.0,42500.0
2025-06-15,31000.0,46000.0,35000.0,37500.0,27375.0,41667.0,35600.0,31000.0,40000.0,37500.0,40333.0,45000.0,38333.0,36400.0,33975.0,52667.0,47000.0,35333.0,45000.0,42833.0,42500.0,32667.0,31000.0,48500.0,35000.0,33500.0,46000.0,31333.0,41000.0,39375.0,46000.0,49333.0,46667.0,35667.0,36000.0,30000.0,39000.0,40833.0
2025-06-16,31000.0,44000.0,35000.0,42500.0,37250.0,43667.0,39800.0,36667.0,42667.0,36750.0,40333.0,44750.0,43333.0,36400.0,33975.0,44333.0,50000.0,36667.0,45000.0,46333.0,42500.0,32667.0,40000.0,47500.0,36667.0,40000.0,40500.0,38667.0,39500.0,43000.0,37000.0,47667.0,49333.0,35667.0,38000.0,33000.0,44333.0,40333.0
2025-06-17,31000.0,44800.0,38000.0,45000.0,37375.0,43667.0,43000.0,41667.0,44333.0,36750.0,40667.0,45750.0,43333.0,40400.0,36475.0,46000.0,50000.0,41667.0,44000.0,47000.0,42500.0,33000.0,40000.0,46500.0,38333.0,40000.0,34500.0,43000.0,43250.0,46250.0,39500.0,47667.0,49333.0,35667.0,40500.0,35500.0,45000.0,42833.0
2025-06-18,31000.0,49200.0,38000.0,47500.0,37750.0,45667.0,47600.0,43333.0,50667.0,38750.0,41000.0,54500.0,43333.0,40400.0,38225.0,55000.0,53333.0,44333.0,44000.0,43000.0,45000.0,33000.0,45000.0,51000.0,38333.0,42500.0,42000.0,52333.0,50250.0,46250.0,48000.0,57667.0,55000.0,36500.0,44000.0,38000.0,51667.0,46667.0
2025-06-19,31000.0,50000.0,40000.0,50000.0,45500.0,54000.0,51400.0,43333.0,50667.0,42500.0,40667.0,55750.0,43333.0,45200.0,40250.0,56667.0,56667.0,46000.0,47500.0,47333.0,45000.0,34333.0,45000.0,54000.0,39000.0,42500.0,48000.0,55333.0,52750.0,47750.0,52000.0,56667.0,56667.0,37667.0,45000.0,38000.0,58333.0,52167.0
2025-06-20,31000.0,56800.0,41000.0,50000.0,45500.0,61333.0,54800.0,66667.0,62667.0,42500.0,41333.0,59750.0,61667.0,45200.0,51500.0,65667.0,60000.0,49000.0,55000.0,57333.0,45000.0,34333.0,86000.0,80000.0,44000.0,60000.0,58000.0,65000.0,58250.0,51000.0,61500.0,67667.0,56667.0,37667.0,49000.0,38000.0,58333.0,56667.0
2025-06-21,31000.0,59000.0,41000.0,50000.0,45500.0,61333.0,53800.0,66667.0,62667.0,42500.0,54000.0,62250.0,69333.0,45200.0,51500.0,64333.0,70000.0,49000.0,60000.0,59333.0,45000.0,34333.0,86000.0,72500.0,44000.0,60000.0,62000.0,66667.0,63500.0,55500.0,63500.0,70000.0,56667.0,37667.0,50000.0,48000.0,63333.0,60833.0
2025-06-22,31000.0,57400.0,61000.0,50000.0,45250.0,61333.0,54200.0,65000.0,61667.0,42500.0,54000.0,53250.0,69333.0,45200.0,47250.0,55667.0,70000.0,49000.0,60000.0,64333.0,45000.0,34333.0,86000.0,59000.0,46667.0,60000.0,55000.0,66667.0,59250.0,48750.0,62000.0,65000.0,60000.0,38167.0,50000.0,53000.0,58333.0,58333.0
2025-06-23,31000.0,53600.0,51500.0,50000.0,54750.0,66333.0,51600.0,53333.0,58333.0,53750.0,60333.0,52500.0,59333.0,46400.0,46750.0,54667.0,66667.0,49667.0,65000.0,55333.0,45000.0,34333.0,52500.0,55000.0,46667.0,53500.0,52500.0,55000.0,54500.0,46250.0,48000.0,56000.0,64333.0,39000.0,54000.0,53000.0,59333.0,53000.0
2025-06-24,33000.0,57800.0,52500.0,50000.0,54625.0,66333.0,54000.0,56667.0,55000.0,61250.0,60333.0,54400.0,59333.0,48400.0,48500.0,50333.0,58333.0,48667.0,57500.0,54000.0,45000.0,34333.0,52500.0,55000.0,46667.0,50000.0,49500.0,58333.0,54500.0,48750.0,50000.0,56667.0,62667.0,42333.0,56500.0,48000.0,61667.0,55833.0
2025-06-25,33000.0,60000.0,52500.0,52500.0,54875.0,58333.0,54800.0,56667.0,57000.0,52500.0,65000.0,53750.0,58000.0,48400.0,47750.0,53667.0,56667.0,49333.0,57500.0,55000.0,45000.0,34333.0,57500.0,55000.0,53333.0,50000.0,51000.0,61667.0,50750.0,48750.0,49000.0,57333.0,60667.0,43333.0,56500.0,48000.0,64000.0,54500.0
2025-06-26,33000.0,62600.0,50000.0,52500.0,54250.0,60000.0,56400.0,56667.0,58333.0,52500.0,65000.0,59500.0,58000.0,49000.0,48500.0,58333.0,56000.0,53333.0,60000.0,55000.0,45000.0,38667.0,57500.0,54500.0,53333.0,52500.0,53500.0,63333.0,55250.0,54250.0,53000.0,56000.0,61000.0,46667.0,57500.0,48000.0,65000.0,55500.0
2025-06-27,33000.0,64000.0,50000.0,52500.0,54250.0,60000.0,57200.0,56667.0,60000.0,52500.0,65000.0,60250.0,58000.0,49000.0,48500.0,62333.0,68333.0,53333.0,60000.0,55000.0,45000.0,38667.0,55000.0,54500.0,53333.0,52500.0,56500.0,63333.0,56250.0,55500.0,53000.0,65000.0,61000.0,46667.0,57500.0,48000.0,66667.0,56667.0
2025-06-28,33000.0,66000.0,50000.0,52500.0,54375.0,60000.0,59000.0,63333.0,60667.0,52500.0,65000.0,65000.0,58000.0,49000.0,48500.0,67333.0,71667.0,53333.0,60000.0,60000.0,45000.0,38667.0,55000.0,67500.0,53333.0,52500.0,56500.0,63333.0,63000.0,55500.0,62500.0,70000.0,64000.0,48333.0,57500.0,48000.0,66667.0,56333.0
2025-06-29,33000.0,65400.0,50000.0,57500.0,54250.0,60000.0,59400.0,63333.0,60667.0,52500.0,65000.0,67000.0,58000.0,50000.0,48500.0,62667.0,71667.0,56667.0,60000.0,58333.0,45000.0,38667.0,55000.0,67500.0,52667.0,52500.0,57000.0,63333.0,63000.0,55500.0,60000.0,70000.0,68000.0,50000.0,57500.0,58000.0,69000.0,54833.0
2025-06-30,33000.0,65600.0,60000.0,57500.0,55750.0,61000.0,60000.0,61333.0,61333.0,57500.0,66667.0,62500.0,64333.0,54000.0,54750.0,63667.0,66667.0,55000.0,60000.0,63333.0,64000.0,39333.0,60000.0,65000.0,52667.0,52500.0,57500.0,68667.0,58500.0,56250.0,55000.0,65000.0,68000.0,53000.0,62500.0,58000.0,68333.0,55000.0
2025-07-01,35000.0,64200.0,60000.0,57500.0,55500.0,61000.0,59600.0,61333.0,64000.0,57500.0,73333.0,63500.0,64333.0,55800.0,53500.0,62333.0,66667.0,55000.0,57500.0,63667.0,64000.0,45000.0,60000.0,62500.0,52333.0,56500.0,58000.0,65000.0,58500.0,57500.0,57500.0,65000.0,67667.0,53667.0,65000.0,58000.0,68333.0,54667.0
2025-07-02,37000.0,62200.0,56000.0,57500.0,55500.0,61000.0,57000.0,61333.0,64000.0,57500.0,71667.0,64000.0,63000.0,56200.0,51250.0,62000.0,65000.0,55000.0,57500.0,63667.0,64000.0,48667.0,60000.0,60000.0,52333.0,56500.0,57500.0,66000.0,58500.0,58750.0,56500.0,61667.0,67667.0,55333.0,62500.0,58000.0,68333.0,56667.0
2025-07-03,37000.0,57000.0,57500.0,67500.0,55000.0,63333.0,57600.0,61333.0,64000.0,58000.0,71667.0,62750.0,63000.0,54400.0,51250.0,63000.0,65000.0,55000.0,62500.0,65000.0,64000.0,48667.0,60000.0,60000.0,52333.0,57500.0,57500.0,68667.0,59750.0,58250.0,59000.0,64667.0,67333.0,55333.0,60000.0,63000.0,70000.0,58167.0
2025-07-04,39000.0,57000.0,57500.0,67500.0,55000.0,65000.0,63000.0,63000.0,64000.0,58000.0,71667.0,60400.0,65333.0,54400.0,52750.0,63333.0,66000.0,56667.0,62500.0,65000.0,64000.0,48667.0,59000.0,63500.0,52333.0,57500.0,57500.0,70667.0,60000.0,60000.0,62000.0,66333.0,64000.0,58167.0,57000.0,63000.0,71667.0,63333.0
2025-07-05,39000.0,62400.0,57500.0,67500.0,55125.0,65000.0,63600.0,63000.0,65000.0,58000.0,71667.0,63000.0,65333.0,54400.0,52750.0,64333.0,66667.0,56667.0,62500.0,65333.0,67500.0,48667.0,59000.0,63500.0,52333.0,57500.0,57500.0,70000.0,46500.0,58750.0,63000.0,67333.0,65667.0,58167.0,58000.0,63000.0,75000.0,63333.0
2025-07-06,39000.0,62400.0,57500.0,67500.0,55125.0,65000.0,61600.0,63000.0,65000.0,58000.0,73333.0,64750.0,65333.0,54400.0,52750.0,63000.0,66667.0,58333.0,65000.0,63667.0,67500.0,54000.0,59000.0,63500.0,51667.0,57500.0,59000.0,70000.0,59500.0,59250.0,63000.0,61667.0,65667.0,58833.0,57000.0,63000.0,73333.0,63000.0
2025-07-07,39000.0,61600.0,60000.0,65000.0,58000.0,64667.0,60600.0,62667.0,65000.0,55500.0,73333.0,64750.0,65667.0,58600.0,52000.0,64667.0,66000.0,58333.0,62500.0,64667.0,67500.0,55333.0,65000.0,58500.0,51667.0,60000.0,59500.0,72333.0,59750.0,57250.0,61000.0,64000.0,68000.0,58833.0,59000.0,63000.0,70000.0,65167.0
2025-07-08,39000.0,62200.0,57500.0,65000.0,58125.0,64667.0,60200.0,61333.0,65000.0,60000.0,74000.0,63575.0,65667.0,58600.0,52000.0,65333.0,66000.0,59333.0,62500.0,68000.0,67500.0,55333.0,65000.0,66500.0,51667.0,61000.0,59000.0,73333.0,62000.0,58500.0,60000.0,63000.0,69000.0,62167.0,60500.0,63000.0,71667.0,64500.0
2025-07-09,39000.0,60600.0,60000.0,65000.0,57875.0,64667.0,60000.0,62333.0,65667.0,61250.0,73667.0,64575.0,65667.0,58600.0,58750.0,65333.0,66000.0,59333.0,65000.0,67333.0,67500.0,57333.0,65000.0,66500.0,58333.0,61000.0,59500.0,73667.0,60750.0,59000.0,60000.0,64333.0,69000.0,62167.0,60500.0,63000.0,70000.0,65333.0
2025-07-10,39000.0,60600.0,62500.0,70000.0,57000.0,64667.0,59600.0,62667.0,66667.0,61250.0,74667.0,64650.0,65667.0,58600.0,58750.0,65000.0,66000.0,58667.0,65000.0,65667.0,67500.0,57333.0,65000.0,66500.0,58333.0,62000.0,59000.0,73667.0,60750.0,61500.0,59000.0,65333.0,69000.0,61833.0,60500.0,63000.0,70000.0,64667.0
2025-07-11,39000.0,58600.0,58500.0,70000.0,57000.0,64667.0,60000.0,62667.0,66667.0,61250.0,74667.0,63150.0,64000.0,58600.0,59000.0,61667.0,68667.0,57333.0,64000.0,64000.0,67500.0,57333.0,62500.0,64500.0,58333.0,62000.0,57500.0,71000.0,59250.0,62000.0,57000.0,63333.0,69000.0,63500.0,58500.0,63000.0,70000.0,61333.0
2025-07-12,39000.0,58600.0,58500.0,70000.0,56875.0,64667.0,59600.0,62667.0,65000.0,61250.0,74667.0,63500.0,64000.0,57800.0,59000.0,64000.0,69333.0,57333.0,64000.0,64000.0,67500.0,57333.0,62500.0,64500.0,58333.0,62000.0,57500.0,71000.0,59250.0,62000.0,57000.0,64000.0,69000.0,63500.0,58500.0,58000.0,68333.0,61500.0
2025-07-13,39000.0,58200.0,58500.0,70000.0,56750.0,64667.0,59200.0,62667.0,65000.0,61250.0,74333.0,64325.0,64000.0,57600.0,59000.0,64000.0,69333.0,57333.0,64000.0,64000.0,67500.0,57333.0,62500.0,64500.0,59000.0,62000.0,56500.0,71000.0,57250.0,63250.0,57000.0,64000.0,69000.0,62667.0,58500.0,58000.0,66667.0,63167.0
2025-07-14,39000.0,57600.0,58000.0,65000.0,60500.0,64667.0,59400.0,61333.0,65000.0,61250.0,74333.0,63825.0,64333.0,57000.0,57750.0,63333.0,69333.0,57333.0,62500.0,64000.0,67500.0,58333.0,62500.0,60000.0,59667.0,58000.0,56500.0,61333.0,58250.0,62000.0,59000.0,63667.0,68667.0,64167.0,62500.0,53000.0,66667.0,63333.0
2025-07-15,39000.0,58400.0,58000.0,65000.0,60375.0,64667.0,58800.0,61333.0,64333.0,61250.0,71333.0,62650.0,64333.0,56600.0,57750.0,60667.0,69333.0,57333.0,62500.0,64667.0,67500.0,58333.0,62500.0,60000.0,60667.0,58000.0,56000.0,61333.0,58250.0,57000.0,59000.0,65000.0,68333.0,63667.0,63000.0,53000.0,66667.0,62333.0
2025-07-16,39000.0,57400.0,60000.0,65000.0,59625.0,58667.0,58600.0,55333.0,59667.0,57500.0,71000.0,59900.0,63667.0,55600.0,57750.0,59333.0,65000.0,55333.0,62500.0,63667.0,67500.0,58333.0,65000.0,60000.0,60667.0,55000.0,54500.0,60667.0,57250.0,58250.0,55000.0,62333.0,67000.0,63667.0,65000.0,53000.0,65000.0,57500.0
2025-07-17,39000.0,54600.0,60000.0,65000.0,59625.0,54333.0,53400.0,45333.0,54000.0,52500.0,71000.0,51500.0,63667.0,56000.0,55500.0,50333.0,61667.0,55333.0,62500.0,62667.0,60000.0,58333.0,65000.0,60000.0,60667.0,47500.0,45500.0,58333.0,50500.0,58250.0,49500.0,52333.0,65000.0,59500.0,65000.0,53000.0,61667.0,53333.0
2025-07-18,39000.0,41400.0,37500.0,65000.0,51250.0,48667.0,42000.0,35000.0,50000.0,52500.0,71000.0,44150.0,44000.0,49300.0,53738.0,40333.0,61667.0,50667.0,55000.0,61333.0,60000.0,58333.0,56500.0,45000.0,58000.0,42500.0,34000.0,51667.0,38250.0,58250.0,34000.0,44333.0,61000.0,57000.0,62000.0,53000.0,60000.0,48000.0
2025-07-19,39000.0,42200.0,37500.0,65000.0,51250.0,48667.0,37600.0,35000.0,45667.0,52500.0,71000.0,36750.0,44000.0,47200.0,53738.0,37000.0,43333.0,46333.0,50000.0,60667.0,60000.0,58333.0,56500.0,45000.0,58000.0,42500.0,30000.0,51667.0,37000.0,51250.0,31000.0,37667.0,61000.0,55000.0,62000.0,41000.0,56667.0,46167.0
2025-07-20,39000.0,42000.0,37500.0,65000.0,51250.0,48667.0,37200.0,33333.0,45667.0,52500.0,70000.0,36250.0,44000.0,39200.0,53738.0,36333.0,41333.0,46333.0,50000.0,50667.0,60000.0,58333.0,56500.0,42500.0,57333.0,42500.0,30000.0,51667.0,37000.0,49250.0,31000.0,38667.0,61000.0,53667.0,62000.0,41000.0,50000.0,46167.0
2025-07-21,39000.0,43400.0,40000.0,40000.0,40000.0,47000.0,34600.0,32333.0,45000.0,42250.0,70000.0,37150.0,42667.0,35800.0,52625.0,37000.0,40000.0,39000.0,47500.0,43333.0,60000.0,57000.0,34500.0,40000.0,45000.0,35000.0,34500.0,43333.0,36750.0,49250.0,34000.0,37000.0,44000.0,49500.0,45000.0,35500.0,43333.0,40500.0
2025-07-22,39000.0,40600.0,40000.0,40000.0,40000.0,45333.0,34800.0,32333.0,44333.0,38500.0,63333.0,36500.0,42667.0,40000.0,43875.0,37667.0,40667.0,39000.0,47500.0,42333.0,50500.0,57000.0,35500.0,40000.0,43333.0,35000.0,36500.0,41333.0,37750.0,48000.0,35500.0,37333.0,43667.0,49500.0,37500.0,35500.0,45000.0,39167.0
2025-07-23,39000.0,39600.0,36500.0,40000.0,40250.0,41000.0,33200.0,33333.0,39667.0,38500.0,63333.0,35750.0,40000.0,38700.0,43750.0,37000.0,45000.0,39000.0,45000.0,44000.0,50500.0,56000.0,39000.0,45000.0,41667.0,35000.0,34500.0,40667.0,39000.0,47625.0,34500.0,37000.0,43000.0,49500.0,36500.0,35500.0,43333.0,38333.0
2025-07-24,39000.0,39600.0,36500.0,40000.0,40250.0,41000.0,35200.0,35000.0,37667.0,38500.0,63333.0,36400.0,40000.0,38600.0,41462.0,37000.0,45000.0,39000.0,45000.0,40667.0,50500.0,56000.0,39000.0,40000.0,41000.0,31000.0,34500.0,41333.0,38250.0,47625.0,32000.0,37000.0,42667.0,49333.0,37500.0,35500.0,40000.0,39000.0
2025-07-25,39000.0,39200.0,36500.0,40000.0,40250.0,40333.0,35200.0,35000.0,37667.0,36750.0,63333.0,36250.0,38000.0,38600.0,42212.0,35000.0,46000.0,39000.0,45000.0,40000.0,50500.0,47000.0,36000.0,40000.0,40667.0,31000.0,34500.0,40667.0,37000.0,47625.0,32000.0,38667.0,43000.0,49333.0,36500.0,35500.0,40000.0,36167.0
2025-07-26,39000.0,39200.0,36500.0,40000.0,39375.0,40333.0,35200.0,35000.0,36667.0,36750.0,63333.0,35500.0,38000.0,36800.0,42212.0,34667.0,40000.0,38000.0,45000.0,40000.0,50500.0,47000.0,36000.0,40000.0,40000.0,31000.0,34500.0,40667.0,35500.0,47625.0,32000.0,37333.0,43000.0,49333.0,36500.0,35500.0,41000.0,35500.0
2025-07-27,39000.0,39200.0,36500.0,40000.0,39375.0,40333.0,35600.0,35000.0,36667.0,36750.0,63333.0,35000.0,38000.0,36800.0,42212.0,34333.0,40000.0,38000.0,47500.0,38333.0,50500.0,46000.0,36000.0,40000.0,40000.0,31000.0,34500.0,40667.0,33000.0,46375.0,31000.0,36667.0,41000.0,49333.0,36500.0,32000.0,40333.0,35500.0
2025-07-28,38333.0,35600.0,31500.0,35000.0,35000.0,32333.0,32200.0,31333.0,33000.0,33000.0,39833.0,32250.0,36333.0,33600.0,39500.0,34333.0,36667.0,31000.0,45000.0,33833.0,50500.0,43000.0,35000.0,30000.0,37667.0,28000.0,31000.0,34333.0,32500.0,44500.0,28000.0,32333.0,40333.0,35000.0,35000.0,32000.0,38333.0,34000.0
2025-07-29,38333.0,34400.0,32500.0,35000.0,35000.0,32333.0,30000.0,31333.0,32333.0,34250.0,35667.0,32000.0,36333.0,32000.0,37750.0,32333.0,38000.0,31000.0,42500.0,33000.0,50500.0,41333.0,35000.0,30000.0,36667.0,28000.0,30000.0,33333.0,32500.0,44500.0,29000.0,34000.0,40667.0,35167.0,35500.0,32000.0,38000.0,34000.0
2025-07-30,38333.0,34600.0,32500.0,35000.0,35000.0,33333.0,29800.0,30667.0,32000.0,32500.0,34000.0,32250.0,38000.0,31600.0,37000.0,32667.0,37333.0,31000.0,40000.0,34000.0,50500.0,41333.0,29000.0,30000.0,34333.0,29000.0,30000.0,33333.0,30500.0,38625.0,29000.0,32333.0,40667.0,36500.0,37500.0,32000.0,37667.0,31833.0
2025-07-31,38333.0,31200.0,32500.0,37500.0,33250.0,33333.0,31000.0,30667.0,31667.0,32500.0,34000.0,32500.0,38000.0,30200.0,37000.0,31667.0,36333.0,31000.0,37500.0,34000.0,50500.0,40000.0,29000.0,30000.0,36667.0,29000.0,27500.0,33333.0,30500.0,37375.0,29000.0,32333.0,40667.0,36333.0,39500.0,32000.0,37667.0,31833.0
2025-08-01,38333.0,31200.0,31500.0,37500.0,33250.0,33333.0,30600.0,29333.0,30000.0,32500.0,32667.0,31750.0,37000.0,30200.0,36712.0,30333.0,34333.0,30333.0,38500.0,34000.0,50500.0,40000.0,34000.0,30000.0,36000.0,29000.0,27500.0,32333.0,30250.0,41375.0,27000.0,31667.0,40000.0,36333.0,38500.0,32000.0,36667.0,31833.0
2025-08-02,38333.0,31200.0,31500.0,37500.0,33625.0,33333.0,30600.0,29333.0,30000.0,32500.0,31000.0,30500.0,37000.0,30200.0,36712.0,30000.0,35000.0,29333.0,38500.0,35333.0,50500.0,40000.0,34000.0,30000.0,34333.0,29000.0,27500.0,32333.0,29500.0,35250.0,27000.0,31667.0,41000.0,36333.0,38500.0,32000.0,36667.0,31500.0
2025-08-03,38333.0,30600.0,31500.0,37500.0,33375.0,33333.0,30600.0,29333.0,30667.0,32500.0,31000.0,30500.0,37000.0,29600.0,36712.0,30000.0,35000.0,29333.0,38500.0,35333.0,50500.0,38667.0,34000.0,30000.0,33333.0,29000.0,27500.0,32333.0,28750.0,35000.0,26500.0,31667.0,39667.0,35500.0,38500.0,31000.0,36667.0,31667.0
2025-08-04,37333.0,30800.0,26000.0,32500.0,31500.0,33333.0,30400.0,28667.0,31333.0,32500.0,32000.0,30250.0,34667.0,30600.0,31250.0,30000.0,34000.0,28667.0,37500.0,35667.0,50500.0,38667.0,25500.0,33000.0,33333.0,28000.0,29000.0,31667.0,30000.0,35000.0,26500.0,32333.0,38667.0,35500.0,37500.0,31000.0,36667.0,31500.0
2025-08-05,37333.0,30400.0,24000.0,32500.0,31750.0,33333.0,29600.0,28667.0,31333.0,32500.0,32000.0,29650.0,34667.0,29000.0,31000.0,30667.0,33333.0,29000.0,37500.0,35667.0,50500.0,35333.0,25500.0,31500.0,32333.0,28000.0,29000.0,31667.0,30000.0,35500.0,26500.0,31667.0,36667.0,32833.0,37500.0,31000.0,35000.0,32333.0
2025-08-06,37333.0,33000.0,21500.0,32500.0,31875.0,35000.0,30000.0,28667.0,32000.0,32500.0,31667.0,30500.0,32333.0,29000.0,31375.0,30000.0,31667.0,29000.0,37500.0,34333.0,50500.0,31333.0,26000.0,31500.0,31667.0,28000.0,26500.0,31333.0,29500.0,34250.0,26000.0,31333.0,38333.0,34167.0,32500.0,31000.0,35000.0,32833.0
2025-08-07,37333.0,32000.0,21500.0,32500.0,29000.0,35000.0,30000.0,28667.0,32000.0,31250.0,32000.0,30400.0,32333.0,28400.0,31375.0,29667.0,35000.0,29333.0,37500.0,34333.0,30000.0,31333.0,26000.0,31500.0,31000.0,28000.0,26000.0,31333.0,29500.0,34250.0,26000.0,31000.0,37333.0,34000.0,32500.0,31000.0,35333.0,31333.0
2025-08-08,37333.0,30400.0,25000.0,32500.0,29500.0,35000.0,29200.0,28000.0,31333.0,31250.0,34333.0,29400.0,32667.0,29000.0,30588.0,29000.0,35000.0,29333.0,37500.0,34333.0,30000.0,30000.0,27500.0,27500.0,30333.0,26500.0,25000.0,31333.0,29500.0,34250.0,24500.0,28667.0,37000.0,33500.0,32000.0,31000.0,33333.0,31000.0
2025-08-09,37333.0,33000.0,25000.0,32500.0,29750.0,35000.0,29600.0,27667.0,30000.0,31250.0,34333.0,28150.0,32667.0,27600.0,30588.0,28333.0,34333.0,30000.0,37500.0,34333.0,30000.0,30000.0,27500.0,27500.0,29667.0,26500.0,25000.0,31333.0,29000.0,33000.0,25500.0,30333.0,36333.0,33500.0,32000.0,31000.0,35000.0,31000.0
2025-08-10,37333.0,33000.0,25000.0,32500.0,29875.0,35000.0,29000.0,27667.0,28667.0,31250.0,34333.0,27650.0,32667.0,27600.0,30588.0,26333.0,34333.0,31000.0,37500.0,34333.0,30000.0,30000.0,27500.0,27500.0,29667.0,26500.0,25000.0,31333.0,27750.0,33000.0,25500.0,30333.0,36333.0,33500.0,32000.0,31000.0,32333.0,31833.0
2025-08-11,37333.0,30200.0,25000.0,30000.0,28500.0,30000.0,28200.0,27667.0,29667.0,30000.0,37333.0,26500.0,30667.0,27200.0,29788.0,27000.0,33333.0,31000.0,37500.0,32333.0,30000.0,28667.0,25000.0,31000.0,29333.0,20000.0,24500.0,28667.0,28000.0,33000.0,25500.0,29333.0,34333.0,33167.0,29000.0,27000.0,31000.0,29667.0
2025-08-12,37333.0,30000.0,25000.0,30000.0,28500.0,30000.0,28400.0,27667.0,29667.0,30000.0,37333.0,25825.0,30667.0,26600.0,29750.0,27000.0,33333.0,29000.0,37500.0,33333.0,30000.0,28667.0,25000.0,31000.0,28667.0,20000.0,22000.0,28667.0,27250.0,33750.0,23500.0,26667.0,34333.0,33167.0,30000.0,27000.0,29333.0,30500.0
2025-08-13,37333.0,28800.0,23500.0,30000.0,28875.0,30000.0,27600.0,24333.0,29000.0,30000.0,37667.0,25400.0,30667.0,25200.0,29750.0,25000.0,31667.0,29000.0,37500.0,33333.0,30000.0,28000.0,25000.0,30000.0,28667.0,22000.0,22500.0,29667.0,25000.0,32000.0,21000.0,24333.0,33333.0,32167.0,31500.0,27000.0,29333.0,30500.0
2025-08-14,36000.0,28600.0,22500.0,27500.0,23875.0,30000.0,26600.0,24333.0,29000.0,29250.0,39000.0,23900.0,28667.0,25200.0,29712.0,24667.0,30000.0,29000.0,37500.0,29667.0,30000.0,28000.0,25000.0,25000.0,27667.0,22000.0,21000.0,29000.0,25000.0,32000.0,19000.0,24000.0,33333.0,32167.0,30000.0,27000.0,27667.0,29833.0
2025-08-15,36000.0,28200.0,21500.0,27500.0,24000.0,30000.0,23600.0,22000.0,29000.0,29250.0,39000.0,24150.0,28667.0,25800.0,29212.0,24667.0,30000.0,28333.0,37500.0,29667.0,30000.0,28000.0,21000.0,27500.0,27667.0,21000.0,21000.0,29667.0,24000.0,29250.0,19000.0,24000.0,32000.0,32167.0,28000.0,27000.0,28333.0,30000.0
2025-08-16,36000.0,26500.0,21500.0,27500.0,24625.0,30000.0,23600.0,22000.0,28333.0,29250.0,39000.0,23625.0,28667.0,25800.0,29212.0,24667.0,29333.0,28333.0,37500.0,29667.0,30000.0,26667.0,21000.0,28000.0,27000.0,21000.0,21000.0,25333.0,24000.0,29500.0,21000.0,24000.0,32667.0,32167.0,28000.0,27000.0,27000.0,31167.0
2025-08-17,36000.0,26600.0,21500.0,27500.0,24875.0,30000.0,24400.0,22000.0,27667.0,29250.0,39000.0,23500.0,28667.0,25600.0,29212.0,24667.0,29333.0,26667.0,37500.0,29333.0,30000.0,26667.0,21000.0,28000.0,26333.0,21000.0,21000.0,25333.0,24000.0,29500.0,21000.0,23333.0,31667.0,32167.0,28000.0,27000.0,26667.0,30667.0
2025-08-18,36000.0,25600.0,21500.0,25000.0,24500.0,30000.0,24800.0,22000.0,27667.0,29250.0,39333.0,23750.0,28667.0,25600.0,29212.0,24333.0,28000.0,26667.0,37500.0,29333.0,30000.0,26667.0,21000.0,28000.0,26333.0,21000.0,22000.0,25333.0,23750.0,30750.0,21000.0,25000.0,32000.0,32167.0,28000.0,27000.0,28667.0,32167.0
2025-08-19,36000.0,28200.0,21500.0,25000.0,24000.0,30000.0,24600.0,23667.0,24333.0,27250.0,34000.0,24650.0,28667.0,25200.0,28875.0,24333.0,28000.0,27333.0,35500.0,29333.0,30000.0,25000.0,21000.0,27000.0,26333.0,20000.0,22500.0,25333.0,24250.0,30000.0,22000.0,25000.0,32333.0,32167.0,28000.0,27000.0,27667.0,31167.0
2025-08-20,36000.0,29000.0,22000.0,25000.0,24000.0,30333.0,25200.0,23667.0,24333.0,27250.0,34000.0,25075.0,28667.0,24800.0,29500.0,24000.0,28000.0,27333.0,35500.0,29333.0,25000.0,25000.0,23500.0,27500.0,26333.0,20000.0,22000.0,25667.0,23750.0,30000.0,22000.0,25000.0,30667.0,32167.0,29000.0,27000.0,28333.0,30000.0
2025-08-21,36000.0,29000.0,22000.0,25000.0,24500.0,30333.0,24400.0,23667.0,24333.0,27250.0,34000.0,25325.0,27833.0,25200.0,30000.0,24667.0,28000.0,27333.0,35500.0,29333.0,25500.0,25000.0,23500.0,27500.0,26333.0,20000.0,22500.0,28000.0,23250.0,30000.0,22000.0,24667.0,32000.0,32500.0,29000.0,27000.0,28667.0,28833.0
2025-08-22,36000.0,28000.0,22000.0,25000.0,25000.0,28667.0,24000.0,23667.0,24333.0,27250.0,34000.0,24750.0,27833.0,25200.0,29238.0,24667.0,28667.0,27333.0,35500.0,29333.0,25500.0,25000.0,23500.0,27500.0,25000.0,20000.0,22500.0,28333.0,23250.0,30000.0,21500.0,24667.0,32000.0,30333.0,27000.0,27000.0,26667.0,28000.0
2025-08-23,36000.0,28200.0,21000.0,25000.0,25000.0,28667.0,24600.0,23667.0,24333.0,27250.0,34000.0,26500.0,27833.0,25200.0,29238.0,24667.0,28667.0,24667.0,35500.0,29333.0,25500.0,25000.0,23500.0,27000.0,25667.0,20000.0,22500.0,29333.0,23250.0,30000.0,21000.0,25333.0,32333.0,29333.0,27000.0,27000.0,26667.0,28000.0
2025-08-24,36000.0,27600.0,21000.0,25000.0,24875.0,28667.0,24600.0,23667.0,24333.0,27250.0,34000.0,25250.0,27833.0,25200.0,29238.0,24333.0,28667.0,24667.0,35500.0,29333.0,25500.0,25000.0,23500.0,27000.0,25667.0,20000.0,22500.0,29333.0,23250.0,29500.0,21000.0,25000.0,32000.0,28500.0,27000.0,27000.0,26667.0,27667.0
2025-08-25,36000.0,27600.0,20500.0,25000.0,24375.0,27000.0,24000.0,22333.0,23667.0,27250.0,34000.0,22575.0,27167.0,25600.0,29988.0,22333.0,30000.0,23333.0,25000.0,29333.0,25500.0,25000.0,21000.0,26500.0,25667.0,18500.0,20500.0,23667.0,22000.0,28250.0,20000.0,22667.0,32000.0,28167.0,28000.0,23000.0,24333.0,26000.0
2025-08-26,31333.0,27000.0,21500.0,25000.0,24375.0,25000.0,22200.0,22333.0,22667.0,27250.0,31000.0,23000.0,27167.0,25200.0,29988.0,22667.0,27000.0,23333.0,25000.0,29000.0,25500.0,25000.0,21000.0,26500.0,25667.0,18500.0,19500.0,23333.0,21250.0,27000.0,20000.0,22333.0,29333.0,27167.0,29000.0,23000.0,26000.0,26000.0
2025-08-27,31333.0,23000.0,21000.0,25000.0,24250.0,25000.0,21600.0,21333.0,22667.0,25500.0,31000.0,23900.0,26167.0,25200.0,29988.0,23000.0,27000.0,22667.0,25000.0,29000.0,24500.0,25000.0,21000.0,26500.0,25667.0,20000.0,20000.0,25000.0,21250.0,25000.0,21000.0,23667.0,29000.0,27167.0,28500.0,23000.0,22667.0,25333.0
2025-08-28,31333.0,23800.0,21000.0,25000.0,22000.0,25000.0,21600.0,21333.0,22333.0,23500.0,30333.0,24325.0,26167.0,24200.0,28988.0,25000.0,27333.0,21000.0,24500.0,27333.0,24500.0,27667.0,21000.0,25500.0,25667.0,20000.0,22500.0,25333.0,23250.0,25000.0,22000.0,24000.0,29000.0,27333.0,28500.0,23000.0,22000.0,25333.0
2025-08-29,31333.0,24400.0,21000.0,25000.0,22500.0,25000.0,22000.0,21333.0,22000.0,23500.0,30000.0,22900.0,26167.0,24200.0,27975.0,25667.0,26667.0,22333.0,23500.0,27333.0,24500.0,27667.0,23500.0,24500.0,25667.0,19000.0,22500.0,25333.0,22750.0,25000.0,23000.0,23333.0,29333.0,27333.0,29000.0,23000.0,22000.0,25333.0
2025-08-30,31333.0,23800.0,21000.0,25000.0,22500.0,25000.0,22400.0,21333.0,22000.0,23500.0,30000.0,24150.0,26167.0,24800.0,27975.0,25667.0,28000.0,22333.0,23500.0,27333.0,24500.0,27667.0,23500.0,24500.0,25667.0,19000.0,22500.0,25333.0,24000.0,25000.0,22000.0,23333.0,28667.0,27333.0,29000.0,23000.0,23333.0,24667.0
2025-08-31,31333.0,23000.0,21000.0,25000.0,22375.0,25000.0,22800.0,21333.0,22000.0,23500.0,30000.0,24400.0,26167.0,24200.0,27975.0,23000.0,27000.0,24000.0,23500.0,27333.0,24500.0,27667.0,23500.0,24500.0,26333.0,19000.0,22500.0,25333.0,23500.0,25000.0,22000.0,22667.0,29667.0,27333.0,29000.0,23000.0,24000.0,25167.0
2025-09-01,31333.0,23600.0,22000.0,25000.0,20750.0,26667.0,21600.0,20000.0,22667.0,25750.0,30000.0,24325.0,27167.0,24800.0,27950.0,22333.0,28667.0,24000.0,23500.0,25667.0,23500.0,27667.0,24000.0,24500.0,26333.0,17500.0,21000.0,25000.0,22750.0,25000.0,20000.0,22667.0,29667.0,27333.0,26500.0,23000.0,22333.0,23667.0
2025-09-02,30000.0,24200.0,22000.0,27500.0,20750.0,26667.0,21200.0,20667.0,22667.0,25750.0,30000.0,24000.0,27167.0,24200.0,27950.0,24333.0,28667.0,22333.0,23500.0,25667.0,23500.0,27667.0,24000.0,24000.0,26333.0,17500.0,21000.0,25667.0,22750.0,27625.0,20000.0,23000.0,29667.0,27333.0,26500.0,23000.0,23333.0,24333.0
2025-09-03,28000.0,24000.0,22000.0,27500.0,21500.0,28333.0,23400.0,22000.0,23333.0,25750.0,30000.0,24250.0,27167.0,24200.0,28625.0,24333.0,28667.0,22333.0,24500.0,25667.0,23500.0,26333.0,28500.0,24000.0,27000.0,17500.0,22000.0,25667.0,22750.0,27625.0,21000.0,25333.0,29667.0,27333.0,26500.0,23000.0,25000.0,24667.0
2025-09-04,28000.0,24200.0,25000.0,27500.0,22000.0,28333.0,23400.0,23667.0,24667.0,25750.0,30000.0,27150.0,27167.0,24600.0,28625.0,27667.0,30000.0,22667.0,24500.0,26000.0,23500.0,26333.0,28500.0,24000.0,27000.0,19000.0,24500.0,27333.0,24250.0,27625.0,24500.0,27333.0,31000.0,27500.0,26000.0,23000.0,24000.0,24167.0
2025-09-05,28000.0,24200.0,25000.0,27500.0,22000.0,28333.0,23800.0,23667.0,24667.0,25750.0,33333.0,26900.0,27500.0,24600.0,28625.0,27000.0,30000.0,24000.0,24500.0,27000.0,23500.0,26333.0,28500.0,25000.0,27333.0,19000.0,24500.0,27333.0,24750.0,26375.0,24500.0,26667.0,30000.0,27500.0,26000.0,23000.0,25000.0,25667.0
2025-09-06,28000.0,26600.0,25000.0,27500.0,22125.0,28333.0,23800.0,23667.0,24667.0,25750.0,29667.0,28150.0,27500.0,24600.0,28625.0,27000.0,33333.0,24000.0,24500.0,28667.0,23500.0,26333.0,28500.0,25000.0,27333.0,19000.0,24500.0,26333.0,24750.0,25625.0,25500.0,27667.0,30000.0,27167.0,26000.0,24500.0,25000.0,28333.0
2025-09-07,28000.0,28800.0,25000.0,27500.0,22125.0,28333.0,23800.0,23667.0,24667.0,25750.0,29667.0,31900.0,27500.0,24600.0,28625.0,28667.0,33333.0,24000.0,24500.0,32000.0,23500.0,26333.0,28500.0,32500.0,27333.0,19000.0,27000.0,26333.0,26000.0,26375.0,25500.0,29667.0,31333.0,25500.0,26000.0,26000.0,25000.0,28833.0
2025-09-08,29333.0,29200.0,27500.0,37500.0,25250.0,36000.0,27200.0,33000.0,33000.0,28250.0,26333.0,35400.0,37333.0,29200.0,30375.0,33667.0,35000.0,25667.0,28500.0,35333.0,23500.0,28333.0,35000.0,33500.0,26667.0,23500.0,30500.0,27000.0,32250.0,27000.0,31000.0,34667.0,33000.0,24000.0,27500.0,26000.0,28667.0,30833.0
2025-09-09,29333.0,29600.0,27500.0,37500.0,25000.0,35667.0,30000.0,34667.0,33667.0,28250.0,28333.0,36150.0,37333.0,29600.0,35625.0,34000.0,35000.0,30000.0,28500.0,35667.0,23500.0,28333.0,35000.0,33500.0,27000.0,23500.0,31500.0,32333.0,33500.0,27125.0,34000.0,36000.0,33333.0,25667.0,28500.0,26000.0,28333.0,30667.0
2025-09-10,29333.0,29600.0,27500.0,40000.0,24625.0,34667.0,29800.0,34667.0,33333.0,28250.0,28667.0,33000.0,37333.0,32600.0,34875.0,33000.0,36000.0,30000.0,28500.0,34500.0,23500.0,28333.0,36000.0,34000.0,27000.0,24500.0,30000.0,33667.0,35500.0,28875.0,32500.0,36667.0,39000.0,27500.0,31000.0,26000.0,29667.0,32333.0
2025-09-11,29333.0,30200.0,27500.0,40000.0,26000.0,34667.0,29200.0,33000.0,33333.0,28250.0,28667.0,31575.0,34667.0,32600.0,35375.0,29000.0,38667.0,28667.0,30000.0,34667.0,23500.0,28333.0,36000.0,34000.0,27000.0,24500.0,27000.0,32667.0,34000.0,34375.0,29000.0,36667.0,39000.0,27833.0,32000.0,26000.0,27000.0,32500.0
2025-09-12,29333.0,30200.0,26500.0,40000.0,26375.0,34667.0,28400.0,33000.0,32667.0,28250.0,28667.0,30250.0,34667.0,32600.0,35375.0,33333.0,38667.0,28000.0,30000.0,32333.0,23500.0,28333.0,34000.0,31500.0,28333.0,24500.0,26000.0,33333.0,31750.0,33125.0,25500.0,36000.0,39000.0,27833.0,32000.0,26000.0,26000.0,28667.0
2025-09-13,29333.0,29000.0,26500.0,40000.0,26375.0,34667.0,29600.0,33000.0,33333.0,28250.0,28667.0,32150.0,34667.0,30600.0,35375.0,30000.0,38667.0,28000.0,30000.0,32333.0,23500.0,28333.0,34000.0,31500.0,28667.0,24500.0,26000.0,33333.0,33250.0,33125.0,25500.0,36000.0,39000.0,27833.0,32000.0,26000.0,25333.0,28500.0
2025-09-14,29333.0,29400.0,26500.0,40000.0,26375.0,34667.0,29600.0,33000.0,34333.0,28250.0,28667.0,34575.0,34667.0,30600.0,32875.0,30000.0,39667.0,28000.0,30000.0,32333.0,23500.0,28333.0,34000.0,31500.0,29000.0,24500.0,29000.0,33333.0,32750.0,32375.0,25500.0,34667.0,37000.0,27833.0,32000.0,26000.0,26667.0,28500.0
2025-09-15,29333.0,30000.0,27500.0,38500.0,27750.0,35000.0,28800.0,32000.0,36333.0,30500.0,28667.0,37000.0,38000.0,33200.0,34138.0,34333.0,41000.0,28667.0,25000.0,34333.0,23500.0,28333.0,30000.0,32000.0,28333.0,25500.0,30500.0,35000.0,33250.0,32375.0,32000.0,37333.0,41667.0,27833.0,32000.0,26000.0,27667.0,30833.0
2025-09-16,29333.0,32000.0,27500.0,38500.0,28000.0,35000.0,29800.0,32000.0,41667.0,30500.0,28667.0,39250.0,38667.0,31800.0,34138.0,34333.0,39333.0,30333.0,25000.0,36333.0,23500.0,23000.0,30000.0,34000.0,28333.0,24500.0,31500.0,35000.0,33250.0,32375.0,34500.0,37333.0,41667.0,28667.0,31000.0,26000.0,26667.0,32667.0
2025-09-17,29333.0,32400.0,31000.0,38500.0,28125.0,35000.0,31400.0,32000.0,41333.0,30500.0,28667.0,36250.0,40000.0,30600.0,34138.0,34333.0,39333.0,32667.0,25000.0,37000.0,23500.0,23000.0,30000.0,34000.0,28333.0,24500.0,30500.0,35000.0,33000.0,31625.0,34500.0,38667.0,43000.0,31167.0,31000.0,26000.0,26667.0,30500.0
2025-09-18,29333.0,33200.0,29500.0,38500.0,28000.0,35667.0,31000.0,31333.0,41333.0,30500.0,30333.0,35400.0,39333.0,30600.0,34388.0,34333.0,40667.0,34000.0,30000.0,35333.0,36000.0,23000.0,25500.0,36500.0,29667.0,24500.0,32000.0,35000.0,33000.0,32375.0,28000.0,38667.0,44000.0,31167.0,30000.0,26000.0,30000.0,30833.0
2025-09-19,29333.0,33000.0,27500.0,38500.0,28125.0,37333.0,29400.0,31333.0,41000.0,31750.0,33333.0,34075.0,39333.0,31400.0,34388.0,29667.0,37667.0,33667.0,30000.0,35333.0,36000.0,23000.0,31000.0,36500.0,29667.0,24500.0,32000.0,35000.0,33000.0,32250.0,28000.0,38000.0,44000.0,31167.0,30000.0,26000.0,30000.0,28500.0
2025-09-20,29333.0,34000.0,27500.0,38500.0,28000.0,37333.0,29600.0,28333.0,41000.0,31750.0,33333.0,34325.0,39333.0,31800.0,34388.0,29333.0,37667.0,33667.0,29000.0,35333.0,35500.0,23000.0,31000.0,36500.0,28333.0,24500.0,32000.0,35000.0,32000.0,33750.0,28000.0,38000.0,42000.0,30833.0,30000.0,26000.0,29333.0,28167.0
2025-09-21,29333.0,33600.0,27500.0,38500.0,28125.0,37333.0,29200.0,28333.0,41000.0,31750.0,33333.0,35150.0,39333.0,32200.0,34388.0,30667.0,38667.0,34333.0,29000.0,35667.0,35500.0,23000.0,31000.0,36500.0,28333.0,24500.0,32000.0,35000.0,32000.0,33750.0,28000.0,38000.0,42000.0,30833.0,30000.0,28000.0,29333.0,28833.0
2025-09-22,29333.0,31800.0,30000.0,38500.0,27250.0,33667.0,29200.0,28333.0,42000.0,32000.0,34000.0,33900.0,38333.0,31000.0,32888.0,30333.0,40000.0,36000.0,29000.0,36333.0,35500.0,21667.0,31000.0,32500.0,28333.0,24500.0,31000.0,33333.0,32500.0,35000.0,29000.0,39667.0,36667.0,31667.0,31000.0,28000.0,26000.0,28500.0
2025-09-23,29333.0,31800.0,31000.0,38500.0,27500.0,33667.0,29000.0,28333.0,41333.0,32000.0,38667.0,33650.0,38333.0,31000.0,36138.0,30333.0,40000.0,36000.0,29000.0,36333.0,35500.0,23000.0,31000.0,31000.0,28333.0,24500.0,31500.0,31667.0,31750.0,35000.0,28500.0,36667.0,36333.0,31667.0,31000.0,28000.0,26667.0,29000.0
2025-09-24,29333.0,31200.0,32500.0,38500.0,27500.0,36333.0,27800.0,31333.0,40333.0,32000.0,38667.0,33250.0,38333.0,30800.0,36138.0,30333.0,39333.0,36000.0,29000.0,36333.0,35500.0,23000.0,30500.0,31500.0,28333.0,23500.0,29000.0,30667.0,31750.0,35750.0,28500.0,35000.0,36333.0,31667.0,30000.0,28000.0,27333.0,29500.0
2025-09-25,29333.0,31200.0,32500.0,40000.0,26000.0,36333.0,28400.0,31333.0,34667.0,31250.0,38667.0,33575.0,38333.0,30000.0,36625.0,33000.0,37000.0,36000.0,29000.0,36333.0,35500.0,23333.0,30500.0,31500.0,28333.0,23500.0,29000.0,30667.0,31500.0,35750.0,28000.0,37333.0,36000.0,30833.0,31000.0,28000.0,27667.0,29167.0
2025-09-26,29333.0,30800.0,32500.0,35000.0,26000.0,37000.0,28400.0,30333.0,33000.0,31250.0,41000.0,33650.0,38333.0,30400.0,36125.0,33000.0,38000.0,34333.0,29000.0,34667.0,35500.0,23333.0,31000.0,31500.0,28333.0,23500.0,29000.0,30000.0,32000.0,37000.0,28000.0,33333.0,36000.0,31667.0,30000.0,28000.0,28333.0,30500.0
2025-09-27,29333.0,31200.0,32500.0,35000.0,26625.0,37000.0,28000.0,30333.0,32667.0,31250.0,41000.0,33500.0,38333.0,30400.0,36125.0,33000.0,38000.0,34333.0,30000.0,34667.0,35500.0,23333.0,31000.0,31500.0,28667.0,23500.0,29000.0,30000.0,31500.0,37500.0,28000.0,34333.0,36000.0,31667.0,30000.0,28000.0,27667.0,30000.0
2025-09-28,29333.0,30800.0,32500.0,35000.0,27000.0,37000.0,29200.0,30333.0,32333.0,31250.0,41000.0,32150.0,38333.0,31000.0,36125.0,30667.0,38667.0,32667.0,30000.0,36333.0,35500.0,23333.0,31000.0,30000.0,29000.0,23500.0,31000.0,30000.0,32000.0,37500.0,28000.0,32667.0,36000.0,31333.0,30000.0,28000.0,27333.0,29500.0
2025-09-29,29333.0,30800.0,32000.0,32500.0,25750.0,36000.0,27400.0,30333.0,32000.0,31250.0,43000.0,31725.0,41667.0,31400.0,34875.0,30667.0,38667.0,32667.0,32500.0,34667.0,35500.0,23333.0,31000.0,40000.0,29000.0,23500.0,26500.0,29333.0,30500.0,37500.0,28000.0,32333.0,38333.0,31333.0,30000.0,28000.0,27333.0,28833.0
2025-09-30,29333.0,30800.0,32000.0,32500.0,25750.0,36000.0,27000.0,31000.0,31667.0,31250.0,43000.0,32075.0,41667.0,29800.0,35125.0,30333.0,39333.0,32667.0,32500.0,34667.0,35500.0,29333.0,31000.0,29500.0,29000.0,22500.0,27500.0,26667.0,30500.0,36250.0,28000.0,32333.0,39333.0,30500.0,30000.0,28000.0,27333.0,29000.0
2025-10-01,29333.0,30800.0,31000.0,32500.0,26250.0,36000.0,27400.0,31000.0,31000.0,31250.0,45000.0,31500.0,35667.0,30300.0,35125.0,30000.0,37667.0,32667.0,32500.0,34667.0,33500.0,29333.0,29000.0,29500.0,29000.0,22500.0,26500.0,27333.0,30000.0,36250.0,27000.0,32000.0,39333.0,30667.0,30000.0,23000.0,25000.0,29500.0
2025-10-02,29333.0,30400.0,30000.0,32500.0,26750.0,30667.0,27400.0,30333.0,31000.0,27500.0,45000.0,31500.0,35667.0,33200.0,35125.0,30000.0,38667.0,32667.0,32500.0,33000.0,33500.0,29333.0,29000.0,30000.0,29333.0,22500.0,27500.0,27333.0,29750.0,36250.0,27000.0,31667.0,40000.0,30667.0,30000.0,23000.0,27333.0,28667.0
2025-10-03,29333.0,30400.0,30000.0,32500.0,26875.0,30667.0,26600.0,30333.0,31000.0,26250.0,45000.0,30000.0,36000.0,33200.0,34625.0,31333.0,36667.0,31000.0,30000.0,32667.0,33500.0,29333.0,27000.0,30000.0,29333.0,22500.0,25500.0,27667.0,29500.0,35500.0,27000.0,32000.0,39333.0,30500.0,30000.0,23000.0,26667.0,28000.0
2025-10-04,29333.0,32200.0,30000.0,35000.0,26875.0,30667.0,26800.0,30333.0,31667.0,26250.0,34667.0,32075.0,36000.0,31000.0,34625.0,31333.0,36667.0,31000.0,30000.0,32667.0,33500.0,29333.0,27000.0,31000.0,29667.0,22500.0,25500.0,27667.0,30500.0,34250.0,27000.0,33000.0,39333.0,30500.0,30000.0,24000.0,26667.0,29500.0
2025-10-05,29333.0,32200.0,30000.0,35000.0,27250.0,30667.0,26800.0,30333.0,31667.0,26250.0,34667.0,34000.0,36000.0,31000.0,34625.0,31333.0,36667.0,31000.0,30000.0,32667.0,33500.0,29333.0,27000.0,31000.0,29667.0,22500.0,25500.0,27667.0,30500.0,34250.0,28000.0,33000.0,39000.0,30500.0,30000.0,24000.0,26333.0,29167.0
2025-10-06,29333.0,31600.0,31500.0,32500.0,25500.0,31667.0,27800.0,28667.0,32000.0,26250.0,34667.0,33500.0,38333.0,31000.0,34638.0,31000.0,40000.0,31667.0,32500.0,34333.0,33500.0,28000.0,31000.0,31000.0,28333.0,24500.0,29000.0,29000.0,31750.0,34250.0,29000.0,30667.0,37333.0,30500.0,30000.0,27000.0,26333.0,29167.0
2025-10-07,30000.0,31800.0,31500.0,32500.0,25500.0,31667.0,27600.0,28667.0,33667.0,26250.0,34667.0,33500.0,38333.0,31000.0,36138.0,31667.0,40000.0,31667.0,32500.0,34333.0,33500.0,28000.0,31000.0,31000.0,29000.0,23500.0,29000.0,30000.0,31750.0,33750.0,29000.0,33333.0,36333.0,31000.0,30000.0,27000.0,27333.0,29167.0
2025-10-08,30000.0,31600.0,31500.0,32500.0,26250.0,31667.0,27800.0,28667.0,34000.0,26250.0,35000.0,33150.0,37333.0,30600.0,36138.0,30333.0,36333.0,29333.0,32500.0,34333.0,33500.0,25333.0,33500.0,31000.0,29000.0,23500.0,28500.0,30000.0,31750.0,34250.0,28000.0,34000.0,36000.0,31000.0,30000.0,27000.0,24000.0,28333.0
2025-10-09,30000.0,31400.0,30000.0,32500.0,26250.0,30000.0,26800.0,28667.0,34000.0,26250.0,35000.0,32250.0,36667.0,30800.0,34888.0,30333.0,35000.0,29333.0,32500.0,34333.0,33500.0,24667.0,33500.0,31000.0,29667.0,23500.0,27000.0,28667.0,31250.0,34500.0,28000.0,34000.0,36000.0,29833.0,30000.0,27000.0,24000.0,29167.0
2025-10-10,30000.0,32800.0,30000.0,32500.0,26250.0,30000.0,27400.0,28667.0,34000.0,26250.0,30000.0,31750.0,36667.0,30800.0,34888.0,30333.0,35000.0,29333.0,32500.0,34333.0,33500.0,24667.0,32500.0,30000.0,29667.0,23500.0,26500.0,29333.0,30750.0,35750.0,27000.0,33000.0,36000.0,29833.0,31000.0,27000.0,24000.0,28667.0
2025-10-11,30000.0,33250.0,30000.0,32500.0,26250.0,30000.0,27400.0,28667.0,34000.0,26250.0,30000.0,22758.0,36667.0,30800.0,34888.0,28333.0,35000.0,29333.0,32500.0,34333.0,30000.0,24667.0,32500.0,30000.0,29667.0,23500.0,26500.0,29333.0,30250.0,35750.0,25500.0,33000.0,36000.0,29833.0,31000.0,27000.0,24000.0,29333.0
2025-10-12,30000.0,33800.0,30000.0,30000.0,26375.0,30000.0,27400.0,28667.0,34000.0,26250.0,29667.0,22332.0,36667.0,30800.0,34888.0,24667.0,35000.0,29333.0,32500.0,34000.0,30000.0,24667.0,32500.0,30000.0,30333.0,23500.0,29500.0,29333.0,29000.0,36250.0,25500.0,33000.0,35667.0,29833.0,31000.0,27000.0,25000.0,28833.0
2025-10-13,30000.0,31000.0,28500.0,29000.0,25500.0,26333.0,28200.0,28333.0,32667.0,27250.0,29667.0,22332.0,34000.0,30800.0,32888.0,24333.0,35000.0,29333.0,30000.0,34000.0,30000.0,24667.0,28000.0,30000.0,30333.0,22500.0,26000.0,26667.0,28000.0,36250.0,25500.0,29333.0,33667.0,29833.0,30000.0,22000.0,23333.0,25000.0
2025-10-14,30000.0,30800.0,28000.0,30000.0,25500.0,26333.0,27200.0,28333.0,29000.0,23000.0,29667.0,26000.0,34000.0,30400.0,26388.0,24333.0,32333.0,27333.0,32500.0,33500.0,30000.0,25000.0,28000.0,29000.0,30333.0,22500.0,23500.0,26000.0,27250.0,33750.0,25000.0,28667.0,31667.0,29000.0,28000.0,22000.0,21000.0,25000.0
2025-10-15,28000.0,30800.0,28000.0,30000.0,26000.0,26333.0,25600.0,28333.0,28000.0,22750.0,30000.0,25750.0,29000.0,29800.0,26288.0,23333.0,31333.0,27333.0,31500.0,33500.0,26000.0,25000.0,27000.0,29000.0,28667.0,22500.0,22500.0,26000.0,27250.0,34250.0,21500.0,28333.0,31667.0,29000.0,28000.0,22000.0,22333.0,25333.0
2025-10-16,28000.0,30400.0,26000.0,30000.0,24250.0,26333.0,24400.0,28333.0,27000.0,22250.0,26667.0,25000.0,29000.0,29400.0,26288.0,24333.0,34000.0,28000.0,31500.0,33000.0,22500.0,25000.0,27000.0,29000.0,28667.0,21000.0,21500.0,26000.0,27000.0,34250.0,21000.0,28333.0,28667.0,29000.0,28000.0,22000.0,22667.0,25000.0
2025-10-17,28000.0,29400.0,26000.0,29000.0,24250.0,25333.0,23400.0,28333.0,26667.0,22250.0,26667.0,25000.0,28333.0,28000.0,26288.0,24333.0,33333.0,28000.0,31500.0,33000.0,22500.0,25000.0,26000.0,26000.0,28000.0,21000.0,21500.0,25667.0,27000.0,33000.0,21000.0,27667.0,28667.0,29000.0,28000.0,22000.0,21000.0,24667.0
2025-10-18,28000.0,29200.0,26000.0,29000.0,24250.0,25333.0,23400.0,28333.0,26667.0,22250.0,26667.0,24250.0,28333.0,28000.0,26288.0,24000.0,33333.0,28000.0,31500.0,33000.0,22500.0,25000.0,26000.0,26000.0,28000.0,21000.0,21500.0,25667.0,25500.0,32000.0,21000.0,25667.0,29333.0,29000.0,28000.0,20000.0,20667.0,23500.0
2025-10-19,28000.0,28400.0,26000.0,29000.0,24250.0,25333.0,23400.0,28333.0,26667.0,22250.0,26333.0,24000.0,28333.0,27400.0,26288.0,22667.0,35000.0,25667.0,31500.0,32667.0,22500.0,25000.0,26000.0,23500.0,27333.0,21000.0,21500.0,25667.0,24000.0,32000.0,21000.0,25000.0,28667.0,28667.0,28000.0,20000.0,20667.0,23667.0
2025-10-20,28000.0,27200.0,26500.0,26500.0,18500.0,23667.0,20800.0,19333.0,25667.0,17500.0,26333.0,23075.0,28333.0,24800.0,25538.0,20000.0,28667.0,24000.0,32500.0,26333.0,21500.0,28667.0,26500.0,20000.0,27333.0,20000.0,19000.0,22333.0,23000.0,32250.0,18000.0,23667.0,28333.0,27000.0,28000.0,20000.0,19000.0,23833.0
2025-10-21,28000.0,23400.0,24500.0,26500.0,18875.0,23333.0,19400.0,19333.0,32667.0,17500.0,26333.0,22150.0,28333.0,24000.0,25500.0,20000.0,27667.0,22333.0,32500.0,26333.0,21500.0,28667.0,26500.0,20000.0,27333.0,19000.0,19000.0,22000.0,22000.0,29750.0,18000.0,21000.0,26667.0,27000.0,28000.0,20000.0,16667.0,22167.0
2025-10-22,28000.0,24400.0,20500.0,25000.0,19250.0,22667.0,20000.0,19333.0,31667.0,17500.0,28667.0,21075.0,28000.0,24000.0,25750.0,20667.0,27667.0,22333.0,32500.0,26000.0,21500.0,28667.0,26500.0,20000.0,27333.0,19000.0,17500.0,24333.0,22000.0,28250.0,18500.0,22333.0,26667.0,25333.0,28000.0,20000.0,18333.0,22167.0
2025-10-23,28000.0,23600.0,19500.0,25000.0,18500.0,22000.0,19400.0,17667.0,31667.0,18750.0,28667.0,21250.0,28000.0,22200.0,25750.0,21667.0,27000.0,21667.0,30000.0,25667.0,21500.0,28000.0,26500.0,20000.0,26333.0,19000.0,19000.0,24333.0,22000.0,28250.0,18500.0,22333.0,26667.0,25333.0,27000.0,20000.0,18000.0,22167.0
2025-10-24,28000.0,23200.0,19500.0,25000.0,18750.0,22000.0,19200.0,17667.0,22000.0,18750.0,28667.0,21900.0,28000.0,21200.0,25750.0,21000.0,26000.0,24000.0,30000.0,25667.0,21500.0,28000.0,25000.0,20000.0,26333.0,19000.0,18500.0,24333.0,22750.0,30000.0,20000.0,23000.0,26667.0,25333.0,26000.0,20000.0,17333.0,21833.0
2025-10-25,28000.0,23200.0,19500.0,25000.0,18750.0,22000.0,19200.0,17667.0,22000.0,18750.0,28667.0,22250.0,28000.0,20800.0,25750.0,21000.0,25333.0,25667.0,29500.0,25667.0,21500.0,28000.0,25000.0,20000.0,25667.0,19000.0,19000.0,24000.0,22500.0,28750.0,20000.0,22333.0,26667.0,25333.0,26000.0,20000.0,17000.0,22667.0
2025-10-26,28000.0,22800.0,19500.0,25000.0,18750.0,22000.0,19200.0,17667.0,22000.0,18750.0,28667.0,21250.0,28000.0,20800.0,25750.0,20000.0,25333.0,25667.0,24500.0,25667.0,21500.0,25667.0,25000.0,20000.0,25667.0,19000.0,19000.0,24000.0,22500.0,28750.0,20000.0,22333.0,26667.0,25333.0,26000.0,20000.0,16667.0,21500.0
2025-10-27,28000.0,21200.0,19500.0,22500.0,17000.0,22000.0,18600.0,17667.0,21667.0,19000.0,28667.0,22750.0,28000.0,20400.0,25500.0,20000.0,27000.0,21667.0,24500.0,25000.0,19500.0,24667.0,22000.0,20000.0,26667.0,19000.0,16000.0,21333.0,22000.0,29500.0,17000.0,23000.0,26333.0,25333.0,22000.0,20000.0,15667.0,21500.0
2025-10-28,24667.0,21600.0,19500.0,22500.0,17125.0,21000.0,18800.0,17667.0,21667.0,17000.0,28667.0,21750.0,28000.0,20400.0,25500.0,20333.0,26333.0,21667.0,24500.0,25000.0,19500.0,24667.0,22000.0,20000.0,26000.0,19000.0,17500.0,21333.0,22250.0,29500.0,17500.0,22333.0,26000.0,25333.0,22000.0,20000.0,15000.0,21500.0
2025-10-29,24667.0,23400.0,20000.0,22500.0,17250.0,21000.0,19400.0,20000.0,21333.0,17000.0,28667.0,22250.0,28000.0,19200.0,25250.0,20333.0,27000.0,21000.0,24500.0,25000.0,19500.0,24667.0,23500.0,20000.0,26000.0,19000.0,19000.0,21333.0,21000.0,29500.0,20000.0,23000.0,28667.0,25333.0,23000.0,20000.0,15333.0,22000.0
2025-10-30,24667.0,24800.0,20000.0,22500.0,16750.0,21667.0,20000.0,20000.0,21333.0,16250.0,28000.0,21750.0,28000.0,19200.0,25250.0,20333.0,27000.0,21667.0,24500.0,25333.0,21000.0,24667.0,23500.0,20000.0,26000.0,19000.0,19000.0,21333.0,22000.0,28750.0,20000.0,23333.0,27000.0,24667.0,23000.0,17000.0,17333.0,21833.0
2025-10-31,24667.0,24400.0,20000.0,22500.0,16750.0,21667.0,21800.0,20000.0,22000.0,16250.0,28000.0,26000.0,26333.0,19200.0,25738.0,20333.0,27000.0,20333.0,24500.0,25333.0,21000.0,24667.0,22500.0,24000.0,26000.0,19000.0,20000.0,21333.0,22000.0,28750.0,18500.0,24333.0,27333.0,24667.0,23000.0,17000.0,17000.0,21000.0
2025-11-01,24667.0,24000.0,20000.0,21000.0,17000.0,21667.0,21800.0,20000.0,22000.0,16250.0,28000.0,22000.0,26333.0,19200.0,25738.0,20333.0,27000.0,20333.0,24500.0,25333.0,21000.0,24667.0,22500.0,25000.0,26000.0,19000.0,20000.0,21333.0,22000.0,27500.0,18500.0,23667.0,28000.0,24667.0,23000.0,17000.0,17000.0,21333.0
2025-11-02,24667.0,24000.0,20000.0,21000.0,17000.0,21667.0,21800.0,20000.0,22000.0,16250.0,28000.0,21750.0,26333.0,19200.0,25738.0,20333.0,27000.0,20333.0,24500.0,26000.0,21000.0,24667.0,22500.0,25000.0,26000.0,19000.0,20000.0,21333.0,21750.0,27500.0,18500.0,23667.0,28000.0,24333.0,23000.0,17000.0,17000.0,21500.0
2025-11-03,24667.0,24000.0,20000.0,20000.0,17000.0,21333.0,21600.0,20000.0,24667.0,16250.0,28000.0,20750.0,26333.0,20600.0,25488.0,20667.0,26000.0,23000.0,24500.0,24333.0,21000.0,24667.0,21000.0,24000.0,26000.0,20000.0,19000.0,21333.0,20750.0,29250.0,16500.0,24000.0,28333.0,24333.0,22500.0,17000.0,15667.0,22167.0
2025-11-04,24667.0,24000.0,20000.0,20000.0,17000.0,21333.0,21200.0,20000.0,24333.0,16250.0,27667.0,20400.0,26333.0,21000.0,25738.0,20667.0,26000.0,23000.0,24500.0,24333.0,19500.0,24667.0,21000.0,21500.0,26000.0,20000.0,18500.0,21333.0,21750.0,29250.0,17000.0,22000.0,28667.0,24333.0,21500.0,17000.0,16333.0,22333.0
2025-11-05,24667.0,24400.0,17500.0,20000.0,17250.0,21333.0,21200.0,22333.0,24333.0,16250.0,27667.0,21750.0,26000.0,21000.0,25488.0,22000.0,27000.0,21667.0,24500.0,25000.0,19500.0,24667.0,21500.0,21500.0,25000.0,19000.0,18000.0,20667.0,21750.0,26000.0,19000.0,22333.0,27333.0,24333.0,21500.0,17000.0,15667.0,22000.0
2025-11-06,24667.0,23400.0,17500.0,20000.0,18500.0,23333.0,22400.0,22333.0,24333.0,19500.0,28000.0,22000.0,26000.0,20800.0,25488.0,22000.0,26333.0,21667.0,24500.0,25000.0,19500.0,24667.0,21500.0,20000.0,24333.0,19000.0,20000.0,20667.0,22000.0,24750.0,20000.0,24000.0,27333.0,24333.0,21000.0,18000.0,17333.0,22333.0
2025-11-07,24667.0,23400.0,17500.0,22500.0,18500.0,23333.0,22600.0,22333.0,24333.0,20500.0,28000.0,23900.0,26000.0,20800.0,25488.0,23333.0,26333.0,21667.0,26500.0,25000.0,19500.0,24667.0,25000.0,24000.0,24333.0,19000.0,21000.0,20667.0,21750.0,25000.0,20000.0,25333.0,27333.0,25167.0,22000.0,18000.0,19667.0,22000.0
2025-11-08,24667.0,23200.0,17500.0,22500.0,18500.0,23333.0,22200.0,22333.0,24333.0,20500.0,26333.0,22575.0,26000.0,22000.0,25488.0,23333.0,28000.0,21667.0,26500.0,25100.0,19500.0,24667.0,25000.0,26500.0,25000.0,19000.0,21000.0,20667.0,21750.0,25750.0,20000.0,26000.0,26667.0,26833.0,21000.0,20000.0,19000.0,22000.0
2025-11-09,24667.0,23200.0,17500.0,22500.0,18500.0,23333.0,21800.0,22333.0,24333.0,20500.0,26333.0,23250.0,26000.0,22000.0,25488.0,23000.0,28000.0,21667.0,26500.0,25100.0,19500.0,24667.0,25000.0,26500.0,24333.0,19000.0,18500.0,20667.0,21750.0,25750.0,19000.0,25333.0,26667.0,26833.0,21000.0,20000.0,18333.0,21500.0
2025-11-10,24000.0,23200.0,20000.0,26000.0,18000.0,23333.0,20600.0,22000.0,24333.0,20250.0,26333.0,23500.0,26000.0,23400.0,25488.0,22333.0,28667.0,22333.0,26500.0,25100.0,19500.0,24667.0,23500.0,24000.0,21667.0,20000.0,20500.0,20667.0,21500.0,25750.0,19000.0,23333.0,26667.0,26500.0,21000.0,21000.0,19333.0,21500.0
2025-11-11,24000.0,22400.0,20000.0,26000.0,18000.0,24000.0,21400.0,21667.0,24333.0,20250.0,26333.0,23500.0,26000.0,22600.0,26162.0,22667.0,30000.0,22333.0,25000.0,25000.0,19500.0,22667.0,23500.0,24000.0,21667.0,20000.0,21000.0,20667.0,21000.0,27250.0,21000.0,26333.0,26667.0,26500.0,21000.0,21000.0,17333.0,21833.0
2025-11-12,24000.0,23200.0,21000.0,26000.0,18250.0,23667.0,24000.0,27667.0,25667.0,22000.0,26333.0,27250.0,27000.0,21800.0,26662.0,24667.0,30000.0,22333.0,26500.0,26667.0,19500.0,20000.0,24500.0,24000.0,21667.0,20000.0,25000.0,23667.0,24500.0,29000.0,22000.0,27667.0,30000.0,25667.0,23000.0,21000.0,17333.0,22667.0
2025-11-13,24000.0,25000.0,21000.0,28500.0,18250.0,23667.0,24600.0,27667.0,25667.0,23000.0,26333.0,29325.0,27000.0,22400.0,27662.0,24667.0,35333.0,25667.0,30000.0,26667.0,27000.0,20000.0,24500.0,24000.0,22333.0,20000.0,25000.0,24333.0,25000.0,29250.0,24000.0,29333.0,31000.0,25667.0,24500.0,21000.0,23000.0,23833.0
2025-11-14,24000.0,25600.0,19500.0,27500.0,18250.0,23667.0,25800.0,27667.0,25667.0,23000.0,26333.0,30500.0,29333.0,22800.0,29412.0,29000.0,36333.0,25667.0,30000.0,26667.0,27000.0,20000.0,24500.0,25500.0,22333.0,20000.0,28500.0,24667.0,25000.0,28000.0,24000.0,30667.0,31000.0,26667.0,25500.0,21000.0,21667.0,22667.0
2025-11-15,24000.0,25600.0,19500.0,27500.0,18250.0,23667.0,25800.0,27667.0,26333.0,23000.0,26333.0,29750.0,29333.0,22600.0,29412.0,28333.0,36333.0,25667.0,27500.0,27000.0,28500.0,20000.0,24500.0,26500.0,22333.0,20000.0,29500.0,24667.0,25750.0,28250.0,24000.0,32333.0,30333.0,25333.0,25500.0,21000.0,21667.0,24500.0
2025-11-16,24000.0,25600.0,19500.0,30000.0,18250.0,23667.0,25800.0,27667.0,28000.0,23000.0,26667.0,31150.0,29333.0,22600.0,29412.0,28000.0,36333.0,25667.0,32000.0,27333.0,28500.0,20000.0,24500.0,27000.0,23000.0,20000.0,30500.0,24667.0,25750.0,26750.0,24000.0,33000.0,30333.0,25333.0,25500.0,21000.0,21667.0,24333.0
2025-11-17,24000.0,32400.0,19000.0,37500.0,24750.0,30667.0,34000.0,37333.0,31667.0,23000.0,27000.0,32900.0,37000.0,29000.0,29412.0,28667.0,39333.0,29333.0,32000.0,32000.0,28500.0,21000.0,34000.0,27000.0,25333.0,30000.0,31000.0,31667.0,32500.0,28000.0,31000.0,35000.0,37667.0,25333.0,27500.0,28000.0,26667.0,28667.0
2025-11-18,24000.0,33600.0,32500.0,42500.0,24750.0,30667.0,35400.0,37333.0,34667.0,23000.0,31333.0,40000.0,37000.0,31000.0,29412.0,38667.0,50667.0,29333.0,34000.0,37333.0,28500.0,21333.0,34000.0,33000.0,25333.0,30000.0,37500.0,33667.0,41500.0,31000.0,37500.0,40667.0,37667.0,25333.0,27500.0,28000.0,28333.0,33333.0
2025-11-19,24000.0,34400.0,37500.0,42500.0,24750.0,34000.0,36400.0,37333.0,35667.0,23000.0,35000.0,43750.0,39333.0,34200.0,29412.0,39333.0,51333.0,29667.0,35000.0,36167.0,33000.0,21333.0,34000.0,33000.0,28667.0,35000.0,39500.0,33667.0,42750.0,31000.0,37500.0,43000.0,40000.0,26167.0,27500.0,32000.0,30000.0,31833.0
2025-11-20,26000.0,35600.0,39000.0,42500.0,26250.0,32667.0,34800.0,37333.0,36000.0,24250.0,35000.0,38150.0,39333.0,34200.0,29412.0,36333.0,46667.0,30000.0,37500.0,38333.0,38000.0,22000.0,34000.0,36500.0,30333.0,35000.0,40000.0,35000.0,42750.0,39000.0,34500.0,42667.0,40000.0,28333.0,28000.0,32000.0,30000.0,32333.0
2025-11-21,26000.0,35200.0,36000.0,42500.0,26250.0,32667.0,32800.0,37333.0,34333.0,24250.0,39333.0,39150.0,40333.0,35000.0,29912.0,32000.0,46000.0,31000.0,37500.0,38667.0,38000.0,23667.0,36500.0,34000.0,30333.0,35000.0,39000.0,35000.0,35250.0,36000.0,33000.0,41000.0,39000.0,28333.0,30000.0,32000.0,30667.0,31333.0
2025-11-22,26000.0,37000.0,36000.0,42500.0,26250.0,32667.0,34000.0,37333.0,33000.0,24250.0,39667.0,42000.0,40333.0,35000.0,29912.0,32000.0,45000.0,31000.0,35000.0,38667.0,38000.0,23667.0,36500.0,34000.0,30333.0,35000.0,38500.0,35000.0,37750.0,38500.0,34000.0,41000.0,39333.0,28333.0,30000.0,32000.0,28333.0,32500.0
2025-11-23,26000.0,37400.0,36000.0,42500.0,26250.0,32667.0,34000.0,37333.0,34000.0,24250.0,39667.0,43400.0,40333.0,34400.0,29912.0,38333.0,45000.0,31000.0,40000.0,39000.0,38000.0,23667.0,36500.0,36500.0,31333.0,35000.0,40000.0,35000.0,39500.0,39750.0,34000.0,43000.0,39333.0,28833.0,32500.0,32000.0,33000.0,32167.0
2025-11-24,27000.0,38400.0,37000.0,45000.0,33500.0,36667.0,35800.0,37667.0,38000.0,32000.0,45333.0,44150.0,42000.0,33400.0,31662.0,40333.0,50000.0,31667.0,42500.0,39000.0,38000.0,24667.0,36500.0,37500.0,31333.0,40000.0,42500.0,35333.0,42000.0,39875.0,39000.0,47333.0,49333.0,32167.0,33500.0,32000.0,34667.0,33167.0
2025-11-25,27000.0,39000.0,37000.0,45000.0,33625.0,36667.0,37000.0,37667.0,38333.0,32000.0,40667.0,44250.0,42000.0,33200.0,31662.0,40000.0,48333.0,37667.0,42500.0,37333.0,43000.0,24667.0,36500.0,37500.0,31333.0,41000.0,41500.0,35333.0,42000.0,39875.0,39000.0,44333.0,49333.0,35333.0,36000.0,32000.0,33333.0,33000.0
2025-11-26,27000.0,41200.0,39000.0,45000.0,33500.0,36667.0,38200.0,37667.0,40333.0,32000.0,41333.0,44000.0,42000.0,34800.0,31700.0,41000.0,50000.0,38667.0,42500.0,37333.0,43000.0,24667.0,35000.0,38500.0,31333.0,42000.0,42000.0,35333.0,40500.0,37500.0,40000.0,45333.0,49333.0,35333.0,34500.0,32000.0,33333.0,35000.0
2025-11-27,27000.0,43200.0,37000.0,45000.0,34250.0,36000.0,40600.0,40000.0,40667.0,32000.0,41333.0,44000.0,44333.0,35000.0,33200.0,41333.0,50000.0,38667.0,42500.0,39333.0,43000.0,24667.0,35000.0,38500.0,30333.0,41000.0,44000.0,37667.0,41250.0,36750.0,42000.0,46000.0,49333.0,40833.0,34500.0,36000.0,33333.0,34167.0
2025-11-28,27000.0,43600.0,38000.0,47500.0,34250.0,39333.0,46000.0,41000.0,42667.0,35750.0,41333.0,46150.0,47000.0,35000.0,35700.0,43667.0,51667.0,43333.0,42500.0,39333.0,43000.0,24667.0,47500.0,43500.0,30333.0,45000.0,48000.0,42333.0,42500.0,36750.0,43500.0,48333.0,52000.0,40833.0,36000.0,36000.0,35000.0,39333.0
2025-11-29,27000.0,46600.0,38000.0,47500.0,34250.0,39333.0,46000.0,41000.0,45000.0,35750.0,43000.0,55250.0,47000.0,35000.0,35700.0,47333.0,55000.0,53333.0,42500.0,47667.0,43000.0,24667.0,47500.0,52000.0,32000.0,45000.0,48000.0,43333.0,47250.0,36500.0,43500.0,55333.0,52000.0,40833.0,37500.0,36000.0,35000.0,45500.0
2025-11-30,27000.0,48000.0,38000.0,47500.0,34375.0,39333.0,47200.0,41000.0,49333.0,35750.0,43000.0,63450.0,47000.0,38800.0,35700.0,57667.0,72333.0,53333.0,42500.0,51500.0,50000.0,24667.0,47500.0,55000.0,38000.0,45000.0,48000.0,43333.0,51000.0,37750.0,61000.0,69000.0,55333.0,40833.0,39000.0,36000.0,43333.0,44667.0
2025-12-01,27000.0,57400.0,60000.0,70000.0,51750.0,49000.0,62400.0,41000.0,58000.0,45750.0,54667.0,67300.0,53333.0,40200.0,38200.0,71667.0,75000.0,58333.0,50000.0,51667.0,50000.0,24667.0,60000.0,57000.0,38000.0,47500.0,54000.0,54333.0,59500.0,38375.0,65000.0,71667.0,74000.0,41667.0,38500.0,43000.0,53333.0,51667.0
2025-12-02,30000.0,63600.0,62500.0,70000.0,51750.0,52333.0,66800.0,53333.0,59333.0,45750.0,54667.0,69125.0,53333.0,41200.0,38200.0,75000.0,78667.0,56667.0,60000.0,56600.0,50000.0,24667.0,60000.0,62000.0,38000.0,80000.0,67500.0,59333.0,67250.0,50000.0,67500.0,74000.0,75667.0,46167.0,41500.0,43000.0,58333.0,55500.0
2025-12-03,40000.0,67600.0,69000.0,77500.0,51750.0,70000.0,68200.0,53333.0,68333.0,45750.0,80000.0,82250.0,76667.0,41200.0,75000.0,75000.0,88333.0,63333.0,60000.0,62267.0,50000.0,24667.0,59000.0,77500.0,38000.0,85000.0,75000.0,62667.0,71000.0,70625.0,77000.0,87667.0,78333.0,50667.0,52500.0,60000.0,71667.0,63833.0
2025-12-04,50000.0,70000.0,65000.0,92500.0,63250.0,71667.0,74400.0,83333.0,68333.0,52000.0,80000.0,85000.0,78333.0,48300.0,77000.0,80667.0,90000.0,71667.0,72500.0,67233.0,62000.0,24667.0,59000.0,77500.0,43000.0,85000.0,81500.0,70667.0,74500.0,67500.0,76500.0,91000.0,78333.0,58167.0,65000.0,65000.0,76667.0,63833.0
2025-12-05,60000.0,71400.0,65000.0,92500.0,63250.0,73000.0,76400.0,83333.0,69000.0,52000.0,80000.0,81750.0,80667.0,50600.0,76750.0,81333.0,90000.0,73333.0,75000.0,65833.0,84500.0,24667.0,59000.0,75500.0,44667.0,85000.0,78500.0,83000.0,76750.0,71250.0,76600.0,85333.0,78333.0,58167.0,70000.0,65000.0,78333.0,65000.0
2025-12-06,60000.0,74000.0,65000.0,92500.0,63250.0,73000.0,76400.0,81000.0,71667.0,53000.0,80000.0,88000.0,80667.0,50600.0,77250.0,81333.0,90000.0,71667.0,80000.0,63000.0,84500.0,30000.0,59000.0,76000.0,44667.0,85000.0,80000.0,84000.0,75500.0,71250.0,80000.0,88333.0,78333.0,69833.0,73500.0,65000.0,76667.0,63333.0
2025-12-07,60000.0,75000.0,65000.0,95000.0,63250.0,73000.0,76400.0,81000.0,73000.0,65000.0,80333.0,88000.0,80667.0,52000.0,77250.0,83667.0,90000.0,71667.0,77500.0,63167.0,84500.0,30000.0,67500.0,76000.0,43667.0,85000.0,79000.0,84000.0,75500.0,71250.0,81000.0,91667.0,78333.0,69833.0,76000.0,65000.0,76667.0,68000.0
2025-12-08,60000.0,81400.0,76500.0,92500.0,70500.0,76333.0,83800.0,84333.0,74667.0,70000.0,80333.0,86400.0,83333.0,59800.0,77250.0,83667.0,96667.0,78000.0,77500.0,65500.0,84500.0,33000.0,77500.0,75500.0,49667.0,85000.0,82500.0,77667.0,79250.0,75000.0,81000.0,86000.0,80667.0,72500.0,76000.0,76000.0,75000.0,74667.0
2025-12-09,65000.0,82400.0,77500.0,92500.0,70500.0,73333.0,83200.0,82333.0,76333.0,73750.0,97667.0,87300.0,83333.0,63600.0,77250.0,84333.0,95000.0,78000.0,77500.0,66400.0,84500.0,39667.0,77500.0,77500.0,49667.0,82500.0,81000.0,78667.0,80250.0,75000.0,80500.0,86333.0,86667.0,72500.0,76000.0,76000.0,76667.0,73833.0
2025-12-10,70000.0,83000.0,79000.0,92500.0,70500.0,71667.0,83200.0,80667.0,76333.0,77500.0,98000.0,85250.0,82667.0,63600.0,78500.0,84667.0,95000.0,78000.0,77500.0,69833.0,86000.0,65333.0,77500.0,81000.0,49667.0,82500.0,79500.0,79333.0,81250.0,80000.0,76000.0,87667.0,86667.0,73500.0,76000.0,76000.0,75000.0,70667.0
2025-12-11,75000.0,81400.0,76000.0,87500.0,69500.0,71667.0,79600.0,80667.0,71333.0,77500.0,98333.0,80150.0,82667.0,69200.0,76000.0,74667.0,90000.0,78667.0,87500.0,66500.0,86000.0,67333.0,77500.0,80000.0,72667.0,80000.0,73500.0,77000.0,78500.0,80000.0,69000.0,82667.0,85000.0,73500.0,76000.0,76000.0,70000.0,69667.0
2025-12-12,75000.0,75400.0,76000.0,77000.0,69625.0,68333.0,73400.0,71667.0,69333.0,77500.0,100667.0,69250.0,75000.0,67800.0,71000.0,65333.0,80000.0,78667.0,87500.0,62167.0,86000.0,67333.0,77500.0,67500.0,74000.0,77500.0,66000.0,67667.0,67000.0,73500.0,68000.0,75000.0,83333.0,77500.0,75000.0,76000.0,66667.0,66667.0
2025-12-13,75000.0,73400.0,71000.0,77000.0,69625.0,68333.0,71400.0,71667.0,68667.0,77500.0,100667.0,70250.0,75000.0,63000.0,71000.0,62667.0,78333.0,75000.0,87500.0,65500.0,86000.0,67333.0,77500.0,67500.0,71667.0,77500.0,66000.0,68333.0,65750.0,73500.0,64500.0,66667.0,83333.0,77500.0,75000.0,76000.0,63333.0,66167.0
2025-12-14,75000.0,72800.0,69000.0,77000.0,68750.0,68333.0,73200.0,71667.0,69667.0,77500.0,100667.0,68250.0,75000.0,60500.0,71000.0,62667.0,78333.0,71000.0,70000.0,62833.0,86000.0,60000.0,77500.0,64000.0,70000.0,75000.0,67500.0,68333.0,66250.0,73500.0,65000.0,66667.0,83333.0,77500.0,75000.0,76000.0,58333.0,65333.0
2025-12-15,75000.0,70800.0,66500.0,70000.0,58750.0,62667.0,69400.0,71667.0,65333.0,68250.0,94000.0,67400.0,75000.0,60400.0,70500.0,60000.0,75000.0,66333.0,70000.0,59667.0,66000.0,62667.0,67500.0,63500.0,70000.0,72500.0,62000.0,72333.0,64250.0,71875.0,64500.0,68000.0,80667.0,76500.0,70000.0,60000.0,65000.0,62833.0
2025-12-16,70000.0,68600.0,66500.0,70000.0,58625.0,59333.0,64800.0,60000.0,65667.0,68250.0,88000.0,65650.0,75000.0,59000.0,70500.0,61333.0,70667.0,65333.0,72500.0,53900.0,66000.0,61333.0,67500.0,63500.0,62333.0,72500.0,60500.0,72333.0,62250.0,73125.0,63500.0,66000.0,71667.0,75667.0,67500.0,60000.0,61667.0,62000.0
2025-12-17,70000.0,65600.0,60000.0,65000.0,58625.0,57333.0,62400.0,55000.0,63333.0,63250.0,88000.0,59750.0,65000.0,57000.0,70500.0,58667.0,68333.0,65333.0,72500.0,54567.0,66000.0,61333.0,65000.0,63500.0,54667.0,62500.0,56000.0,61667.0,59500.0,69375.0,57500.0,62000.0,69333.0,67000.0,65000.0,55000.0,60000.0,52333.0
2025-12-18,60000.0,54400.0,54500.0,60000.0,42500.0,57333.0,51800.0,47000.0,58333.0,52000.0,86333.0,45150.0,63667.0,54000.0,66750.0,45333.0,56667.0,50667.0,57500.0,50233.0,66000.0,61333.0,65000.0,46000.0,45000.0,62500.0,46500.0,60667.0,50000.0,69375.0,45000.0,53333.0,66000.0,66500.0,65000.0,55000.0,41333.0,45000.0
2025-12-19,60000.0,48800.0,50000.0,55000.0,42750.0,57333.0,56000.0,47000.0,47667.0,49500.0,77000.0,41250.0,50000.0,50000.0,60038.0,34333.0,51667.0,40667.0,57500.0,46333.0,66000.0,61333.0,61500.0,39500.0,45000.0,60000.0,42000.0,53333.0,42500.0,65625.0,39000.0,42333.0,66000.0,62000.0,55000.0,55000.0,39667.0,50667.0
2025-12-20,60000.0,62000.0,50000.0,55000.0,42750.0,57333.0,56000.0,47000.0,56667.0,49500.0,76667.0,49900.0,50000.0,50000.0,60038.0,45000.0,50000.0,54667.0,65000.0,50000.0,60000.0,60667.0,61500.0,50000.0,44333.0,60000.0,48500.0,53333.0,52500.0,65625.0,53500.0,45000.0,66000.0,58667.0,47500.0,50000.0,45000.0,55000.0
2025-12-21,60000.0,65000.0,50000.0,55000.0,42750.0,57333.0,57600.0,47000.0,54667.0,49500.0,75000.0,57650.0,50000.0,52000.0,60038.0,50333.0,56667.0,56333.0,70000.0,55000.0,60000.0,60667.0,61500.0,50000.0,42667.0,60000.0,48500.0,53333.0,56250.0,65625.0,53500.0,61667.0,66000.0,59000.0,47500.0,50000.0,48333.0,55000.0
2025-12-22,60000.0,60000.0,50000.0,60000.0,43250.0,51333.0,57800.0,51667.0,53000.0,52000.0,64667.0,55825.0,54000.0,53000.0,62038.0,50000.0,63333.0,53000.0,67500.0,53000.0,60000.0,55000.0,55000.0,50000.0,41667.0,57500.0,52500.0,46667.0,52750.0,62500.0,51000.0,56667.0,56667.0,51833.0,45000.0,50000.0,53333.0,50500.0
2025-12-23,60000.0,58600.0,50000.0,60000.0,43250.0,50667.0,52400.0,51667.0,51333.0,52000.0,64667.0,52400.0,54000.0,50000.0,62000.0,52000.0,56667.0,51667.0,57500.0,53000.0,55500.0,55000.0,55000.0,70000.0,40000.0,55000.0,52500.0,58333.0,51250.0,57500.0,50000.0,54667.0,56667.0,51667.0,47500.0,50000.0,46667.0,49500.0
2025-12-24,55000.0,57400.0,50000.0,60000.0,43250.0,47333.0,51800.0,53333.0,50000.0,50750.0,60000.0,52800.0,55000.0,48600.0,61462.0,52000.0,57333.0,50000.0,57500.0,51333.0,55500.0,55000.0,55000.0,68500.0,37667.0,55000.0,52000.0,56667.0,49250.0,55000.0,49000.0,54000.0,57667.0,51000.0,50000.0,44000.0,45000.0,47833.0
2025-12-25,55000.0,57400.0,50000.0,60000.0,43375.0,47333.0,50800.0,53333.0,50000.0,50750.0,60000.0,53050.0,55000.0,47000.0,61712.0,53333.0,57333.0,51667.0,60000.0,51333.0,48500.0,55000.0,52500.0,45000.0,39333.0,55000.0,52000.0,58333.0,51000.0,55000.0,49000.0,55333.0,57667.0,51000.0,50000.0,44000.0,44333.0,52333.0
2025-12-26,55000.0,58200.0,50000.0,60000.0,43375.0,47333.0,53000.0,53333.0,51000.0,50750.0,60000.0,55800.0,55000.0,48000.0,61712.0,53333.0,60000.0,51667.0,60000.0,57333.0,48500.0,50667.0,52500.0,47500.0,41000.0,60000.0,55000.0,62333.0,54500.0,54250.0,55000.0,57333.0,60000.0,51000.0,50000.0,50000.0,46667.0,56500.0
2025-12-27,55000.0,63400.0,50000.0,65000.0,43375.0,47333.0,54200.0,53333.0,59667.0,50750.0,58500.0,61500.0,62333.0,48400.0,61712.0,63667.0,66667.0,51667.0,60000.0,57333.0,48500.0,48000.0,52500.0,47500.0,42667.0,60000.0,55000.0,63333.0,59000.0,54250.0,63000.0,59000.0,61333.0,51000.0,50000.0,50000.0,48333.0,50400.0
2025-12-28,55000.0,61400.0,50000.0,65000.0,43375.0,47333.0,48400.0,56667.0,57333.0,50750.0,59000.0,58900.0,62333.0,50000.0,61712.0,54333.0,66000.0,55000.0,65000.0,57333.0,48500.0,41000.0,52500.0,51500.0,42667.0,60000.0,54000.0,63333.0,58500.0,54250.0,47500.0,61667.0,61333.0,51000.0,50000.0,50000.0,51667.0,45333.0
2025-12-29,55000.0,55000.0,50000.0,57500.0,44000.0,45667.0,48800.0,45000.0,51000.0,52000.0,59333.0,48400.0,58333.0,47800.0,61912.0,46333.0,63333.0,50000.0,62500.0,47833.0,48500.0,38000.0,52500.0,57500.0,42667.0,60000.0,47500.0,50667.0,52000.0,54000.0,43500.0,57333.0,58000.0,45833.0,47500.0,50000.0,51667.0,48833.0
2025-12-30,52000.0,50000.0,49000.0,57500.0,44000.0,44333.0,45600.0,43000.0,51000.0,49500.0,59333.0,45300.0,58333.0,47800.0,58662.0,46333.0,60000.0,45000.0,55000.0,46167.0,48500.0,38000.0,52500.0,39500.0,42667.0,57500.0,44000.0,50667.0,48000.0,51500.0,41000.0,50667.0,59667.0,45833.0,46500.0,50000.0,45000.0,48167.0
2025-12-31,52000.0,46000.0,49000.0,52500.0,43875.0,43667.0,41800.0,39667.0,49000.0,47000.0,59333.0,41975.0,54000.0,45000.0,50538.0,46333.0,51667.0,45000.0,52500.0,45500.0,48500.0,38000.0,52500.0,39500.0,39333.0,57500.0,42000.0,50667.0,42000.0,49375.0,35500.0,45000.0,51667.0,44167.0,45500.0,50000.0,37667.0,45833.0
2026-01-01,52000.0,44200.0,43500.0,52500.0,43875.0,43667.0,41800.0,39667.0,49667.0,47000.0,59333.0,42750.0,54000.0,43200.0,50538.0,41667.0,51667.0,45000.0,52500.0,45500.0,48500.0,38000.0,52500.0,39500.0,39667.0,57500.0,42000.0,50667.0,43500.0,48125.0,43000.0,44667.0,51667.0,44167.0,45500.0,50000.0,36000.0,42500.0
2026-01-02,52000.0,47800.0,36500.0,52500.0,43875.0,40667.0,52800.0,43000.0,50000.0,47000.0,59333.0,45750.0,53333.0,42600.0,50038.0,41667.0,55000.0,46667.0,55000.0,50500.0,48500.0,38000.0,42500.0,39500.0,39000.0,49000.0,45500.0,50667.0,42750.0,46875.0,41000.0,48000.0,51667.0,42500.0,46500.0,50000.0,36000.0,40833.0
2026-01-03,52000.0,44400.0,34000.0,52500.0,43750.0,40667.0,50800.0,43000.0,47667.0,47000.0,59333.0,38250.0,50000.0,42600.0,50038.0,42667.0,48333.0,44000.0,55000.0,50500.0,48500.0,38000.0,42500.0,37000.0,37333.0,49000.0,45500.0,50667.0,36250.0,46875.0,33500.0,42667.0,50000.0,42500.0,46500.0,40000.0,33333.0,41667.0
2026-01-04,52000.0,46000.0,34000.0,45000.0,43750.0,40667.0,48800.0,43000.0,47667.0,47000.0,59333.0,39250.0,50000.0,43600.0,48038.0,42667.0,43333.0,38000.0,55000.0,47000.0,48500.0,38000.0,42500.0,37000.0,37333.0,49000.0,39000.0,50667.0,36250.0,42500.0,32000.0,41667.0,50000.0,42167.0,46500.0,40000.0,33333.0,45667.0
2026-01-05,52000.0,39800.0,34000.0,42500.0,37750.0,40667.0,43000.0,35000.0,41333.0,45750.0,46667.0,39900.0,46667.0,41800.0,46750.0,36333.0,43333.0,37333.0,47500.0,41500.0,31500.0,38000.0,43500.0,37500.0,37333.0,49000.0,37500.0,46000.0,36500.0,41250.0,34000.0,40000.0,40667.0,35833.0,45500.0,40000.0,35000.0,43667.0
2026-01-06,48667.0,40000.0,33500.0,40000.0,37750.0,40667.0,44000.0,35000.0,39667.0,45750.0,46667.0,40150.0,46667.0,40000.0,46750.0,35667.0,41667.0,37333.0,47500.0,41500.0,31500.0,38000.0,43500.0,37500.0,35667.0,47500.0,38500.0,46000.0,37750.0,37625.0,34500.0,40667.0,39333.0,35000.0,43000.0,40000.0,36667.0,41833.0
2026-01-07,48667.0,39000.0,35000.0,36000.0,37750.0,41667.0,42600.0,35000.0,38333.0,41250.0,40333.0,38050.0,38667.0,40600.0,46712.0,34667.0,40000.0,36667.0,45000.0,40833.0,31500.0,33333.0,43500.0,36500.0,35667.0,50000.0,38500.0,46000.0,37250.0,40500.0,34500.0,39667.0,39333.0,35000.0,41000.0,40000.0,33333.0,40667.0
2026-01-08,45000.0,36200.0,35000.0,40000.0,33250.0,41000.0,42600.0,36667.0,33000.0,43250.0,40333.0,38150.0,38667.0,40000.0,46712.0,34667.0,40667.0,35667.0,47500.0,40833.0,31500.0,33333.0,46000.0,38000.0,35667.0,39000.0,34500.0,45667.0,37750.0,36250.0,33500.0,39333.0,39333.0,34667.0,38500.0,40000.0,36667.0,38833.0
2026-01-09,45000.0,35000.0,32000.0,37500.0,33250.0,41000.0,42400.0,36667.0,32333.0,38250.0,40333.0,35075.0,37000.0,39000.0,46212.0,35333.0,40667.0,30667.0,47500.0,40167.0,31500.0,32000.0,46000.0,37000.0,34000.0,40000.0,34000.0,45000.0,34500.0,36250.0,32000.0,39333.0,39000.0,34667.0,38500.0,35500.0,36667.0,39667.0
2026-01-10,45000.0,33800.0,32000.0,37500.0,33250.0,41000.0,42000.0,35000.0,31000.0,38250.0,40333.0,33150.0,37000.0,38000.0,44462.0,35333.0,40667.0,31333.0,47500.0,40167.0,31500.0,32000.0,36500.0,37000.0,33333.0,40000.0,34000.0,45000.0,33250.0,35000.0,30000.0,38000.0,39000.0,34667.0,39500.0,35500.0,36667.0,39500.0
2026-01-11,45000.0,34800.0,32000.0,37500.0,33250.0,41000.0,42000.0,35000.0,29667.0,38250.0,40000.0,31650.0,37000.0,37000.0,44462.0,34000.0,37667.0,34000.0,42500.0,38500.0,31500.0,32000.0,36500.0,35500.0,33333.0,40000.0,34000.0,45000.0,31750.0,35000.0,29500.0,35000.0,39000.0,29833.0,39500.0,35500.0,38333.0,39167.0
2026-01-12,45000.0,35400.0,31000.0,35000.0,31250.0,32333.0,35400.0,30667.0,30000.0,37500.0,40000.0,32650.0,33667.0,35000.0,39750.0,34000.0,35333.0,31000.0,42500.0,38500.0,31500.0,29000.0,36000.0,33000.0,33333.0,39000.0,30500.0,42333.0,30750.0,37000.0,28500.0,36333.0,37667.0,30833.0,37500.0,35500.0,35000.0,36667.0
2026-01-13,40000.0,34200.0,29500.0,32500.0,31250.0,33333.0,34600.0,30667.0,30000.0,37500.0,40000.0,32900.0,33667.0,31400.0,39712.0,34333.0,35000.0,31000.0,42500.0,38500.0,31500.0,29000.0,36000.0,29500.0,32667.0,39000.0,30500.0,40667.0,31250.0,38250.0,28000.0,33000.0,38333.0,30833.0,37500.0,30000.0,31667.0,35833.0
2026-01-14,40000.0,32200.0,30000.0,32500.0,31625.0,33333.0,34400.0,32333.0,29667.0,37750.0,40000.0,31900.0,33667.0,31000.0,38712.0,33667.0,35000.0,31000.0,42500.0,37833.0,32500.0,29000.0,36000.0,29500.0,30000.0,39000.0,30500.0,39667.0,30750.0,38250.0,28000.0,34333.0,39333.0,30833.0,37500.0,30000.0,33333.0,34500.0
2026-01-15,40000.0,32200.0,30000.0,32500.0,29500.0,32667.0,34200.0,29333.0,29667.0,37000.0,40000.0,30400.0,33667.0,30400.0,38625.0,32000.0,35000.0,31000.0,37500.0,37833.0,32500.0,29000.0,36000.0,29500.0,28333.0,36500.0,30500.0,39000.0,31750.0,35000.0,29000.0,32333.0,39333.0,30000.0,36000.0,30000.0,33333.0,35167.0
2026-01-16,40000.0,31000.0,30000.0,32500.0,29500.0,32667.0,34200.0,29333.0,29667.0,37000.0,39667.0,32800.0,33667.0,29400.0,38125.0,32000.0,35000.0,31000.0,37500.0,37500.0,32500.0,29000.0,30000.0,29500.0,27667.0,36500.0,30500.0,39000.0,31750.0,35000.0,30000.0,32333.0,39333.0,30000.0,35000.0,30000.0,33333.0,33167.0
2026-01-17,40000.0,31400.0,30000.0,32500.0,29500.0,32667.0,35000.0,29333.0,29333.0,37000.0,39667.0,33150.0,33667.0,29800.0,38125.0,32333.0,36667.0,32333.0,37500.0,34833.0,32500.0,29000.0,30000.0,29500.0,28000.0,36500.0,30500.0,39000.0,33500.0,35750.0,32500.0,33333.0,38667.0,30000.0,34000.0,30000.0,34000.0,34667.0
2026-01-18,40000.0,34400.0,30500.0,32500.0,31500.0,32667.0,36200.0,29333.0,32667.0,37000.0,40000.0,38150.0,33667.0,31400.0,35625.0,32333.0,38333.0,33333.0,37500.0,36500.0,32500.0,29000.0,30000.0,29500.0,27667.0,38000.0,30500.0,39000.0,36000.0,35750.0,37000.0,35000.0,38667.0,30000.0,34000.0,30000.0,34000.0,35167.0
2026-01-19,40000.0,34400.0,36500.0,47500.0,33500.0,36333.0,39800.0,42333.0,36000.0,35750.0,40000.0,40575.0,43333.0,34000.0,39538.0,40333.0,47000.0,36000.0,37500.0,36167.0,42500.0,29000.0,35000.0,36000.0,31000.0,45000.0,34500.0,40667.0,39250.0,34875.0,41000.0,43000.0,41000.0,29833.0,36500.0,30000.0,36333.0,34833.0
2026-01-20,40000.0,36800.0,40000.0,47500.0,33500.0,37333.0,40800.0,42333.0,36667.0,35750.0,40000.0,42225.0,43333.0,35600.0,39288.0,40333.0,49333.0,36000.0,42500.0,39833.0,42500.0,29000.0,35000.0,36000.0,31000.0,45000.0,43500.0,40000.0,37750.0,33875.0,40000.0,45000.0,41000.0,29833.0,39000.0,30000.0,36333.0,36500.0
2026-01-21,40000.0,35800.0,40000.0,41500.0,33750.0,37333.0,40400.0,42333.0,37667.0,35750.0,40000.0,41500.0,43333.0,34600.0,39288.0,38333.0,49333.0,35000.0,42500.0,41167.0,42500.0,29000.0,36500.0,36000.0,30000.0,45000.0,41000.0,40000.0,40250.0,33875.0,38000.0,44000.0,41000.0,31500.0,40000.0,30000.0,37000.0,35833.0
2026-01-22,40000.0,38000.0,38000.0,42500.0,39000.0,37333.0,42200.0,40000.0,38667.0,35750.0,40000.0,41575.0,43333.0,34600.0,39288.0,40333.0,49333.0,37667.0,45000.0,41833.0,42500.0,29000.0,36500.0,37500.0,32667.0,42500.0,39000.0,41667.0,40500.0,37250.0,38000.0,42333.0,36000.0,34333.0,40000.0,33000.0,37000.0,36667.0
2026-01-23,40000.0,38600.0,34000.0,42500.0,39000.0,40667.0,43000.0,41667.0,39333.0,39000.0,40000.0,43150.0,43333.0,35600.0,40538.0,44333.0,49333.0,37667.0,50000.0,41833.0,45000.0,29000.0,42500.0,49500.0,34667.0,42500.0,40000.0,42333.0,41250.0,37250.0,41500.0,42333.0,39333.0,34333.0,41500.0,33000.0,45000.0,41000.0
2026-01-24,40000.0,42600.0,34000.0,52500.0,39000.0,40667.0,45400.0,41667.0,43000.0,39000.0,40000.0,52050.0,43333.0,35600.0,40538.0,49333.0,51000.0,41667.0,50000.0,45167.0,45000.0,29000.0,42500.0,49500.0,34000.0,42500.0,40000.0,42333.0,47500.0,39250.0,48000.0,50000.0,42667.0,34333.0,41500.0,33000.0,48333.0,43000.0
2026-01-25,40000.0,44400.0,34000.0,52500.0,39000.0,40667.0,45400.0,41667.0,45667.0,39000.0,40000.0,52750.0,43333.0,37600.0,40538.0,49333.0,51000.0,43333.0,57500.0,46000.0,45000.0,30333.0,42500.0,45000.0,40667.0,42500.0,40000.0,42333.0,47500.0,42500.0,45500.0,52667.0,42667.0,34333.0,41500.0,33000.0,48333.0,47500.0
2026-01-26,42000.0,45800.0,40000.0,55000.0,43000.0,53333.0,53400.0,44333.0,46000.0,55000.0,46667.0,49150.0,49667.0,44600.0,41538.0,49333.0,52000.0,44000.0,57500.0,48000.0,51500.0,35000.0,52500.0,49000.0,40667.0,55000.0,47000.0,52333.0,48250.0,42000.0,45500.0,50000.0,47667.0,34333.0,44000.0,33000.0,51667.0,47667.0
2026-01-27,42000.0,48000.0,39000.0,55000.0,43000.0,53333.0,52400.0,47667.0,46000.0,55000.0,52667.0,50150.0,49667.0,45000.0,44288.0,50000.0,55000.0,45333.0,57500.0,48500.0,51500.0,38333.0,52500.0,50000.0,43000.0,55000.0,48000.0,52333.0,49000.0,44500.0,48000.0,49333.0,47667.0,35000.0,46000.0,36500.0,50000.0,46833.0
2026-01-28,45333.0,49800.0,47500.0,57500.0,43000.0,55000.0,56800.0,53333.0,48667.0,55000.0,52667.0,54125.0,55000.0,45200.0,44338.0,50000.0,57667.0,50333.0,60000.0,49000.0,51500.0,40000.0,55000.0,50000.0,43000.0,55000.0,52500.0,54000.0,53500.0,44000.0,52500.0,57000.0,41667.0,37500.0,47500.0,40000.0,52333.0,49500.0
2026-01-29,50000.0,61400.0,52500.0,65000.0,52750.0,62000.0,64200.0,58333.0,57333.0,65000.0,59000.0,64400.0,55000.0,53800.0,63250.0,61667.0,65000.0,55333.0,60000.0,58900.0,51500.0,40333.0,55000.0,62500.0,42667.0,55000.0,61500.0,54000.0,58000.0,44750.0,62000.0,61333.0,46667.0,39167.0,47500.0,40000.0,52333.0,54667.0
2026-01-30,50000.0,64400.0,56500.0,65000.0,52750.0,62000.0,67000.0,61667.0,58667.0,65000.0,59000.0,64625.0,57333.0,53800.0,63250.0,64000.0,69333.0,57000.0,70000.0,59567.0,51500.0,40333.0,53500.0,62500.0,48333.0,58500.0,63500.0,55000.0,61000.0,50000.0,62000.0,66667.0,47667.0,39167.0,47000.0,40000.0,61667.0,57167.0
2026-01-31,50000.0,65200.0,56500.0,67500.0,52500.0,62000.0,67400.0,71667.0,63667.0,65000.0,59000.0,70375.0,72333.0,53800.0,63250.0,70667.0,75000.0,57000.0,72500.0,58567.0,51500.0,43000.0,53500.0,70000.0,49333.0,58500.0,68750.0,55000.0,66250.0,50750.0,68500.0,73667.0,48333.0,40833.0,47000.0,70000.0,70000.0,59000.0
2026-02-01,50000.0,65200.0,56500.0,70000.0,52500.0,62000.0,68400.0,71667.0,63667.0,65000.0,59000.0,71250.0,72333.0,57400.0,63250.0,70000.0,75000.0,58333.0,85000.0,64567.0,51500.0,43000.0,53500.0,70000.0,54667.0,58500.0,67500.0,55000.0,68750.0,50750.0,65500.0,74333.0,48333.0,41167.0,47000.0,70000.0,70000.0,60833.0
2026-02-02,60000.0,65400.0,64000.0,67500.0,58250.0,66000.0,67000.0,70000.0,64667.0,73750.0,59000.0,71900.0,69000.0,64600.0,63250.0,68000.0,75000.0,63333.0,85000.0,61900.0,51500.0,57000.0,67500.0,65500.0,54667.0,77500.0,64500.0,64333.0,68750.0,56250.0,68000.0,73333.0,45000.0,48333.0,55000.0,70000.0,68333.0,61167.0
2026-02-03,60000.0,64600.0,68500.0,67500.0,58250.0,76333.0,73200.0,70000.0,66667.0,74500.0,58667.0,75250.0,69000.0,64600.0,73075.0,68000.0,80000.0,67333.0,85000.0,63500.0,51500.0,64333.0,67500.0,80000.0,54667.0,77500.0,70000.0,65000.0,69750.0,65000.0,70000.0,75000.0,61667.0,48333.0,60000.0,70500.0,71667.0,67333.0
2026-02-04,70000.0,73600.0,70000.0,72500.0,58125.0,76333.0,79000.0,73333.0,69667.0,75750.0,65333.0,75900.0,69000.0,67000.0,72825.0,77333.0,78333.0,71000.0,85000.0,65667.0,51500.0,68667.0,72500.0,77500.0,64000.0,77500.0,72000.0,65000.0,71500.0,69500.0,71000.0,75667.0,61667.0,54333.0,62000.0,72000.0,73333.0,67333.0
2026-02-05,70000.0,78600.0,71000.0,80000.0,75750.0,77333.0,82600.0,81333.0,72000.0,73750.0,65333.0,79650.0,79000.0,67600.0,73075.0,79333.0,88333.0,71000.0,90000.0,66900.0,75000.0,69333.0,72500.0,77500.0,67667.0,77500.0,80000.0,68333.0,80000.0,70000.0,80000.0,80000.0,63333.0,54833.0,62000.0,72000.0,75000.0,71667.0
2026-02-06,70000.0,76000.0,78500.0,80000.0,75750.0,77333.0,81200.0,81333.0,76000.0,75000.0,73000.0,82375.0,77667.0,71100.0,74575.0,82667.0,88333.0,73333.0,90000.0,71433.0,75000.0,73333.0,82500.0,81000.0,67667.0,80000.0,81000.0,80000.0,81000.0,78750.0,80000.0,81667.0,65000.0,62667.0,69000.0,75000.0,83333.0,75333.0
2026-02-07,70000.0,75000.0,78500.0,80000.0,76250.0,77333.0,81200.0,81333.0,77667.0,75000.0,80667.0,82000.0,77667.0,71100.0,74575.0,82000.0,88333.0,73333.0,100000.0,72100.0,75000.0,73333.0,85000.0,83500.0,67667.0,80000.0,81000.0,80000.0,80000.0,78750.0,80000.0,83333.0,65000.0,63500.0,70000.0,75000.0,85000.0,78833.0
2026-02-08,70000.0,71800.0,78500.0,80000.0,76250.0,77333.0,81200.0,81333.0,76000.0,75000.0,80667.0,78650.0,77667.0,72000.0,74575.0,78333.0,88333.0,73333.0,100000.0,72100.0,75000.0,73333.0,85000.0,83500.0,68667.0,80000.0,79000.0,80000.0,79750.0,78750.0,72000.0,84000.0,65000.0,63500.0,70000.0,75000.0,83333.0,75833.0
2026-02-09,70000.0,78000.0,71000.0,80000.0,78750.0,81667.0,82800.0,80000.0,77667.0,83750.0,80667.0,81500.0,80000.0,74600.0,74575.0,79333.0,88333.0,75000.0,92500.0,71433.0,77000.0,72667.0,90000.0,81000.0,72000.0,85000.0,74000.0,78333.0,78250.0,81250.0,72000.0,83333.0,65000.0,70333.0,74500.0,75000.0,83333.0,86000.0
2026-02-10,70000.0,80400.0,73500.0,85000.0,81750.0,85333.0,88200.0,83333.0,82333.0,83750.0,80000.0,89900.0,82000.0,74200.0,76075.0,88667.0,93333.0,76667.0,95000.0,80067.0,77000.0,72667.0,90000.0,82000.0,73000.0,90000.0,81500.0,78333.0,84250.0,85000.0,73500.0,90000.0,91667.0,70333.0,76000.0,75000.0,83333.0,86000.0
2026-02-11,90000.0,78000.0,73500.0,90000.0,81750.0,84667.0,84800.0,86667.0,83333.0,85000.0,80000.0,86300.0,86000.0,74600.0,76500.0,85333.0,94333.0,80000.0,105000.0,77567.0,77000.0,72667.0,90000.0,85000.0,74667.0,90000.0,80500.0,78333.0,86250.0,85625.0,73500.0,90000.0,91667.0,72000.0,77000.0,82500.0,85000.0,82667.0
2026-02-12,90000.0,79000.0,72000.0,90000.0,82250.0,84667.0,84800.0,85667.0,83333.0,85000.0,80000.0,85650.0,86000.0,75000.0,77250.0,85667.0,88333.0,81667.0,100000.0,78900.0,82500.0,75333.0,90000.0,85000.0,75667.0,90000.0,80500.0,78333.0,84750.0,85750.0,72500.0,90000.0,92667.0,76167.0,76500.0,82500.0,86667.0,81000.0
2026-02-13,90000.0,80400.0,72000.0,90000.0,82250.0,86333.0,88200.0,82333.0,83333.0,86250.0,80000.0,85025.0,82667.0,80000.0,80250.0,83667.0,85000.0,81667.0,100000.0,81400.0,82500.0,75333.0,90000.0,85000.0,80000.0,90000.0,80500.0,78333.0,84750.0,87000.0,72500.0,84333.0,92667.0,77000.0,78500.0,82500.0,83333.0,81167.0
2026-02-14,90000.0,86200.0,72000.0,90000.0,88250.0,86333.0,89200.0,86667.0,82667.0,86250.0,80000.0,89000.0,82667.0,83600.0,81250.0,86000.0,95000.0,80667.0,100000.0,82567.0,82500.0,70667.0,90000.0,85000.0,81333.0,90000.0,83500.0,78333.0,87250.0,88250.0,72500.0,89333.0,92667.0,82167.0,78500.0,82500.0,81667.0,81167.0
2026-02-15,90000.0,91000.0,72000.0,90000.0,88250.0,88000.0,91400.0,86667.0,84333.0,86250.0,86667.0,88000.0,82667.0,83600.0,81250.0,88333.0,95000.0,80667.0,107500.0,83000.0,82500.0,70667.0,90000.0,85000.0,82667.0,90000.0,84500.0,78333.0,88250.0,88750.0,72500.0,90000.0,92667.0,83833.0,78000.0,82500.0,83333.0,82000.0
2026-02-16,90000.0,95000.0,75000.0,95000.0,94000.0,89333.0,90800.0,88333.0,87333.0,86250.0,86667.0,92500.0,82667.0,84000.0,81250.0,97000.0,97667.0,84000.0,107500.0,84333.0,82500.0,76667.0,95000.0,87500.0,84667.0,102500.0,87500.0,80000.0,90250.0,92250.0,75000.0,96333.0,94333.0,83833.0,81000.0,82500.0,86667.0,86750.0
2026-02-17,90000.0,94000.0,75000.0,95000.0,94000.0,89333.0,92800.0,88333.0,95333.0,86250.0,86667.0,100500.0,82667.0,88800.0,81250.0,108667.0,101667.0,86000.0,112500.0,89667.0,82500.0,76667.0,95000.0,87500.0,86667.0,102500.0,93500.0,80000.0,95250.0,92250.0,80000.0,104333.0,94333.0,83833.0,90000.0,82500.0,88333.0,85167.0
2026-02-18,90000.0,90200.0,75000.0,85000.0,94000.0,90667.0,95000.0,86667.0,82333.0,86250.0,93333.0,85900.0,82667.0,89400.0,83338.0,99333.0,99333.0,79333.0,107500.0,87733.0,82500.0,76667.0,92500.0,87500.0,86000.0,102500.0,77500.0,81667.0,86500.0,97250.0,75000.0,93333.0,96667.0,93167.0,85000.0,85000.0,88333.0,76167.0
2026-02-19,95000.0,91800.0,74000.0,85000.0,88250.0,93333.0,102000.0,86667.0,83333.0,87500.0,100000.0,91000.0,82667.0,89000.0,83338.0,97333.0,95000.0,79333.0,100000.0,88500.0,97500.0,79333.0,92500.0,87500.0,84333.0,105000.0,79000.0,86667.0,82000.0,96250.0,78000.0,86667.0,103333.0,93167.0,75000.0,85000.0,91667.0,81167.0
2026-02-20,95000.0,114600.0,78500.0,95000.0,88250.0,100000.0,120000.0,100000.0,103333.0,88750.0,100000.0,109500.0,90000.0,90000.0,83338.0,97333.0,120000.0,79333.0,110000.0,101167.0,97500.0,81667.0,100000.0,92500.0,95000.0,110000.0,105000.0,96667.0,102500.0,96250.0,78500.0,111000.0,106667.0,95667.0,72000.0,90000.0,91667.0,104167.0
2026-02-21,95000.0,109600.0,82500.0,95000.0,88250.0,100000.0,120000.0,120000.0,108333.0,88750.0,100000.0,117000.0,90000.0,96000.0,83338.0,113333.0,123333.0,83333.0,110000.0,102667.0,97500.0,81667.0,100000.0,115000.0,100667.0,110000.0,109000.0,120000.0,110500.0,96000.0,82500.0,120000.0,106667.0,95833.0,87500.0,90000.0,120000.0,111000.0
2026-02-22,95000.0,98000.0,82500.0,97500.0,92750.0,100000.0,105000.0,110000.0,101000.0,88750.0,100000.0,98750.0,90000.0,95000.0,83338.0,104667.0,120000.0,83333.0,105000.0,94333.0,120000.0,81667.0,100000.0,110000.0,104000.0,110000.0,89000.0,120000.0,103750.0,94750.0,82500.0,108333.0,106667.0,96333.0,90000.0,90000.0,116667.0,98000.0
2026-02-23,100000.0,87400.0,81000.0,85000.0,89500.0,93333.0,96800.0,98000.0,94333.0,91250.0,108333.0,92900.0,93333.0,92000.0,88250.0,98333.0,106667.0,75333.0,100000.0,91167.0,112500.0,86333.0,100000.0,87000.0,100667.0,110000.0,87500.0,106667.0,91250.0,95000.0,81000.0,93333.0,105000.0,97167.0,82500.0,80000.0,110000.0,93333.0
2026-02-24,100000.0,87000.0,84000.0,85000.0,89500.0,81000.0,91000.0,83333.0,87667.0,88750.0,111667.0,85150.0,89667.0,81000.0,76000.0,85000.0,95000.0,75333.0,95000.0,86167.0,112500.0,86333.0,100000.0,84500.0,94000.0,97500.0,79000.0,86667.0,83500.0,88750.0,80000.0,91667.0,101667.0,94667.0,77500.0,80000.0,105000.0,85833.0
2026-02-25,90000.0,89000.0,76500.0,85000.0,91000.0,81667.0,88000.0,83333.0,80667.0,87500.0,120000.0,81250.0,85333.0,80000.0,76000.0,82000.0,90000.0,65333.0,90000.0,83733.0,112500.0,87333.0,92500.0,79000.0,85667.0,95000.0,77500.0,83333.0,82250.0,87500.0,75000.0,83333.0,101667.0,93000.0,74000.0,80000.0,91667.0,83333.0
2026-02-26,90000.0,88000.0,71000.0,80000.0,86000.0,84333.0,90000.0,85000.0,81333.0,80000.0,120000.0,84325.0,85000.0,75600.0,77250.0,87333.0,90000.0,70333.0,90000.0,84833.0,112500.0,87333.0,92500.0,79000.0,85667.0,95000.0,79500.0,85000.0,80250.0,78125.0,71000.0,86667.0,91667.0,93000.0,77500.0,80000.0,90000.0,83333.0
2026-02-27,90000.0,88000.0,70000.0,90000.0,86000.0,84333.0,93000.0,88333.0,88000.0,80000.0,120000.0,90400.0,88333.0,75600.0,77250.0,91000.0,98333.0,75333.0,87500.0,87167.0,109500.0,87667.0,87500.0,84000.0,82000.0,90000.0,87500.0,90000.0,87500.0,76250.0,75000.0,93000.0,93333.0,94667.0,76500.0,80000.0,86667.0,82833.0
2026-02-28,90000.0,90000.0,70000.0,90000.0,86000.0,84333.0,91400.0,88333.0,86333.0,78750.0,120000.0,85250.0,84667.0,81000.0,77250.0,86333.0,95000.0,76333.0,90000.0,87167.0,109500.0,87667.0,82500.0,85000.0,82000.0,90000.0,82500.0,90000.0,83250.0,80750.0,74000.0,91333.0,91667.0,94667.0,80000.0,80000.0,86667.0,83167.0
2026-03-01,90000.0,92000.0,70000.0,90000.0,86000.0,84333.0,89800.0,88333.0,85667.0,78750.0,120000.0,87250.0,84667.0,81000.0,77250.0,85000.0,95000.0,76333.0,97500.0,87167.0,109500.0,87667.0,82500.0,87500.0,84000.0,90000.0,81000.0,85000.0,82750.0,80750.0,70000.0,91667.0,91667.0,94667.0,80000.0,80000.0,83333.0,83167.0
2026-03-02,90000.0,97200.0,70000.0,80000.0,90000.0,88333.0,93400.0,85000.0,85000.0,78750.0,105000.0,86400.0,84667.0,83000.0,80000.0,85000.0,95000.0,76333.0,97500.0,88233.0,105000.0,84000.0,82500.0,87500.0,83333.0,97500.0,81000.0,86667.0,83750.0,78750.0,70000.0,88333.0,92333.0,93000.0,82500.0,80000.0,88333.0,83833.0
2026-03-03,90000.0,99600.0,70000.0,85000.0,90000.0,89333.0,103600.0,88333.0,88000.0,85000.0,105000.0,89650.0,85000.0,86000.0,81250.0,88333.0,94000.0,80667.0,100000.0,88767.0,105000.0,84000.0,82500.0,92500.0,83333.0,100000.0,87500.0,88000.0,85750.0,80000.0,70500.0,95000.0,91000.0,93000.0,80000.0,80000.0,88333.0,88333.0
2026-03-04,90000.0,103000.0,70000.0,90000.0,90000.0,89333.0,103600.0,88333.0,88667.0,85000.0,98333.0,90400.0,85000.0,88000.0,85412.0,90000.0,98333.0,80667.0,100000.0,95667.0,105000.0,84000.0,87500.0,90000.0,83333.0,100000.0,88500.0,88000.0,90000.0,81250.0,71000.0,99333.0,91667.0,94333.0,83500.0,85000.0,90000.0,90167.0
2026-03-05,90000.0,99600.0,71000.0,90000.0,92000.0,86000.0,104800.0,88333.0,92333.0,88750.0,98333.0,94500.0,85000.0,88000.0,85662.0,92333.0,100000.0,81667.0,97500.0,93100.0,105000.0,87000.0,85000.0,90000.0,89333.0,97500.0,85500.0,88000.0,88250.0,83750.0,73000.0,103333.0,100000.0,94333.0,83000.0,85000.0,90000.0,88500.0
2026-03-06,90000.0,98000.0,76000.0,90000.0,89000.0,86000.0,104000.0,90000.0,89333.0,88750.0,98333.0,95000.0,85000.0,88000.0,83500.0,88667.0,100000.0,83333.0,95000.0,92667.0,107500.0,87000.0,90000.0,90000.0,94000.0,97500.0,86000.0,88000.0,86750.0,85625.0,77000.0,96667.0,100667.0,94333.0,81500.0,85000.0,95000.0,87667.0
2026-03-07,90000.0,101000.0,79000.0,90000.0,89000.0,86000.0,99600.0,88333.0,89333.0,88750.0,98333.0,92900.0,85000.0,89000.0,84250.0,88667.0,100000.0,83333.0,95000.0,92100.0,107500.0,87000.0,90000.0,90000.0,98000.0,97500.0,86000.0,88000.0,87250.0,85625.0,80000.0,95000.0,86667.0,93833.0,81500.0,85000.0,95000.0,86667.0
2026-03-08,90000.0,105000.0,79000.0,90000.0,89000.0,86000.0,98600.0,86667.0,89333.0,88750.0,98333.0,92000.0,85000.0,87500.0,84250.0,88667.0,96667.0,83333.0,97500.0,92667.0,107500.0,87000.0,90000.0,90000.0,98000.0,95000.0,85000.0,88000.0,87750.0,86875.0,80000.0,86000.0,86667.0,92833.0,81500.0,82000.0,93333.0,86833.0
2026-03-09,90000.0,99600.0,81000.0,85000.0,93500.0,87667.0,93000.0,86667.0,86667.0,87500.0,98333.0,90500.0,87333.0,83600.0,84250.0,88333.0,93333.0,83333.0,100000.0,89433.0,89000.0,87667.0,82500.0,86650.0,94000.0,95000.0,86000.0,90000.0,89750.0,86250.0,82000.0,87667.0,86667.0,92833.0,84000.0,82000.0,90000.0,88500.0
2026-03-10,95000.0,96800.0,81000.0,85000.0,93500.0,86667.0,93000.0,86667.0,86667.0,87500.0,98333.0,86750.0,87333.0,84000.0,84250.0,83333.0,91667.0,83333.0,97500.0,90433.0,89500.0,90000.0,82500.0,87650.0,90667.0,95000.0,85500.0,88333.0,85500.0,86250.0,82000.0,91000.0,91667.0,92833.0,83000.0,82000.0,88333.0,87667.0
2026-03-11,95000.0,96800.0,81000.0,85000.0,93500.0,86667.0,90600.0,88333.0,79667.0,87500.0,106667.0,85050.0,86000.0,84000.0,77500.0,74000.0,91667.0,83333.0,102500.0,88767.0,89500.0,90000.0,87500.0,86000.0,90000.0,87500.0,77500.0,88333.0,80750.0,83750.0,81000.0,89333.0,91667.0,92833.0,79000.0,82000.0,90000.0,86167.0
2026-03-12,95000.0,94800.0,77500.0,85000.0,90000.0,86667.0,90600.0,83333.0,79333.0,82500.0,110000.0,84650.0,85333.0,80400.0,77500.0,72667.0,88333.0,83333.0,82500.0,86567.0,89500.0,90000.0,87500.0,82500.0,90000.0,77500.0,76500.0,86667.0,81250.0,83750.0,78000.0,89667.0,91667.0,91167.0,75000.0,78000.0,90000.0,83667.0
2026-03-13,95000.0,93400.0,74000.0,85000.0,90000.0,79333.0,89800.0,78333.0,74333.0,82500.0,110000.0,79900.0,85333.0,79600.0,77500.0,71667.0,85667.0,83333.0,82500.0,87233.0,89500.0,90000.0,82500.0,80000.0,90000.0,77500.0,73500.0,88333.0,76500.0,82500.0,75000.0,85000.0,91667.0,91167.0,71000.0,78000.0,88333.0,80000.0
2026-03-14,95000.0,91600.0,74000.0,85000.0,90000.0,79333.0,92600.0,75000.0,72000.0,82500.0,108333.0,76500.0,82000.0,78200.0,77500.0,70000.0,85667.0,83333.0,85000.0,86567.0,81500.0,84333.0,82500.0,80000.0,81667.0,77500.0,70000.0,90000.0,73250.0,80000.0,74000.0,78333.0,91667.0,87833.0,71000.0,78000.0,86667.0,79500.0
2026-03-15,95000.0,89200.0,74000.0,85000.0,90000.0,79333.0,91000.0,75000.0,70000.0,82500.0,108333.0,66650.0,82000.0,75800.0,75500.0,68333.0,83333.0,83333.0,77500.0,83667.0,70000.0,85000.0,82500.0,77500.0,80000.0,77500.0,66500.0,90000.0,68250.0,78750.0,70000.0,70333.0,91667.0,87833.0,71000.0,75000.0,86667.0,79500.0
2026-03-16,95000.0,106000.0,69500.0,75000.0,90000.0,93667.0,93200.0,80333.0,81667.0,82500.0,106667.0,78150.0,82667.0,71600.0,71750.0,81667.0,88333.0,83333.0,85000.0,84833.0,70000.0,85667.0,87500.0,80000.0,71667.0,90000.0,78500.0,90000.0,78250.0,76000.0,70000.0,80000.0,90000.0,87833.0,79000.0,75000.0,86667.0,95833.0
2026-03-17,95000.0,117000.0,74500.0,90000.0,92500.0,93000.0,109200.0,95000.0,91333.0,82500.0,106667.0,94075.0,82667.0,77000.0,82500.0,94333.0,98333.0,83333.0,95000.0,82667.0,70000.0,85667.0,87500.0,90000.0,71667.0,90000.0,89500.0,90000.0,92500.0,84750.0,75000.0,101667.0,92333.0,85333.0,81500.0,80000.0,90000.0,94167.0
2026-03-18,95000.0,117000.0,78000.0,85000.0,92500.0,93000.0,106600.0,95000.0,85333.0,82500.0,106667.0,86575.0,83333.0,80000.0,85000.0,94333.0,95000.0,81667.0,95000.0,83667.0,70000.0,85667.0,80000.0,90000.0,71667.0,87500.0,82000.0,90000.0,90000.0,88750.0,75000.0,86667.0,91667.0,84500.0,84500.0,84000.0,90000.0,97000.0
2026-03-19,95000.0,104000.0,72000.0,85000.0,93250.0,93000.0,102600.0,90000.0,81333.0,82500.0,106667.0,78000.0,82667.0,80400.0,79250.0,92333.0,94000.0,81667.0,90000.0,78167.0,70000.0,85667.0,80000.0,90000.0,71667.0,87500.0,69000.0,90000.0,71250.0,90750.0,70000.0,81667.0,93667.0,84500.0,82500.0,84000.0,91667.0,103333.0
2026-03-20,95000.0,101000.0,72000.0,85000.0,93250.0,93000.0,101600.0,90000.0,81333.0,88750.0,106667.0,95250.0,82667.0,80400.0,78912.0,88333.0,90000.0,81667.0,80000.0,88167.0,70000.0,85667.0,80000.0,90000.0,71667.0,87500.0,69000.0,90000.0,75750.0,92000.0,72000.0,85000.0,88000.0,84500.0,82500.0,84000.0,90000.0,102500.0
2026-03-21,95000.0,101000.0,72000.0,85000.0,93250.0,93000.0,99600.0,90000.0,81667.0,88750.0,106667.0,95250.0,82667.0,78000.0,78912.0,88333.0,90000.0,81667.0,80000.0,88167.0,70000.0,85667.0,80000.0,90000.0,71667.0,87500.0,69000.0,90000.0,75750.0,92000.0,72000.0,85000.0,88000.0,84500.0,82500.0,84000.0,90000.0,102500.0
2026-03-22,95000.0,100000.0,72000.0,85000.0,93250.0,93000.0,99600.0,91667.0,81667.0,87500.0,106667.0,95250.0,82667.0,80000.0,78912.0,88333.0,90000.0,81667.0,80000.0,91500.0,70000.0,85667.0,80000.0,90000.0,71667.0,87500.0,69000.0,90000.0,86250.0,92000.0,75000.0,85000.0,94667.0,84500.0,82500.0,84000.0,98333.0,105833.0
2026-03-23,95000.0,100000.0,72000.0,85000.0,93250.0,93000.0,99600.0,91667.0,82000.0,87500.0,106667.0,94250.0,82667.0,80000.0,78912.0,88333.0,85000.0,81667.0,80000.0,92067.0,70000.0,85667.0,82500.0,90000.0,71667.0,82500.0,71000.0,90000.0,83750.0,92000.0,71000.0,80000.0,102000.0,86167.0,80000.0,84000.0,98333.0,102500.0
2026-03-24,95000.0,95000.0,72000.0,85000.0,93250.0,93000.0,98600.0,91667.0,74333.0,87500.0,106667.0,76250.0,82667.0,80000.0,78912.0,93333.0,81667.0,81667.0,80000.0,84733.0,70000.0,85667.0,82500.0,90000.0,70000.0,62500.0,67500.0,90000.0,74250.0,85625.0,65000.0,83333.0,87000.0,87500.0,80000.0,84000.0,88333.0,91667.0
2026-03-25,95000.0,81000.0,65000.0,85000.0,57250.0,63000.0,69200.0,55000.0,61000.0,75000.0,106667.0,52500.0,76000.0,60800.0,73500.0,93333.0,66667.0,70000.0,70000.0,54100.0,70000.0,85667.0,80000.0,90000.0,60333.0,65000.0,56000.0,80000.0,68750.0,78750.0,52000.0,66667.0,83667.0,90833.0,49000.0,65000.0,76667.0,73333.0
2026-03-26,95000.0,55000.0,59000.0,85000.0,57750.0,50000.0,62000.0,51667.0,59333.0,65000.0,106667.0,53500.0,76000.0,58600.0,58000.0,51667.0,61667.0,70000.0,70000.0,53767.0,70000.0,80667.0,75000.0,50000.0,60333.0,65000.0,52500.0,86667.0,57500.0,65625.0,52000.0,61667.0,78667.0,90833.0,49000.0,60000.0,76667.0,74167.0
2026-03-27,65000.0,67400.0,57500.0,67500.0,57750.0,50000.0,62000.0,58333.0,58333.0,65750.0,106667.0,58500.0,66667.0,54100.0,58000.0,58000.0,70000.0,76667.0,70000.0,58900.0,70000.0,80667.0,75000.0,50000.0,60333.0,62500.0,57500.0,83333.0,62500.0,60000.0,54000.0,65000.0,78667.0,89167.0,51000.0,60000.0,75000.0,70000.0
2026-03-28,65000.0,213600.0,53500.0,67500.0,57750.0,50000.0,66000.0,58333.0,55667.0,62000.0,106667.0,63000.0,66667.0,56500.0,58000.0,59000.0,68333.0,76000.0,70000.0,65233.0,70000.0,80667.0,70000.0,60000.0,59333.0,62500.0,57500.0,85000.0,61750.0,55000.0,54000.0,70000.0,78667.0,89167.0,51000.0,60000.0,68333.0,68333.0
2026-03-29,65000.0,73200.0,53500.0,67500.0,57750.0,50000.0,66000.0,58333.0,55667.0,62000.0,106667.0,62500.0,66667.0,56500.0,58000.0,64667.0,68333.0,74667.0,72500.0,66333.0,70000.0,80667.0,70000.0,70000.0,58667.0,62500.0,57500.0,85000.0,61250.0,56250.0,55000.0,70000.0,78667.0,89167.0,51000.0,60000.0,71667.0,71667.0
2026-03-30,65000.0,80000.0,55500.0,60000.0,47500.0,59333.0,78200.0,57333.0,55667.0,66250.0,105000.0,62500.0,62333.0,62000.0,61662.0,60000.0,70000.0,74667.0,72500.0,69900.0,70000.0,80667.0,62500.0,70000.0,58667.0,62500.0,66500.0,81667.0,63750.0,63750.0,58000.0,69333.0,78667.0,86667.0,52500.0,60000.0,71667.0,71833.0
2026-03-31,65000.0,80400.0,55500.0,60000.0,63250.0,59333.0,81000.0,57333.0,68333.0,71250.0,103333.0,71250.0,62333.0,68000.0,61662.0,69000.0,72333.0,77000.0,72500.0,68000.0,70000.0,80667.0,62500.0,70000.0,65000.0,75000.0,70000.0,80000.0,68750.0,58750.0,58000.0,73333.0,75333.0,83333.0,52000.0,60000.0,75000.0,70833.0
2026-04-01,65000.0,80400.0,58000.0,70000.0,63250.0,66000.0,79600.0,61667.0,66667.0,72250.0,96667.0,70650.0,60000.0,68600.0,59912.0,73333.0,69333.0,72000.0,70000.0,68100.0,62000.0,80667.0,62500.0,69000.0,68333.0,72500.0,70000.0,78333.0,68750.0,60000.0,60000.0,71667.0,80333.0,82000.0,56500.0,60000.0,81667.0,68333.0
2026-04-02,70000.0,74200.0,56000.0,67500.0,65000.0,63333.0,74400.0,65000.0,65667.0,72250.0,96667.0,66150.0,60000.0,63400.0,60000.0,72333.0,69333.0,70667.0,70000.0,67333.0,62000.0,80667.0,62500.0,69000.0,68333.0,72500.0,64500.0,76667.0,62500.0,63125.0,56000.0,73333.0,80333.0,77500.0,57500.0,60000.0,75000.0,65000.0
2026-04-03,70000.0,73200.0,56000.0,65000.0,65000.0,62333.0,74000.0,65000.0,58333.0,72250.0,96667.0,63075.0,60000.0,60400.0,60000.0,72333.0,70000.0,70667.0,70000.0,65100.0,64500.0,80667.0,67500.0,69000.0,69000.0,72500.0,64500.0,76667.0,58750.0,61875.0,55000.0,61667.0,80333.0,75833.0,57500.0,65000.0,73333.0,66667.0
2026-04-04,70000.0,77600.0,59000.0,65000.0,65000.0,62333.0,74000.0,63333.0,58333.0,72250.0,96667.0,62400.0,61667.0,59000.0,60000.0,68333.0,66667.0,70667.0,65000.0,69100.0,64500.0,80667.0,67500.0,69000.0,71667.0,72500.0,62500.0,75000.0,58250.0,60000.0,59000.0,61667.0,80333.0,76167.0,57500.0,65000.0,68333.0,69167.0
2026-04-05,70000.0,78400.0,59000.0,62500.0,65000.0,66667.0,76200.0,63333.0,62333.0,72250.0,96667.0,69250.0,61667.0,59000.0,60000.0,66000.0,66667.0,69000.0,65000.0,71333.0,64500.0,80667.0,67500.0,69000.0,71667.0,72500.0,67000.0,75000.0,64250.0,60000.0,59000.0,68333.0,80333.0,76167.0,57500.0,65000.0,68333.0,68333.0
2026-04-06,70000.0,79200.0,61000.0,65000.0,68750.0,65000.0,73400.0,63333.0,62333.0,71000.0,73333.0,67300.0,65000.0,63400.0,61000.0,64667.0,65000.0,67333.0,72500.0,71600.0,64500.0,75000.0,70000.0,69000.0,70000.0,72500.0,67000.0,75000.0,62750.0,66875.0,58000.0,68333.0,77000.0,70833.0,57500.0,65000.0,70667.0,67000.0
2026-04-07,70000.0,74800.0,57000.0,65000.0,68750.0,62667.0,68600.0,60000.0,60000.0,73250.0,73333.0,66400.0,65000.0,62400.0,61000.0,61000.0,61000.0,67333.0,67500.0,66600.0,64500.0,75000.0,70000.0,69000.0,70000.0,72500.0,62500.0,75000.0,59250.0,65000.0,58000.0,66667.0,66667.0,70833.0,57500.0,65000.0,68333.0,67167.0
2026-04-08,70000.0,75000.0,60000.0,65000.0,68750.0,62667.0,70600.0,59000.0,60000.0,72000.0,73333.0,63550.0,61667.0,58600.0,60075.0,58667.0,61667.0,68333.0,67500.0,63667.0,62000.0,70000.0,68500.0,64000.0,70000.0,72500.0,60000.0,73333.0,61000.0,68750.0,60000.0,61667.0,63333.0,70833.0,60000.0,65000.0,66667.0,67000.0
2026-04-09,70000.0,75400.0,60000.0,62500.0,66750.0,62000.0,70600.0,60667.0,59333.0,75000.0,73333.0,63475.0,61667.0,60000.0,60075.0,59333.0,63333.0,65667.0,67500.0,63667.0,62000.0,70000.0,68500.0,64000.0,63333.0,62500.0,60000.0,73333.0,62250.0,68125.0,60000.0,61000.0,65000.0,70000.0,61000.0,65000.0,68333.0,63667.0
2026-04-10,70000.0,71800.0,63000.0,62500.0,66750.0,59333.0,69800.0,56667.0,57333.0,70500.0,73333.0,60500.0,62333.0,57600.0,60075.0,56000.0,61667.0,65667.0,67500.0,65333.0,62000.0,70000.0,65000.0,60000.0,63333.0,62500.0,56500.0,73333.0,59000.0,68750.0,55000.0,63333.0,65000.0,70000.0,62000.0,58000.0,73333.0,63167.0
2026-04-11,70000.0,71600.0,63000.0,62500.0,66750.0,59333.0,67400.0,56667.0,57333.0,70500.0,71667.0,60500.0,62333.0,57600.0,60075.0,56000.0,60000.0,62667.0,67500.0,62000.0,62000.0,70000.0,65000.0,60000.0,63333.0,62500.0,56500.0,73333.0,57750.0,66250.0,58000.0,57667.0,65000.0,70500.0,62500.0,58000.0,73333.0,63167.0
2026-04-12,70000.0,70600.0,58500.0,50000.0,65000.0,59333.0,68600.0,56667.0,56333.0,70500.0,71667.0,60000.0,62333.0,53400.0,60075.0,56667.0,59333.0,60333.0,67500.0,63667.0,62000.0,70000.0,65000.0,57500.0,60667.0,62500.0,59000.0,73333.0,57750.0,66250.0,55000.0,57667.0,65000.0,70500.0,62500.0,58000.0,68333.0,63333.0
2026-04-13,70000.0,63600.0,53500.0,52500.0,59500.0,55000.0,63600.0,55000.0,56667.0,64500.0,71667.0,59500.0,55667.0,53400.0,60075.0,58000.0,58000.0,59667.0,70000.0,61767.0,65000.0,70000.0,60000.0,54500.0,58667.0,60000.0,57500.0,71667.0,55500.0,63750.0,53000.0,56667.0,60000.0,70500.0,62500.0,58000.0,63333.0,61333.0
2026-04-14,70000.0,61000.0,55000.0,50000.0,59500.0,55000.0,61000.0,56667.0,56667.0,64500.0,58333.0,58550.0,55667.0,55600.0,55075.0,57333.0,58000.0,59667.0,60000.0,58667.0,65000.0,70000.0,60000.0,54500.0,58333.0,60000.0,57500.0,71667.0,56000.0,60750.0,55000.0,57000.0,59833.0,64000.0,61000.0,58000.0,65000.0,60333.0
2026-04-15,70000.0,63200.0,57500.0,50000.0,59500.0,54333.0,58400.0,51667.0,54000.0,62500.0,51667.0,57575.0,55000.0,56600.0,52000.0,54667.0,60000.0,59667.0,60000.0,57567.0,65000.0,70000.0,60000.0,54500.0,56000.0,60000.0,55000.0,65000.0,55250.0,60625.0,55000.0,56667.0,52500.0,63667.0,58500.0,58000.0,70000.0,59500.0
2026-04-16,63667.0,63600.0,52500.0,50000.0,56500.0,53333.0,58800.0,51667.0,52667.0,61250.0,50000.0,57800.0,53333.0,56600.0,52000.0,53000.0,60000.0,58667.0,60000.0,58067.0,65000.0,70000.0,60000.0,54500.0,53333.0,60000.0,55000.0,65000.0,53250.0,58750.0,53000.0,56667.0,60833.0,61167.0,57500.0,58000.0,65000.0,59333.0
2026-04-17,61667.0,63000.0,54500.0,47500.0,56500.0,53333.0,58000.0,51667.0,52667.0,61250.0,50000.0,55750.0,52000.0,52600.0,51750.0,53667.0,60000.0,57000.0,60000.0,57733.0,65000.0,70000.0,57500.0,54500.0,55000.0,60000.0,55000.0,60000.0,50500.0,55750.0,53000.0,53333.0,60833.0,61167.0,57500.0,58000.0,65000.0,57333.0
2026-04-18,61667.0,59000.0,54500.0,47500.0,56500.0,53333.0,58000.0,51667.0,52000.0,61250.0,50000.0,51875.0,52000.0,51200.0,51750.0,51667.0,60000.0,57000.0,60000.0,57067.0,65000.0,70000.0,57500.0,51500.0,53000.0,60000.0,52500.0,60000.0,51250.0,55750.0,54000.0,51667.0,60833.0,58667.0,57500.0,59000.0,56667.0,54833.0
2026-04-19,61667.0,58000.0,54500.0,47500.0,56500.0,53333.0,56800.0,51667.0,50000.0,61250.0,50000.0,51875.0,52000.0,50600.0,51750.0,51667.0,53333.0,56333.0,60000.0,53500.0,65000.0,70000.0,57500.0,51500.0,49333.0,60000.0,49500.0,60000.0,49250.0,55750.0,50000.0,51000.0,60833.0,56667.0,57500.0,59000.0,59333.0,56667.0
2026-04-20,61667.0,55400.0,50000.0,47500.0,56000.0,51000.0,54600.0,47667.0,46667.0,50000.0,48333.0,49000.0,52000.0,49200.0,50325.0,41333.0,53333.0,54667.0,55000.0,51567.0,55000.0,67667.0,45000.0,49000.0,49333.0,52500.0,47500.0,50000.0,49250.0,57500.0,50000.0,51000.0,59000.0,56667.0,55500.0,54000.0,56667.0,53000.0
2026-04-21,60666.0,56200.0,50000.0,47500.0,56000.0,47667.0,55400.0,47667.0,46667.0,50000.0,35000.0,49900.0,52000.0,49200.0,46075.0,45667.0,54333.0,54667.0,52500.0,51567.0,55000.0,67667.0,45000.0,50000.0,45333.0,55000.0,50000.0,50000.0,52250.0,58000.0,48000.0,51667.0,58333.0,56500.0,52500.0,54000.0,56667.0,51833.0
2026-04-22,60666.0,57600.0,46500.0,42500.0,56000.0,47667.0,55800.0,46667.0,47333.0,51750.0,35000.0,51250.0,53333.0,47200.0,43575.0,48667.0,54333.0,57000.0,52500.0,50900.0,55000.0,67667.0,43500.0,47500.0,47333.0,55000.0,50000.0,50000.0,51000.0,55500.0,48000.0,53333.0,58333.0,56500.0,48500.0,56500.0,56667.0,51333.0
2026-04-23,60666.0,57600.0,45500.0,45000.0,50750.0,47667.0,52200.0,44333.0,46333.0,51750.0,35000.0,50500.0,53333.0,47200.0,43575.0,47333.0,54333.0,56667.0,55000.0,49000.0,55000.0,67667.0,43500.0,47500.0,49000.0,52500.0,50000.0,50000.0,49250.0,50000.0,46000.0,51000.0,58333.0,56500.0,47500.0,56500.0,55000.0,52500.0
2026-04-24,60666.0,57600.0,45000.0,45000.0,50750.0,45333.0,51200.0,44333.0,46333.0,51250.0,32333.0,49550.0,51000.0,46800.0,43575.0,46000.0,53333.0,56667.0,55000.0,48433.0,57000.0,61667.0,43500.0,47500.0,49000.0,52500.0,49000.0,50000.0,48000.0,48750.0,45000.0,50000.0,55000.0,55500.0,46500.0,44000.0,55000.0,51000.0
2026-04-25,60666.0,50000.0,45000.0,45000.0,50750.0,45333.0,50400.0,44333.0,45333.0,51250.0,32333.0,47825.0,51000.0,46200.0,43575.0,47333.0,53333.0,56667.0,55000.0,48433.0,57000.0,57667.0,43500.0,47500.0,49000.0,52500.0,49000.0,50000.0,44500.0,48750.0,44000.0,50000.0,55000.0,54667.0,46000.0,44000.0,55000.0,49667.0
2026-04-26,60666.0,49200.0,45000.0,45000.0,50750.0,45333.0,50400.0,44333.0,43333.0,51250.0,32333.0,46475.0,51000.0,44600.0,43575.0,50000.0,53333.0,56333.0,55000.0,47900.0,57000.0,57667.0,43500.0,47500.0,49000.0,52500.0,49000.0,50000.0,45000.0,51250.0,44000.0,48333.0,55000.0,54667.0,45500.0,44000.0,55000.0,50000.0
2026-04-27,50000.0,52000.0,44000.0,42500.0,46250.0,42667.0,47600.0,39667.0,43333.0,45250.0,32333.0,45750.0,47667.0,43600.0,42500.0,41000.0,47667.0,54000.0,57500.0,47233.0,57000.0,57667.0,45000.0,47500.0,43000.0,47500.0,45500.0,48333.0,44250.0,51250.0,44000.0,42667.0,52333.0,55500.0,46500.0,46500.0,50000.0,45333.0
2026-04-28,50000.0,51600.0,44000.0,42500.0,46250.0,42667.0,48000.0,41333.0,43333.0,45000.0,32333.0,47125.0,47667.0,39400.0,42500.0,40000.0,50000.0,54000.0,57500.0,44333.0,57000.0,57667.0,45000.0,45000.0,43000.0,49000.0,46500.0,43333.0,45500.0,50625.0,44000.0,44333.0,52000.0,53833.0,45500.0,46500.0,48333.0,44667.0
2026-04-29,45000.0,49200.0,44000.0,40000.0,46250.0,42667.0,48000.0,41333.0,46667.0,45000.0,32333.0,45800.0,47667.0,40400.0,42000.0,41667.0,50000.0,54667.0,55000.0,43267.0,55000.0,56001.0,45000.0,45000.0,43000.0,49000.0,46500.0,43333.0,47750.0,47500.0,44000.0,47667.0,55000.0,53833.0,46250.0,40000.0,48333.0,43833.0
2026-04-30,45000.0,47200.0,40500.0,40000.0,47000.0,42667.0,47000.0,40000.0,45333.0,40000.0,31667.0,43750.0,47667.0,39000.0,42500.0,40667.0,51667.0,52667.0,55000.0,44400.0,55000.0,55000.0,45000.0,43500.0,42000.0,49000.0,46500.0,43333.0,46250.0,45000.0,44000.0,47667.0,55000.0,47500.0,46000.0,40000.0,48333.0,45000.0
2026-05-01,45000.0,48200.0,40500.0,40000.0,47000.0,42667.0,47000.0,40000.0,44000.0,40000.0,31667.0,47000.0,47667.0,37800.0,42500.0,40667.0,51667.0,52667.0,55000.0,44400.0,55000.0,55000.0,45000.0,43500.0,42000.0,49000.0,46500.0,43333.0,45500.0,45000.0,42000.0,47667.0,55000.0,45833.0,45000.0,40000.0,50000.0,46833.0
2026-05-02,45000.0,51000.0,40500.0,40000.0,48250.0,42667.0,48000.0,40000.0,44000.0,40000.0,43667.0,47250.0,47667.0,37800.0,42500.0,46667.0,51667.0,51667.0,55000.0,48767.0,55000.0,50667.0,42500.0,43500.0,42000.0,49000.0,48000.0,43333.0,48750.0,45000.0,44000.0,47000.0,55000.0,45833.0,45000.0,40000.0,50000.0,48667.0
2026-05-03,45000.0,55000.0,40500.0,40000.0,48750.0,42667.0,48000.0,40000.0,50000.0,40000.0,49667.0,54500.0,47667.0,43300.0,42500.0,48667.0,55000.0,51667.0,55000.0,48233.0,55000.0,50667.0,42500.0,43500.0,43333.0,49000.0,50000.0,43333.0,51750.0,45000.0,44000.0,58333.0,55000.0,45833.0,45000.0,50000.0,53333.0,48833.0
2026-05-04,45000.0,61600.0,44500.0,60000.0,58500.0,57333.0,64000.0,66000.0,51333.0,53000.0,51333.0,63750.0,60000.0,51600.0,47500.0,48667.0,75000.0,56667.0,60000.0,54067.0,50000.0,46000.0,43500.0,60000.0,43333.0,62500.0,66000.0,50000.0,66000.0,53750.0,50000.0,70000.0,60000.0,45833.0,48000.0,55000.0,55000.0,59667.0
2026-05-05,45000.0,65000.0,48500.0,60000.0,58500.0,57333.0,65200.0,66000.0,62667.0,53250.0,55333.0,68150.0,60000.0,54100.0,62750.0,69333.0,73333.0,59333.0,65000.0,55333.0,50000.0,46000.0,43500.0,60000.0,48333.0,62500.0,66000.0,56667.0,66500.0,57500.0,52000.0,69333.0,61667.0,46667.0,52000.0,57000.0,70000.0,61000.0
2026-05-06,48333.0,67400.0,52500.0,60000.0,58500.0,64000.0,69000.0,64333.0,62667.0,53500.0,56333.0,66400.0,63000.0,57200.0,62250.0,66000.0,73333.0,62667.0,84500.0,55500.0,50000.0,46000.0,46500.0,60000.0,61667.0,67500.0,64500.0,56667.0,65250.0,57500.0,52000.0,71000.0,61667.0,46667.0,56500.0,60000.0,66667.0,58500.0
2026-05-07,55000.0,66400.0,57500.0,62500.0,59500.0,64000.0,69000.0,64333.0,61333.0,53750.0,56667.0,66700.0,64000.0,58200.0,62000.0,64333.0,73333.0,62333.0,75000.0,62167.0,50000.0,46000.0,46500.0,60000.0,61667.0,67500.0,62500.0,56667.0,64000.0,57500.0,55000.0,68333.0,61667.0,48000.0,59000.0,62500.0,66667.0,61333.0
2026-05-08,58667.0,66400.0,62000.0,60000.0,59500.0,65667.0,69000.0,64333.0,66000.0,56500.0,56667.0,69250.0,64000.0,58000.0,62500.0,70667.0,71667.0,64000.0,72500.0,62100.0,65000.0,46000.0,46500.0,60000.0,60000.0,72500.0,65500.0,58333.0,65000.0,63750.0,60000.0,71000.0,68333.0,50167.0,60000.0,62500.0,66667.0,66333.0
2026-05-09,58667.0,68000.0,62000.0,60000.0,59500.0,65667.0,69000.0,64333.0,71000.0,56500.0,56667.0,73550.0,64000.0,60000.0,62500.0,74000.0,71667.0,64000.0,72500.0,62767.0,65000.0,46000.0,52500.0,60000.0,60000.0,72500.0,65500.0,58333.0,68000.0,63750.0,62000.0,73333.0,68333.0,50167.0,60000.0,62500.0,66667.0,67500.0
2026-05-10,58667.0,68000.0,62000.0,80000.0,59500.0,65667.0,70600.0,64333.0,79333.0,56500.0,56667.0,74400.0,64000.0,60000.0,62500.0,74000.0,75000.0,64000.0,72500.0,65333.0,65000.0,46000.0,52500.0,67500.0,60000.0,72500.0,70000.0,58333.0,73000.0,63750.0,63000.0,81667.0,68333.0,50500.0,60000.0,66500.0,66667.0,67500.0
2026-05-11,58667.0,77200.0,65000.0,75000.0,66750.0,68667.0,75200.0,72333.0,76333.0,62000.0,56667.0,76075.0,69667.0,60000.0,65750.0,76333.0,78333.0,64667.0,80000.0,65167.0,65000.0,57667.0,62500.0,78000.0,63333.0,75000.0,71000.0,58333.0,73000.0,63125.0,63000.0,77667.0,70333.0,58000.0,63500.0,66500.0,71667.0,65000.0
2026-05-12,61667.0,76800.0,65000.0,67500.0,66750.0,68667.0,74000.0,71333.0,73333.0,62000.0,56667.0,76400.0,69667.0,63000.0,66750.0,74333.0,78333.0,68333.0,77500.0,66000.0,65000.0,64000.0,67500.0,78000.0,66667.0,75000.0,69500.0,58333.0,73250.0,68875.0,63000.0,76667.0,70333.0,63833.0,64000.0,68000.0,73333.0,65000.0
2026-05-13,65000.0,74400.0,67000.0,67500.0,64250.0,72000.0,70200.0,67667.0,73333.0,65500.0,51667.0,75500.0,72333.0,62000.0,66000.0,66333.0,75000.0,69333.0,75000.0,67933.0,65000.0,63333.0,70000.0,75000.0,66667.0,75000.0,67000.0,58333.0,67750.0,68875.0,63000.0,75000.0,71000.0,63833.0,64500.0,70000.0,71667.0,65500.0
2026-05-14,65000.0,74000.0,67000.0,67500.0,64250.0,72000.0,69800.0,67667.0,71667.0,65500.0,55000.0,69650.0,72333.0,62000.0,66750.0,64667.0,73333.0,69333.0,75000.0,66267.0,65000.0,63333.0,70000.0,70000.0,66667.0,75000.0,67000.0,58333.0,65000.0,70125.0,62000.0,68333.0,71000.0,63833.0,64500.0,70000.0,75000.0,64167.0
2026-05-15,65000.0,74200.0,67000.0,67500.0,64750.0,72000.0,69800.0,67667.0,71667.0,65500.0,55000.0,69650.0,72333.0,62000.0,66750.0,64667.0,73333.0,69333.0,75000.0,63500.0,72000.0,63333.0,70000.0,65000.0,59000.0,75000.0,65500.0,58333.0,68250.0,69250.0,64000.0,68667.0,71000.0,63833.0,65000.0,70000.0,75000.0,64667.0
2026-05-16,65000.0,75400.0,66000.0,67500.0,66250.0,72000.0,70200.0,68333.0,84000.0,65500.0,54000.0,83750.0,76667.0,62000.0,66750.0,70667.0,78333.0,69333.0,72500.0,64333.0,72000.0,63333.0,70000.0,71000.0,61333.0,72500.0,74500.0,58333.0,78500.0,69250.0,67000.0,78667.0,71667.0,63833.0,65000.0,70000.0,73333.0,63667.0
2026-05-17,65000.0,75800.0,66000.0,72500.0,66250.0,72000.0,71800.0,68333.0,81000.0,65500.0,54000.0,82500.0,76667.0,62000.0,66750.0,70000.0,80000.0,71667.0,72500.0,72667.0,72000.0,63333.0,70000.0,75000.0,61000.0,72500.0,74500.0,58333.0,79750.0,68750.0,66000.0,84333.0,71667.0,66000.0,65000.0,72000.0,73333.0,64667.0
2026-05-18,65000.0,73400.0,70000.0,72500.0,67000.0,71000.0,75800.0,73000.0,80667.0,66000.0,60333.0,81750.0,75667.0,64000.0,68500.0,73333.0,75667.0,71667.0,77500.0,71567.0,72000.0,66667.0,65000.0,75000.0,61000.0,75000.0,71000.0,58333.0,76500.0,69750.0,70000.0,85000.0,86667.0,69000.0,65000.0,66500.0,70000.0,65000.0
2026-05-19,65000.0,70400.0,70000.0,72500.0,67000.0,71000.0,74800.0,73000.0,76667.0,66250.0,60333.0,76075.0,75667.0,64000.0,67750.0,73000.0,74000.0,75000.0,77500.0,69567.0,72000.0,68333.0,65000.0,73000.0,61000.0,75000.0,67500.0,60000.0,72500.0,69750.0,68000.0,82333.0,85000.0,69333.0,65000.0,69000.0,70000.0,66000.0
2026-05-20,65000.0,75800.0,70000.0,70000.0,67000.0,71667.0,71200.0,73000.0,75000.0,66750.0,74333.0,71825.0,73333.0,64000.0,66750.0,73667.0,70667.0,70333.0,77500.0,69567.0,72000.0,69333.0,62500.0,73000.0,61333.0,75000.0,67000.0,60000.0,70750.0,71000.0,68000.0,74000.0,85000.0,69333.0,65000.0,69000.0,71000.0,67333.0
2026-05-21,68667.0,77200.0,69000.0,67500.0,72750.0,71667.0,76000.0,73667.0,75000.0,70750.0,76000.0,76150.0,73333.0,65000.0,69000.0,75667.0,70667.0,67667.0,77500.0,70000.0,72000.0,70000.0,62500.0,71000.0,63000.0,75000.0,70000.0,63333.0,73750.0,69750.0,68000.0,75000.0,85000.0,67333.0,65000.0,69000.0,72667.0,71000.0
2026-05-22,68667.0,78200.0,74500.0,67500.0,72750.0,73333.0,80200.0,73667.0,79333.0,71250.0,72333.0,81400.0,76000.0,67800.0,69000.0,76000.0,80000.0,71667.0,77500.0,70000.0,72000.0,70000.0,67500.0,75000.0,71333.0,80000.0,77500.0,63333.0,79750.0,72500.0,74000.0,83333.0,85000.0,66667.0,65000.0,69000.0,78333.0,74167.0
2026-05-23,68667.0,79200.0,74500.0,67500.0,72750.0,73333.0,80800.0,73667.0,78333.0,71250.0,71667.0,81900.0,76000.0,67800.0,69000.0,75667.0,80000.0,71667.0,77500.0,71667.0,72000.0,70000.0,67500.0,75000.0,71333.0,80000.0,77500.0,63333.0,80250.0,72500.0,74000.0,81667.0,85000.0,66667.0,65000.0,69000.0,81667.0,73000.0
2026-05-24,68667.0,80200.0,74500.0,67500.0,72750.0,73333.0,79400.0,73667.0,76333.0,71250.0,71667.0,76500.0,76000.0,67800.0,69000.0,76000.0,80000.0,71667.0,77500.0,70567.0,72000.0,66000.0,67500.0,75000.0,71333.0,77500.0,77500.0,63333.0,75250.0,72500.0,68000.0,80000.0,85000.0,67667.0,65000.0,69000.0,81667.0,69000.0
2026-05-25,70000.0,71400.0,70000.0,65000.0,68500.0,71667.0,73400.0,71333.0,76333.0,72500.0,73000.0,75475.0,76000.0,68000.0,69415.0,71667.0,78333.0,70000.0,80000.0,70567.0,72000.0,71667.0,67500.0,75000.0,71333.0,80000.0,63000.0,63333.0,68750.0,71250.0,64000.0,78333.0,90000.0,67500.0,66000.0,69000.0,78333.0,72167.0
2026-05-26,70000.0,69000.0,70000.0,65000.0,68500.0,73333.0,72200.0,71333.0,76333.0,70000.0,73000.0,77750.0,76333.0,68000.0,71750.0,71667.0,78333.0,68000.0,82500.0,70567.0,72000.0,73333.0,67500.0,65000.0,66333.0,80000.0,70000.0,65000.0,71250.0,71250.0,68000.0,75000.0,90000.0,67500.0,67500.0,69000.0,78333.0,73833.0
2026-05-27,70000.0,69400.0,70000.0,65000.0,68500.0,73333.0,72200.0,71333.0,76333.0,70000.0,73000.0,77750.0,76333.0,68000.0,71750.0,71667.0,78333.0,68000.0,82500.0,70567.0,72000.0,73333.0,67500.0,65000.0,66333.0,80000.0,70000.0,65000.0,71250.0,67500.0,70000.0,76667.0,90000.0,67500.0,67500.0,69000.0,78333.0,75500.0
2026-05-28,70000.0,75000.0,70000.0,70000.0,69250.0,73333.0,77600.0,76667.0,78333.0,71250.0,73000.0,79750.0,76333.0,68000.0,72500.0,80333.0,80000.0,68000.0,82500.0,75000.0,72000.0,70000.0,67500.0,70000.0,67333.0,80000.0,78000.0,65000.0,76500.0,67500.0,72000.0,76667.0,90000.0,67500.0,67500.0,69000.0,83333.0,75000.0
2026-05-29,70000.0,78600.0,75000.0,70000.0,69250.0,73333.0,83800.0,76667.0,81667.0,76500.0,74333.0,87375.0,78667.0,71400.0,75000.0,81333.0,86000.0,64667.0,82500.0,77667.0,81000.0,72000.0,62500.0,80000.0,74667.0,77500.0,78000.0,68333.0,81750.0,71875.0,72000.0,87667.0,90000.0,69167.0,68500.0,69000.0,83333.0,75833.0
2026-05-30,70000.0,77600.0,72500.0,70000.0,69250.0,73333.0,81800.0,76667.0,75000.0,76500.0,74333.0,84375.0,78667.0,72400.0,75000.0,73333.0,83333.0,64667.0,82500.0,77667.0,81000.0,70667.0,62500.0,75000.0,66667.0,77500.0,66500.0,68333.0,70000.0,73125.0,65000.0,78333.0,90000.0,69167.0,68500.0,69000.0,73333.0,70000.0
2026-05-31,70000.0,71600.0,72500.0,70000.0,69250.0,73333.0,77400.0,76667.0,73333.0,76500.0,74667.0,61750.0,78667.0,67000.0,75000.0,65667.0,78000.0,65667.0,82500.0,74333.0,81000.0,70667.0,62500.0,65000.0,66667.0,75000.0,57500.0,68333.0,68000.0,67500.0,60000.0,66667.0,90000.0,69167.0,68500.0,69000.0,71667.0,69167.0
2026-06-01,70000.0,72600.0,65000.0,70000.0,61000.0,73333.0,73400.0,59333.0,60333.0,76500.0,74667.0,60500.0,78667.0,66000.0,63000.0,65667.0,63333.0,69000.0,82500.0,67000.0,81000.0,70667.0,52500.0,60000.0,66667.0,47500.0,56000.0,65000.0,55750.0,66250.0,55000.0,57667.0,90000.0,71667.0,68500.0,69000.0,63333.0,67500.0
2026-06-02,70000.0,62400.0,64000.0,70000.0,61000.0,65333.0,55000.0,59333.0,60000.0,68750.0,76333.0,63399.0,63333.0,58000.0,59500.0,60667.0,65000.0,67333.0,75000.0,63733.0,71000.0,73333.0,52500.0,57500.0,55333.0,47500.0,57000.0,63333.0,61500.0,62500.0,55000.0,60000.0,78333.0,68333.0,66000.0,69000.0,63333.0,68833.0
2026-06-03,70000.0,71800.0,62500.0,70000.0,61000.0,65333.0,62800.0,68333.0,61000.0,67500.0,76333.0,66000.0,63333.0,61000.0,60500.0,71333.0,66667.0,68333.0,70000.0,67567.0,71000.0,71667.0,47500.0,57500.0,50333.0,60000.0,66500.0,66667.0,63250.0,62500.0,62000.0,72667.0,78333.0,66667.0,65500.0,67000.0,75000.0,68000.0
2026-06-04,65000.0,70800.0,61500.0,70000.0,70750.0,68667.0,68800.0,68333.0,64000.0,67500.0,78333.0,68250.0,65000.0,62000.0,60500.0,69333.0,73333.0,68333.0,70000.0,66433.0,71000.0,71667.0,47500.0,57500.0,56333.0,60000.0,65000.0,66667.0,67000.0,62000.0,60000.0,69333.0,74333.0,66667.0,66500.0,66500.0,78333.0,67667.0
2026-06-05,65000.0,70800.0,56500.0,70000.0,70750.0,68667.0,66200.0,65667.0,64000.0,67500.0,73333.0,64000.0,62333.0,62000.0,60500.0,65000.0,73333.0,66667.0,70000.0,66433.0,71000.0,71000.0,52500.0,59000.0,56333.0,60000.0,55500.0,62667.0,62500.0,61250.0,58000.0,63333.0,74333.0,67000.0,66000.0,66500.0,70000.0,63833.0
2026-06-06,65000.0,67800.0,56500.0,70000.0,70750.0,68667.0,66200.0,65667.0,56667.0,67500.0,73333.0,59725.0,62333.0,62000.0,60000.0,59000.0,73333.0,66667.0,70000.0,64233.0,62500.0,71000.0,52500.0,59000.0,59667.0,60000.0,55000.0,61333.0,59500.0,61250.0,54000.0,65000.0,72667.0,67000.0,66000.0,66500.0,70000.0,60833.0
2026-06-07,65000.0,67400.0,56500.0,70000.0,70250.0,68667.0,65000.0,65667.0,58333.0,67500.0,73333.0,60150.0,62333.0,56000.0,60000.0,60667.0,68333.0,66667.0,70000.0,64233.0,62500.0,71000.0,52500.0,59000.0,59667.0,60000.0,56500.0,61333.0,58250.0,61250.0,54000.0,66667.0,72667.0,66167.0,66000.0,66500.0,70000.0,62333.0
2026-06-08,60000.0,65000.0,54500.0,70000.0,65000.0,68667.0,65400.0,61333.0,60667.0,62500.0,73333.0,62750.0,65000.0,52400.0,58250.0,64000.0,65000.0,66667.0,65000.0,60733.0,60500.0,71000.0,52500.0,57500.0,61333.0,62500.0,57500.0,63667.0,58000.0,61250.0,54000.0,63333.0,71000.0,65000.0,62500.0,64000.0,71667.0,62500.0
2026-06-09,60000.0,73200.0,54500.0,70000.0,65000.0,69667.0,68600.0,61333.0,60667.0,64250.0,68333.0,62075.0,65000.0,52000.0,58250.0,64000.0,66667.0,63333.0,67500.0,60733.0,60500.0,71000.0,52500.0,59500.0,59667.0,65000.0,59500.0,65000.0,60750.0,63750.0,58000.0,65667.0,71000.0,65000.0,61000.0,64000.0,71667.0,61667.0
2026-06-10,60000.0,71000.0,56000.0,70000.0,65000.0,70000.0,68200.0,60000.0,60667.0,65000.0,65000.0,63625.0,63333.0,51000.0,58250.0,61000.0,66667.0,63333.0,67500.0,59567.0,60500.0,66000.0,55000.0,59500.0,58000.0,62500.0,59500.0,63333.0,62500.0,62500.0,58000.0,65000.0,72667.0,65000.0,61750.0,64000.0,71667.0,61000.0
2026-06-11,60000.0,69000.0,55000.0,70000.0,60750.0,66667.0,64600.0,60667.0,59333.0,65000.0,60000.0,61500.0,63333.0,51000.0,57750.0,62333.0,66667.0,63333.0,60000.0,59667.0,60500.0,66000.0,55000.0,60000.0,58000.0,60000.0,57000.0,62333.0,60500.0,61250.0,58000.0,65000.0,72667.0,63833.0,61250.0,64000.0,71667.0,61667.0
2026-06-12,60000.0,63000.0,57500.0,70000.0,60750.0,66667.0,63200.0,60667.0,59333.0,65000.0,60000.0,61250.0,63333.0,52000.0,57250.0,63000.0,65000.0,63333.0,60000.0,60567.0,59500.0,66000.0,57500.0,60000.0,59667.0,57500.0,56500.0,60667.0,60000.0,61250.0,58000.0,65000.0,72667.0,63833.0,62250.0,64000.0,70000.0,61333.0
2026-06-13,60000.0,63000.0,57500.0,70000.0,60750.0,66667.0,63200.0,60667.0,59333.0,65000.0,60000.0,61250.0,63333.0,52000.0,57250.0,63000.0,65000.0,63333.0,60000.0,58900.0,59500.0,66000.0,57500.0,60000.0,54000.0,57500.0,56500.0,60667.0,60000.0,60000.0,58000.0,64000.0,72667.0,59667.0,62250.0,64000.0,71667.0,60000.0
2026-06-14,60000.0,63000.0,57500.0,70000.0,60750.0,66667.0,63200.0,60667.0,60000.0,65000.0,60000.0,60750.0,63333.0,52000.0,57250.0,63000.0,66000.0,63333.0,60000.0,60900.0,55500.0,65000.0,57500.0,59500.0,54000.0,57500.0,57500.0,60667.0,61000.0,61250.0,58000.0,62000.0,71000.0,58833.0,62250.0,64000.0,71667.0,59167.0
2026-06-15,60000.0,72600.0,56000.0,70000.0,60750.0,58333.0,65800.0,58333.0,60667.0,63250.0,60000.0,60250.0,60000.0,52000.0,57250.0,57333.0,68333.0,63333.0,55000.0,58000.0,55500.0,66000.0,57500.0,60000.0,55000.0,57500.0,57500.0,61000.0,58750.0,60000.0,58000.0,64000.0,71000.0,57333.0,60000.0,64000.0,70000.0,60000.0
2026-06-16,60000.0,71600.0,56000.0,70000.0,60750.0,58333.0,64600.0,58333.0,60667.0,63250.0,61667.0,60000.0,60000.0,52000.0,57250.0,58667.0,68333.0,58333.0,55000.0,56433.0,55500.0,66000.0,57500.0,59000.0,55000.0,57500.0,56500.0,61000.0,57750.0,58750.0,55000.0,59000.0,71000.0,57333.0,60000.0,64000.0,68333.0,59167.0
2026-06-17,60000.0,68600.0,57000.0,65000.0,60750.0,56667.0,62000.0,54000.0,58000.0,63250.0,63333.0,59800.0,59333.0,57000.0,59250.0,58667.0,68333.0,58333.0,57500.0,56433.0,60500.0,66000.0,47500.0,59000.0,47667.0,55000.0,55500.0,60000.0,57000.0,60000.0,55000.0,58000.0,71000.0,56667.0,59000.0,63250.0,68333.0,58333.0
2026-06-18,60000.0,65400.0,57000.0,60000.0,59000.0,52667.0,62000.0,54000.0,57333.0,62500.0,65000.0,58400.0,59333.0,56200.0,58500.0,57667.0,68333.0,58333.0,57500.0,56433.0,60500.0,63667.0,47500.0,59000.0,47667.0,55000.0,55500.0,61333.0,56250.0,58750.0,55000.0,59333.0,66667.0,57333.0,59000.0,63250.0,68333.0,56500.0
2026-06-19,60000.0,63400.0,57000.0,60000.0,59000.0,52667.0,58200.0,53333.0,53667.0,58750.0,65000.0,56150.0,55667.0,51000.0,57500.0,53000.0,68333.0,56667.0,52500.0,56433.0,60500.0,63667.0,42500.0,59000.0,50333.0,55000.0,52000.0,61667.0,55000.0,56250.0,52000.0,58667.0,61667.0,57333.0,58000.0,63250.0,65000.0,57500.0
2026-06-20,60000.0,60400.0,55500.0,60000.0,59000.0,52667.0,58200.0,53333.0,50667.0,58750.0,65000.0,51550.0,55667.0,51000.0,56000.0,47667.0,66667.0,55000.0,52500.0,56433.0,62000.0,67000.0,42500.0,55000.0,50333.0,55000.0,48000.0,61667.0,52250.0,57500.0,50000.0,57667.0,61667.0,55833.0,58000.0,63250.0,65000.0,57167.0
2026-06-21,60000.0,59600.0,55500.0,60000.0,59000.0,52667.0,56200.0,53333.0,49000.0,58750.0,65000.0,46650.0,55667.0,51000.0,56000.0,45333.0,66667.0,55000.0,52500.0,57000.0,62000.0,67000.0,42500.0,47000.0,50333.0,55000.0,41000.0,61667.0,52250.0,57500.0,48000.0,45000.0,61667.0,55833.0,58000.0,63250.0,65000.0,53833.0
2026-06-22,60000.0,47000.0,45500.0,45000.0,43500.0,48000.0,49000.0,41667.0,46333.0,49750.0,62000.0,44150.0,46333.0,42000.0,48250.0,41667.0,50000.0,51667.0,52500.0,48833.0,62000.0,66000.0,40000.0,47000.0,45333.0,38500.0,38000.0,46000.0,42500.0,58750.0,40000.0,44667.0,60000.0,55833.0,56000.0,59000.0,55000.0,48833.0
2026-06-23,55000.0,47200.0,41000.0,42500.0,43500.0,48000.0,44800.0,38333.0,42667.0,49750.0,60333.0,43400.0,45000.0,37000.0,48250.0,40000.0,49333.0,45000.0,52500.0,48833.0,62000.0,62667.0,40000.0,40000.0,45333.0,36000.0,40500.0,45000.0,43750.0,49000.0,40000.0,42333.0,60000.0,55000.0,55000.0,59000.0,55000.0,48333.0
2026-06-24,50000.0,45200.0,39000.0,40000.0,43500.0,43333.0,43000.0,37667.0,41000.0,45250.0,60333.0,43400.0,45000.0,37000.0,47000.0,36667.0,48667.0,43333.0,42500.0,43267.0,51000.0,60667.0,35000.0,37500.0,45333.0,36000.0,39000.0,45000.0,43250.0,60000.0,40000.0,41000.0,58333.0,53000.0,50500.0,56500.0,52667.0,46167.0
2026-06-25,50000.0,43800.0,35500.0,40000.0,44000.0,38333.0,42200.0,31000.0,39667.0,40000.0,60333.0,41900.0,45000.0,37200.0,43375.0,36333.0,48667.0,43333.0,45000.0,43433.0,51000.0,60667.0,35000.0,40000.0,38667.0,35000.0,38000.0,45000.0,39500.0,55000.0,35000.0,39333.0,58333.0,43833.0,46000.0,56500.0,52667.0,46500.0
2026-06-26,50000.0,41600.0,35500.0,37500.0,44000.0,39667.0,42200.0,31000.0,38333.0,38250.0,60333.0,38000.0,44000.0,36000.0,43375.0,36000.0,42667.0,36000.0,45000.0,43433.0,51000.0,60667.0,35000.0,39000.0,38667.0,35000.0,35500.0,42333.0,37750.0,44500.0,35000.0,38667.0,51667.0,43833.0,45000.0,56500.0,52667.0,45333.0
2026-06-27,50000.0,38800.0,35500.0,37500.0,44000.0,39667.0,41400.0,31000.0,37000.0,38250.0,60333.0,37150.0,44000.0,36000.0,43375.0,34667.0,41667.0,34667.0,45000.0,44833.0,51000.0,60667.0,28000.0,39000.0,38667.0,35000.0,35000.0,42333.0,35500.0,44500.0,35000.0,38667.0,51667.0,43833.0,45000.0,56500.0,50667.0,45333.0
2026-06-28,50000.0,38400.0,35500.0,35000.0,44000.0,39667.0,41400.0,31000.0,36000.0,38250.0,60333.0,35250.0,44000.0,35400.0,43375.0,34333.0,40000.0,34000.0,45000.0,44833.0,51000.0,60000.0,28000.0,34000.0,38667.0,35000.0,34500.0,42333.0,35500.0,44500.0,35000.0,35000.0,51667.0,42167.0,45000.0,56500.0,50667.0,45000.0
2026-06-29,50000.0,38800.0,31000.0,35000.0,36500.0,40667.0,37400.0,31667.0,36000.0,38250.0,60333.0,35500.0,42667.0,34200.0,41125.0,35667.0,40000.0,34000.0,42500.0,44500.0,50500.0,58333.0,27500.0,33500.0,36000.0,36500.0,34000.0,35000.0,34750.0,44500.0,33000.0,35333.0,50000.0,42167.0,46500.0,55000.0,49000.0,45833.0
2026-06-30,45000.0,37200.0,30000.0,35000.0,36500.0,40667.0,30201.0,33000.0,36000.0,35500.0,60333.0,37250.0,41667.0,35000.0,41125.0,38333.0,41667.0,34667.0,37500.0,46167.0,38500.0,56667.0,27500.0,42500.0,36000.0,36500.0,37500.0,35000.0,38000.0,44500.0,34000.0,36000.0,42667.0,42167.0,45500.0,55000.0,51000.0,42833.0
2026-07-01,45000.0,37200.0,31500.0,35000.0,36500.0,39000.0,37600.0,35000.0,37000.0,36250.0,60333.0,37000.0,41667.0,34000.0,41125.0,37667.0,45000.0,35333.0,42500.0,44500.0,38500.0,55000.0,30000.0,37500.0,36000.0,37000.0,37500.0,34000.0,37500.0,43375.0,36000.0,38000.0,42000.0,42500.0,43500.0,55000.0,52667.0,42500.0
2026-07-02,45000.0,37800.0,31500.0,35000.0,34750.0,36667.0,37200.0,35000.0,37667.0,36750.0,60333.0,37750.0,40333.0,34000.0,41000.0,36333.0,45000.0,35333.0,42500.0,45333.0,38500.0,55000.0,30000.0,40000.0,36000.0,38000.0,36000.0,36667.0,37250.0,40875.0,36000.0,38667.0,42000.0,42500.0,42000.0,55000.0,54333.0,41667.0
2026-07-03,45000.0,38200.0,32500.0,35000.0,34750.0,39000.0,41000.0,35000.0,38333.0,36750.0,60333.0,36000.0,40333.0,35000.0,41500.0,36667.0,43333.0,34000.0,42500.0,44167.0,38500.0,55000.0,30000.0,40000.0,35333.0,38000.0,37500.0,36667.0,37750.0,41375.0,38000.0,40333.0,41000.0,41667.0,42000.0,55000.0,54333.0,42500.0
2026-07-04,45000.0,39200.0,32500.0,35000.0,34750.0,39000.0,41000.0,35000.0,41000.0,36750.0,60333.0,41000.0,40333.0,35000.0,41500.0,36667.0,46000.0,34667.0,42500.0,44500.0,39000.0,55000.0,30000.0,45000.0,35333.0,38000.0,37500.0,36667.0,44250.0,41375.0,42000.0,42333.0,41000.0,39167.0,42000.0,55000.0,54333.0,44167.0
2026-07-05,45000.0,40800.0,32500.0,35000.0,34750.0,39000.0,43800.0,35000.0,47000.0,36750.0,60333.0,44650.0,40333.0,35000.0,41500.0,37667.0,48667.0,34667.0,42500.0,53333.0,39000.0,55000.0,30000.0,47500.0,35333.0,38000.0,45000.0,36667.0,45250.0,41375.0,44000.0,52667.0,41000.0,39167.0,42000.0,55000.0,54333.0,45667.0
2026-07-06,45000.0,46600.0,35000.0,36500.0,44750.0,41667.0,49000.0,41333.0,47667.0,42500.0,60667.0,47075.0,44333.0,41000.0,43750.0,41667.0,50000.0,37333.0,40000.0,49667.0,39000.0,53333.0,33000.0,55000.0,36000.0,42500.0,45500.0,43333.0,47250.0,45000.0,44000.0,50000.0,44333.0,42000.0,42000.0,55000.0,56000.0,45667.0
2026-07-07,45000.0,44800.0,35000.0,36500.0,44750.0,41667.0,46000.0,41333.0,47333.0,45750.0,60667.0,46900.0,44333.0,42000.0,44500.0,40667.0,50000.0,43000.0,42500.0,46333.0,39000.0,53333.0,33000.0,50000.0,42333.0,40000.0,43500.0,43333.0,46750.0,42500.0,44000.0,47667.0,45000.0,40833.0,43000.0,55000.0,56000.0,45833.0
2026-07-08,45000.0,44800.0,39000.0,36500.0,44750.0,41667.0,43800.0,40667.0,46000.0,45750.0,60667.0,45000.0,44333.0,42500.0,44500.0,40000.0,50000.0,43000.0,42500.0,46333.0,41500.0,53333.0,33000.0,47500.0,39000.0,37500.0,40000.0,43333.0,42500.0,40750.0,38000.0,45000.0,46667.0,40833.0,42000.0,55000.0,56000.0,39167.0
2026-07-09,45000.0,42200.0,38000.0,39000.0,39500.0,41667.0,41400.0,38667.0,46000.0,46250.0,60333.0,41250.0,44333.0,39000.0,42750.0,42333.0,48333.0,43667.0,37500.0,46333.0,41500.0,53333.0,37500.0,45000.0,39000.0,37500.0,40000.0,41667.0,42000.0,40750.0,38000.0,43333.0,44333.0,41333.0,43500.0,55000.0,56000.0,40000.0
2026-07-10,45000.0,40400.0,38000.0,39000.0,39500.0,43333.0,41800.0,38333.0,42667.0,46250.0,60333.0,40750.0,42667.0,38800.0,42750.0,39333.0,49333.0,43667.0,37500.0,46600.0,41500.0,52667.0,37500.0,45000.0,37333.0,37500.0,40000.0,41667.0,38500.0,39750.0,38000.0,42667.0,44333.0,41333.0,44500.0,55000.0,56000.0,39333.0
2026-07-11,45000.0,40000.0,38000.0,39000.0,39500.0,43333.0,41800.0,38333.0,41667.0,46250.0,60333.0,41000.0,42667.0,38600.0,42750.0,40000.0,49333.0,41667.0,37500.0,46433.0,41500.0,52667.0,33500.0,42500.0,37333.0,37500.0,40000.0,41667.0,38500.0,39750.0,40000.0,38667.0,44333.0,41333.0,44500.0,55000.0,56000.0,40833.0
2026-07-12,45000.0,39600.0,38000.0,39000.0,39500.0,43333.0,41800.0,38333.0,41000.0,46250.0,60333.0,41250.0,42667.0,38600.0,42750.0,39333.0,49333.0,40000.0,37500.0,46433.0,41500.0,51667.0,33500.0,42500.0,37333.0,37500.0,37500.0,41667.0,38500.0,39750.0,40000.0,39333.0,44333.0,41000.0,44500.0,55000.0,52667.0,40667.0
2026-07-13,45000.0,39600.0,36500.0,39000.0,37000.0,43333.0,42400.0,36667.0,40000.0,45000.0,60333.0,39750.0,41000.0,37200.0,40750.0,40667.0,49333.0,39000.0,37500.0,45333.0,41500.0,52667.0,34500.0,42500.0,37333.0,35000.0,36000.0,43333.0,38000.0,35750.0,38000.0,39333.0,45000.0,42667.0,44000.0,55000.0,52667.0,40667.0
2026-07-14,45000.0,40000.0,36500.0,39000.0,37000.0,39333.0,42600.0,36667.0,41333.0,45000.0,60333.0,41250.0,41000.0,36800.0,40750.0,39000.0,45000.0,39000.0,42500.0,45333.0,41500.0,52667.0,34500.0,42500.0,37333.0,35000.0,37500.0,43333.0,38000.0,39500.0,38000.0,39333.0,43333.0,42667.0,42500.0,55000.0,51250.0,40000.0
2026-07-15,45000.0,40000.0,36500.0,39000.0,37000.0,39333.0,42600.0,37333.0,40667.0,43750.0,60333.0,41250.0,41000.0,38600.0,40750.0,35667.0,45000.0,39000.0,42500.0,45333.0,41500.0,53333.0,34500.0,40000.0,36667.0,35000.0,37500.0,42667.0,38000.0,37750.0,40000.0,40000.0,44000.0,42667.0,41000.0,53500.0,49000.0,40000.0
2026-07-16,45000.0,42000.0,36500.0,39000.0,37500.0,41000.0,43000.0,36333.0,40667.0,43750.0,60333.0,40900.0,41000.0,38600.0,40250.0,38000.0,45000.0,39000.0,42500.0,45333.0,41500.0,53333.0,35000.0,40000.0,36667.0,35000.0,38000.0,41667.0,38000.0,38875.0,40000.0,40000.0,44000.0,41667.0,42000.0,53500.0,49000.0,40000.0
2026-07-17,45000.0,42000.0,37000.0,39000.0,37500.0,38333.0,41400.0,36333.0,40000.0,40000.0,60333.0,40900.0,41000.0,38600.0,40250.0,39333.0,45000.0,40667.0,42500.0,46100.0,41500.0,51667.0,35000.0,40000.0,36667.0,35000.0,36000.0,41667.0,38000.0,38875.0,38000.0,40667.0,45000.0,41667.0,41000.0,53500.0,49000.0,39167.0
2026-07-18,45000.0,41000.0,37000.0,39000.0,37500.0,38333.0,41400.0,36333.0,39000.0,40000.0,60333.0,38250.0,41000.0,38600.0,40250.0,38667.0,45000.0,40333.0,42500.0,46333.0,41500.0,52667.0,35000.0,40000.0,36667.0,35000.0,36000.0,41667.0,36500.0,38250.0,36000.0,38667.0,45000.0,41667.0,41000.0,53500.0,49000.0,41500.0
2026-07-19,45000.0,40600.0,37000.0,39000.0,37500.0,38333.0,41000.0,36333.0,38000.0,40000.0,60333.0,37000.0,41000.0,38600.0,40250.0,36667.0,45000.0,40333.0,42500.0,46333.0,41500.0,52667.0,35000.0,40000.0,37333.0,35000.0,36000.0,41667.0,36000.0,38250.0,35000.0,38000.0,45000.0,41000.0,41000.0,53500.0,49000.0,40000.0
2026-07-20,45000.0,36200.0,36000.0,32500.0,39000.0,36667.0,37600.0,35000.0,35667.0,36750.0,63333.0,34800.0,38667.0,36800.0,37165.0,34333.0,40000.0,40333.0,42500.0,46333.0,35000.0,51667.0,35000.0,42000.0,35667.0,32500.0,33500.0,43333.0,33500.0,36750.0,32000.0,34000.0,40667.0,39667.0,39250.0,52000.0,46667.0,39667.0
2026-07-21,45000.0,36400.0,36000.0,32500.0,39000.0,36667.0,37600.0,33333.0,34000.0,34000.0,63333.0,34150.0,38667.0,36400.0,37165.0,32333.0,38667.0,38667.0,42500.0,44333.0,35000.0,51000.0,35000.0,42000.0,34333.0,32500.0,32500.0,40000.0,32750.0,36750.0,32000.0,32333.0,42333.0,36667.0,39000.0,52000.0,48333.0,39167.0
2026-07-22,45000.0,39600.0,34500.0,37500.0,39000.0,38333.0,38600.0,33333.0,34333.0,35000.0,65000.0,34500.0,38000.0,33600.0,37165.0,33333.0,39333.0,38667.0,42500.0,44333.0,35000.0,50000.0,35000.0,39500.0,34333.0,32500.0,32000.0,40000.0,32750.0,37125.0,34000.0,32333.0,42667.0,36167.0,39000.0,52000.0,46500.0,38833.0
2026-07-23,45000.0,38600.0,34500.0,37500.0,37500.0,38333.0,39600.0,31667.0,34000.0,35000.0,64333.0,33250.0,38000.0,34200.0,37165.0,34333.0,39333.0,38667.0,40000.0,44333.0,37500.0,51000.0,35000.0,39500.0,34333.0,32500.0,32000.0,38667.0,33750.0,37125.0,34000.0,33000.0,38333.0,36167.0,38500.0,52000.0,48333.0,38833.0
2026-07-24,43667.0,38600.0,34000.0,37500.0,37500.0,36667.0,39600.0,33667.0,34000.0,35000.0,64667.0,34875.0,37000.0,32000.0,37415.0,35667.0,39333.0,37000.0,40000.0,44333.0,37500.0,47000.0,31500.0,39500.0,34333.0,32500.0,32000.0,39333.0,34750.0,35875.0,34000.0,33333.0,38333.0,36167.0,37500.0,52000.0,48333.0,39167.0
2026-07-25,43667.0,38600.0,34000.0,37500.0,37500.0,36667.0,40600.0,33667.0,34000.0,35000.0,65000.0,35500.0,37000.0,32600.0,37415.0,36333.0,40000.0,37000.0,40000.0,41667.0,37500.0,47000.0,31500.0,39500.0,34333.0,32500.0,32000.0,39333.0,35000.0,34875.0,34000.0,33333.0,38333.0,36167.0,37500.0,52000.0,48333.0,39667.0
2026-07-26,43667.0,38600.0,34000.0,37500.0,37500.0,36667.0,40600.0,33667.0,34000.0,35000.0,65000.0,35150.0,37000.0,30600.0,37415.0,34333.0,40000.0,37667.0,40000.0,41667.0,37500.0,47333.0,31500.0,39500.0,34333.0,32500.0,32000.0,39333.0,35000.0,34875.0,34000.0,33333.0,38333.0,36167.0,37500.0,52000.0,46667.0,40000.0
2026-07-27,43667.0,38600.0,36000.0,35000.0,38250.0,38333.0,40200.0,34333.0,35333.0,35000.0,55000.0,36150.0,36667.0,31000.0,37415.0,34333.0,38667.0,37333.0,40000.0,42667.0,37500.0,47333.0,31000.0,39500.0,34333.0,35000.0,33000.0,41000.0,37250.0,34875.0,34000.0,36000.0,38667.0,35667.0,37500.0,52000.0,46667.0,41333.0
2026-07-28,43667.0,39600.0,36000.0,35000.0,38250.0,41000.0,42600.0,37667.0,39000.0,37000.0,55000.0,40500.0,36667.0,32200.0,37500.0,40667.0,47000.0,38000.0,40000.0,41000.0,37500.0,47333.0,31000.0,41000.0,34333.0,37500.0,36500.0,41667.0,39500.0,34875.0,40000.0,37667.0,38667.0,34833.0,38000.0,52000.0,46667.0,41667.0
2026-07-29,43667.0,46600.0,39000.0,47500.0,38250.0,41000.0,51800.0,42333.0,40333.0,37000.0,55000.0,47050.0,40667.0,32200.0,40000.0,46333.0,50000.0,39667.0,40000.0,42333.0,37500.0,47333.0,31000.0,43500.0,38333.0,37500.0,41000.0,41667.0,43000.0,33625.0,44000.0,44333.0,42333.0,34667.0,40000.0,52000.0,50000.0,41000.0
2026-07-30,43667.0,51400.0,39000.0,55000.0,44750.0,46000.0,55600.0,42333.0,40333.0,38250.0,56667.0,46000.0,40667.0,32500.0,43832.0,47667.0,50667.0,40333.0,42500.0,42667.0,37500.0,44000.0,31000.0,43500.0,34000.0,38500.0,44500.0,45000.0,45250.0,35000.0,44000.0,48667.0,42333.0,36833.0,41500.0,52000.0,50000.0,43500.0
2026-07-31,43667.0,49200.0,39000.0,52500.0,44750.0,46000.0,50800.0,43333.0,44667.0,45000.0,51667.0,46250.0,41667.0,34700.0,43832.0,45667.0,53333.0,41000.0,42500.0,42667.0,37500.0,46667.0,34000.0,45000.0,34000.0,38500.0,41500.0,46000.0,43500.0,36500.0,42000.0,47667.0,42333.0,37333.0,43000.0,52000.0,53333.0,41667.0
2026-08-01,43667.0,48200.0,39000.0,52500.0,44750.0,46000.0,51800.0,43333.0,44667.0,45000.0,51667.0,44500.0,41667.0,34700.0,43832.0,46667.0,50000.0,41000.0,42500.0,45000.0,37500.0,46667.0,34000.0,45000.0,34000.0,38500.0,41500.0,46000.0,43500.0,36500.0,42000.0,46667.0,42333.0,37333.0,43000.0,52000.0,50000.0,41833.0
2026-08-02,43667.0,48200.0,39000.0,52500.0,44750.0,46000.0,51800.0,43333.0,44333.0,45000.0,51667.0,45400.0,41667.0,37000.0,43832.0,45667.0,48333.0,41000.0,42500.0,45000.0,37500.0,46000.0,34000.0,45000.0,34000.0,38500.0,39500.0,46000.0,42250.0,35750.0,40000.0,45000.0,42333.0,37333.0,43000.0,52000.0,48333.0,43833.0
2026-08-03,43667.0,47800.0,40000.0,52500.0,45250.0,46333.0,46800.0,36667.0,44333.0,48250.0,51667.0,45750.0,44333.0,38600.0,43832.0,43667.0,48333.0,41667.0,42500.0,44333.0,40000.0,43333.0,36000.0,45000.0,33333.0,41500.0,38500.0,45333.0,43250.0,35750.0,42000.0,44000.0,43333.0,38500.0,43000.0,52000.0,50000.0,44500.0
2026-08-04,43667.0,50200.0,40000.0,52500.0,45250.0,46333.0,51000.0,43333.0,44667.0,48750.0,51667.0,46250.0,44333.0,39400.0,43332.0,47333.0,50000.0,41667.0,45000.0,44567.0,40000.0,44333.0,36000.0,43500.0,45000.0,42500.0,41500.0,48667.0,46000.0,37000.0,45000.0,44667.0,46000.0,38500.0,44000.0,52000.0,48333.0,45333.0
2026-08-05,43667.0,48400.0,44500.0,52500.0,44750.0,46333.0,50000.0,43333.0,44000.0,48750.0,52000.0,46900.0,45000.0,41400.0,43332.0,46333.0,50000.0,40000.0,45000.0,45333.0,40000.0,48333.0,35000.0,48500.0,43333.0,40000.0,41500.0,48667.0,46250.0,42500.0,46000.0,45333.0,46000.0,38500.0,46000.0,52000.0,51667.0,44167.0
2026-08-06,44333.0,48400.0,44500.0,52500.0,45000.0,46000.0,49200.0,45000.0,44000.0,53000.0,51667.0,46000.0,45000.0,41400.0,43332.0,46667.0,50000.0,40000.0,45000.0,46333.0,40000.0,48333.0,35000.0,48500.0,44333.0,40000.0,41000.0,47667.0,46250.0,42500.0,46000.0,47000.0,46000.0,42000.0,47000.0,52000.0,55000.0,43000.0
2026-08-07,44333.0,45000.0,40500.0,50000.0,45000.0,45000.0,48800.0,45000.0,43667.0,53750.0,51667.0,45750.0,45333.0,41400.0,43332.0,46667.0,52333.0,39333.0,45000.0,46333.0,40000.0,48333.0,36500.0,48500.0,44333.0,40000.0,41000.0,47667.0,46250.0,42500.0,42000.0,45333.0,42667.0,41667.0,47000.0,52000.0,53333.0,42500.0
2026-08-08,44333.0,45200.0,40500.0,50000.0,45000.0,45000.0,49200.0,45000.0,44000.0,53750.0,51667.0,45500.0,45333.0,42800.0,43332.0,45667.0,51333.0,39333.0,45000.0,46333.0,46000.0,49667.0,36500.0,47500.0,44333.0,40000.0,41000.0,47667.0,42750.0,41750.0,44000.0,46000.0,42667.0,41667.0,47000.0,52000.0,53333.0,44167.0
2026-08-09,44333.0,45200.0,40500.0,50000.0,45000.0,45000.0,49200.0,45000.0,44000.0,53750.0,51667.0,45250.0,45333.0,42800.0,43332.0,45667.0,50667.0,39333.0,45000.0,45333.0,46000.0,49667.0,36500.0,47500.0,44333.0,40000.0,41000.0,47667.0,43000.0,41750.0,42000.0,45000.0,42667.0,42000.0,47000.0,52000.0,53333.0,44167.0
2026-08-10,44333.0,44800.0,42500.0,45000.0,48500.0,48000.0,47800.0,44667.0,44333.0,52000.0,51667.0,45500.0,45333.0,44400.0,44250.0,42667.0,48333.0,40000.0,45000.0,44500.0,46000.0,50667.0,40000.0,46000.0,44000.0,42500.0,41000.0,46667.0,41750.0,42500.0,44000.0,44000.0,42667.0,42000.0,46500.0,50000.0,56667.0,47500.0
2026-08-11,44000.0,45200.0,44000.0,45000.0,48500.0,48000.0,48000.0,43000.0,44667.0,50500.0,50000.0,46000.0,45333.0,44400.0,46750.0,45000.0,48333.0,40000.0,45000.0,44667.0,46000.0,50667.0,40000.0,46000.0,44667.0,42500.0,43500.0,46667.0,43500.0,43750.0,44000.0,45667.0,36667.0,42000.0,46500.0,50000.0,56667.0,46667.0
2026-08-12,44000.0,43800.0,44000.0,50000.0,47750.0,48000.0,48000.0,41000.0,44667.0,50500.0,50000.0,45250.0,45333.0,44500.0,46500.0,45000.0,49333.0,40000.0,45000.0,44667.0,46000.0,50667.0,40000.0,46000.0,45667.0,39000.0,43000.0,46667.0,43500.0,47750.0,44000.0,45000.0,42667.0,42000.0,47000.0,50000.0,56667.0,44167.0
2026-08-13,44000.0,43800.0,44000.0,50000.0,44000.0,48000.0,48000.0,41000.0,44667.0,51250.0,50333.0,44250.0,45333.0,44100.0,46500.0,42333.0,50000.0,40000.0,45000.0,45100.0,46000.0,50667.0,38500.0,46000.0,45667.0,39000.0,41500.0,46000.0,44000.0,46500.0,44000.0,44000.0,47667.0,43000.0,47000.0,50000.0,56667.0,44167.0
2026-08-14,44000.0,43000.0,44000.0,50000.0,44000.0,48000.0,46000.0,44667.0,44667.0,52250.0,50333.0,44000.0,45333.0,44500.0,46500.0,42333.0,49333.0,40000.0,45000.0,44567.0,46000.0,50667.0,38500.0,46000.0,45667.0,39000.0,41000.0,46000.0,42250.0,45875.0,42000.0,43333.0,47667.0,43000.0,47000.0,50000.0,55000.0,46167.0
2026-08-15,44000.0,43400.0,42000.0,50000.0,44000.0,48000.0,46000.0,44667.0,44667.0,52250.0,50333.0,44750.0,45333.0,44500.0,46500.0,40667.0,49333.0,40000.0,45000.0,44433.0,46500.0,50667.0,38500.0,46000.0,45667.0,39000.0,43500.0,46333.0,42750.0,45875.0,44000.0,44333.0,47667.0,43000.0,47000.0,50000.0,55000.0,46167.0
2026-08-16,44000.0,43400.0,42000.0,50000.0,44000.0,48000.0,46800.0,44667.0,45000.0,52250.0,50333.0,47400.0,45333.0,44500.0,46500.0,41333.0,50000.0,41667.0,45000.0,47000.0,46500.0,50667.0,38500.0,46000.0,44000.0,39000.0,43500.0,46333.0,46000.0,45875.0,48000.0,45333.0,47667.0,43000.0,47000.0,50000.0,55000.0,46167.0
2026-08-17,44000.0,43400.0,42000.0,50000.0,44000.0,48000.0,47200.0,44667.0,45000.0,52250.0,50333.0,46575.0,45333.0,45500.0,46500.0,44667.0,50000.0,43667.0,45000.0,47000.0,46500.0,50667.0,38500.0,48500.0,44000.0,39000.0,45500.0,46333.0,45750.0,46500.0,48000.0,45333.0,47667.0,43000.0,47000.0,50000.0,55000.0,46167.0
2026-08-18,44000.0,49200.0,42500.0,52500.0,46000.0,50333.0,47400.0,44667.0,45000.0,50250.0,50667.0,46750.0,50667.0,45798.0,47000.0,45333.0,50000.0,44333.0,45000.0,47567.0,48000.0,50667.0,38500.0,48500.0,45000.0,41000.0,45000.0,46667.0,46000.0,46250.0,48000.0,46333.0,47333.0,43500.0,47000.0,50000.0,54667.0,47167.0
2026-08-19,44000.0,48200.0,42500.0,52500.0,46000.0,44000.0,47600.0,44667.0,45333.0,50250.0,48333.0,46750.0,50667.0,46000.0,45750.0,43667.0,50000.0,44333.0,45000.0,47567.0,48000.0,50000.0,38500.0,50000.0,45000.0,41000.0,44500.0,46667.0,46250.0,46750.0,46000.0,47000.0,47333.0,44833.0,47000.0,50000.0,54667.0,46500.0
2026-08-20,45000.0,48200.0,42500.0,52500.0,46500.0,44000.0,47600.0,44667.0,45667.0,49500.0,48333.0,47000.0,49667.0,46000.0,46750.0,44667.0,50000.0,44333.0,47500.0,44900.0,48000.0,51000.0,42500.0,48500.0,44000.0,42500.0,44500.0,48667.0,45250.0,47000.0,48000.0,47000.0,46667.0,44833.0,47000.0,50000.0,54667.0,47000.0
2026-08-21,45000.0,49200.0,42500.0,52500.0,46500.0,44333.0,49600.0,44667.0,46000.0,49500.0,48333.0,46000.0,49000.0,46000.0,46750.0,45333.0,50000.0,44167.0,52500.0,44900.0,48000.0,51000.0,42500.0,46500.0,44000.0,42500.0,46000.0,48667.0,44500.0,47000.0,46000.0,49333.0,46667.0,44833.0,47500.0,50000.0,54667.0,51333.0
2026-08-22,45000.0,52200.0,40500.0,52500.0,46750.0,44333.0,49600.0,44667.0,46333.0,49500.0,53333.0,49500.0,49000.0,46000.0,46750.0,45000.0,50000.0,44333.0,52500.0,45667.0,50500.0,51000.0,42500.0,46500.0,45667.0,42500.0,46500.0,48667.0,46750.0,45750.0,48000.0,50000.0,46667.0,44833.0,47500.0,50000.0,54667.0,53667.0
2026-08-23,45000.0,51400.0,40500.0,52500.0,46750.0,44333.0,50000.0,44667.0,48333.0,49500.0,53333.0,49500.0,49000.0,46000.0,46750.0,48667.0,50000.0,44333.0,52500.0,47167.0,50500.0,51000.0,42500.0,46500.0,45667.0,42500.0,47000.0,48667.0,47250.0,45750.0,50000.0,52333.0,46667.0,44833.0,47500.0,50000.0,54667.0,53167.0
2026-08-24,45000.0,53200.0,47000.0,57500.0,49000.0,54667.0,52600.0,48667.0,53000.0,53750.0,55000.0,50500.0,51000.0,46000.0,49750.0,55667.0,55000.0,44333.0,62500.0,47500.0,50500.0,52333.0,45000.0,52000.0,42333.0,50000.0,47000.0,51667.0,51250.0,46500.0,50000.0,55333.0,54333.0,44833.0,50000.0,50000.0,54667.0,52500.0
2026-08-25,45000.0,52800.0,47000.0,57500.0,48500.0,54667.0,52600.0,48667.0,53000.0,53750.0,55000.0,51750.0,51000.0,46000.0,49750.0,57333.0,55000.0,45000.0,62500.0,46833.0,50500.0,52333.0,45000.0,52000.0,43333.0,50000.0,48000.0,53000.0,50250.0,46000.0,50000.0,54333.0,54333.0,45667.0,51000.0,50000.0,58000.0,51333.0
2026-08-26,45000.0,53800.0,49000.0,57500.0,48500.0,53667.0,53000.0,53667.0,53000.0,55000.0,55000.0,51825.0,53000.0,47100.0,49750.0,54333.0,56000.0,48333.0,65000.0,51000.0,50500.0,52333.0,47500.0,49850.0,45000.0,49000.0,50500.0,53000.0,51500.0,46375.0,50000.0,53000.0,55000.0,45667.0,54000.0,50000.0,53000.0,50667.0
2026-08-27,45000.0,54600.0,49000.0,57500.0,49500.0,54333.0,54200.0,52000.0,53000.0,55000.0,55000.0,55900.0,53000.0,48500.0,49750.0,54333.0,58333.0,49667.0,65000.0,51667.0,53500.0,52333.0,47500.0,52700.0,48333.0,49000.0,52750.0,56667.0,52500.0,46375.0,52000.0,56333.0,55000.0,47500.0,55000.0,50000.0,53000.0,53167.0
2026-08-28,45000.0,55200.0,51500.0,57500.0,49500.0,54333.0,56600.0,52000.0,53167.0,55000.0,55000.0,58000.0,54333.0,49200.0,49750.0,56667.0,58333.0,52333.0,65000.0,51667.0,53500.0,51667.0,47500.0,52700.0,50000.0,50000.0,52750.0,57000.0,54750.0,50625.0,55000.0,57333.0,55000.0,47333.0,56500.0,50000.0,61667.0,54833.0
2026-08-29,45000.0,54200.0,51500.0,57500.0,49500.0,54333.0,56600.0,52000.0,54333.0,55000.0,55000.0,57000.0,54333.0,49200.0,49750.0,55333.0,58333.0,54000.0,67500.0,55000.0,53500.0,51667.0,47500.0,52700.0,50000.0,50000.0,52750.0,57000.0,54750.0,50625.0,56000.0,57333.0,55000.0,47333.0,56500.0,50000.0,61667.0,54833.0
2026-08-30,45000.0,54400.0,51500.0,57500.0,49500.0,54333.0,56600.0,52000.0,55667.0,55000.0,55000.0,57000.0,54333.0,49200.0,49750.0,56000.0,58333.0,54000.0,67500.0,55000.0,53500.0,53333.0,47500.0,55200.0,50000.0,50000.0,52750.0,57000.0,56500.0,50625.0,56000.0,58667.0,55000.0,48167.0,56500.0,50000.0,61667.0,55833.0
2026-08-31,50000.0,60000.0,51500.0,60000.0,53000.0,54333.0,57000.0,55000.0,56333.0,55000.0,60000.0,57000.0,59333.0,52500.0,49750.0,58000.0,60000.0,52667.0,67500.0,55667.0,53500.0,54333.0,52500.0,60000.0,53333.0,50000.0,53500.0,59333.0,57500.0,51000.0,56000.0,58667.0,61000.0,50667.0,57500.0,50000.0,59667.0,56167.0
2026-09-01,50000.0,59400.0,48000.0,60000.0,53000.0,59667.0,57000.0,54333.0,57000.0,57625.0,60000.0,59250.0,59333.0,55000.0,59000.0,64667.0,65000.0,54333.0,67500.0,57167.0,58500.0,58333.0,52500.0,60000.0,53333.0,50000.0,56000.0,62000.0,59250.0,53500.0,56000.0,59333.0,61667.0,50667.0,58500.0,55000.0,61333.0,55667.0
2026-09-02,52333.0,59400.0,48000.0,70000.0,53000.0,63000.0,59000.0,56667.0,60333.0,57625.0,60000.0,61650.0,64000.0,55500.0,60750.0,66000.0,66667.0,55667.0,67500.0,60000.0,58500.0,56667.0,55000.0,60000.0,53333.0,50000.0,60500.0,58667.0,59250.0,54375.0,58000.0,62667.0,61667.0,50667.0,60000.0,55000.0,61333.0,57333.0
2026-09-03,52333.0,59400.0,50000.0,70000.0,64750.0,63333.0,65400.0,60000.0,61333.0,60125.0,60000.0,62650.0,64000.0,59400.0,61000.0,67333.0,70000.0,57333.0,67500.0,60000.0,58500.0,56667.0,55000.0,64500.0,53333.0,56500.0,61500.0,65333.0,64500.0,54375.0,58000.0,65667.0,63333.0,51833.0,62000.0,55000.0,61333.0,58167.0
