tanggal,Kabupaten Bangkalan,Kabupaten Banyuwangi,Kabupaten Blitar,Kabupaten Bojonegoro,Kabupaten Bondowoso,Kabupaten Gresik,Kabupaten Jember,Kabupaten Jombang,Kabupaten Kediri,Kabupaten Lamongan,Kabupaten Lumajang,Kabupaten Madiun,Kabupaten Magetan,Kabupaten Malang,Kabupaten Mojokerto,Kabupaten Nganjuk,Kabupaten Ngawi,Kabupaten Pacitan,Kabupaten Pamekasan,Kabupaten Pasuruan,Kabupaten Ponorogo,Kabupaten Probolinggo,Kabupaten Sampang,Kabupaten Sidoarjo,Kabupaten Situbondo,Kabupaten Sumenep,Kabupaten Trenggalek,Kabupaten Tuban,Kabupaten Tulungagung,Kota Batu,Kota Blitar,Kota Kediri,Kota Madiun,Kota Malang,Kota Mojokerto,Kota Pasuruan,Kota Probolinggo,Kota Surabaya
2024-01-01,28667.0,38600.0,36000.0,30000.0,30500.0,35333.0,35000.0,27667.0,32667.0,32250.0,28667.0,31250.0,33000.0,36600.0,24750.0,26333.0,33667.0,27000.0,32000.0,35000.0,28000.0,25333.0,30500.0,34000.0,38000.0,33000.0,32000.0,28667.0,29333.0,33000.0,38000.0,35267.0,30333.0,32167.0,34500.0,33900.0,36333.0,29000.0
2024-01-02,31333.0,37800.0,35000.0,32500.0,35250.0,37667.0,35200.0,28667.0,35333.0,33000.0,28667.0,31250.0,35000.0,36600.0,24750.0,27333.0,37000.0,27000.0,32000.0,36667.0,28000.0,32333.0,30500.0,34000.0,38000.0,33000.0,34000.0,28667.0,33000.0,33000.0,37000.0,35667.0,33000.0,32167.0,35500.0,35950.0,35333.0,29000.0
2024-01-03,31333.0,37400.0,34500.0,32500.0,35250.0,37667.0,36200.0,28667.0,35333.0,35000.0,28667.0,31250.0,35000.0,34600.0,25000.0,28000.0,36667.0,28333.0,32000.0,36667.0,28000.0,32333.0,30500.0,36500.0,37000.0,33000.0,34000.0,34000.0,33000.0,33000.0,38000.0,34667.0,33000.0,33333.0,34500.0,35650.0,31333.0,29333.0
2024-01-04,31333.0,36800.0,34500.0,32500.0,37375.0,36667.0,36200.0,29333.0,34667.0,35000.0,28667.0,31250.0,35000.0,34600.0,25000.0,28000.0,35000.0,29333.0,32000.0,37333.0,28000.0,32333.0,30500.0,37000.0,37000.0,33000.0,36000.0,31333.0,33000.0,33250.0,38000.0,34667.0,33000.0,33333.0,34500.0,36600.0,36333.0,30167.0
2024-01-05,31333.0,36600.0,34500.0,32500.0,37250.0,36667.0,36200.0,30000.0,34667.0,35000.0,28667.0,32000.0,34000.0,34600.0,25000.0,28000.0,35000.0,29333.0,32000.0,37833.0,34500.0,32333.0,30500.0,39000.0,37667.0,33000.0,37000.0,31333.0,33000.0,33000.0,38000.0,35667.0,33000.0,33333.0,34500.0,35900.0,37000.0,29667.0
2024-01-06,31333.0,36600.0,34500.0,32500.0,36875.0,36667.0,35800.0,30000.0,34667.0,35000.0,32000.0,33000.0,34000.0,34600.0,25000.0,28000.0,35000.0,29333.0,32000.0,37833.0,34500.0,32333.0,30500.0,40000.0,37333.0,33000.0,37000.0,31333.0,34000.0,33000.0,38000.0,36000.0,33000.0,32833.0,34500.0,35650.0,37000.0,29667.0
2024-01-07,31333.0,36200.0,34500.0,32500.0,36500.0,36667.0,35800.0,30000.0,34667.0,35000.0,32000.0,33250.0,34000.0,34600.0,25000.0,27333.0,35000.0,29333.0,32000.0,37833.0,34500.0,32333.0,30500.0,39000.0,36000.0,33000.0,37000.0,31333.0,34000.0,33000.0,37000.0,36000.0,33000.0,32833.0,35500.0,35650.0,35500.0,29667.0
2024-01-08,31333.0,36200.0,35500.0,32500.0,36000.0,36667.0,37200.0,27333.0,34333.0,34500.0,32000.0,33250.0,35333.0,36000.0,25000.0,27333.0,36000.0,28333.0,35000.0,37833.0,34500.0,32333.0,30500.0,39000.0,35333.0,33000.0,36000.0,30667.0,35667.0,32750.0,36500.0,34667.0,35667.0,32833.0,34000.0,35400.0,36000.0,29333.0
2024-01-09,31333.0,36400.0,35500.0,32500.0,36000.0,36667.0,38600.0,27333.0,34333.0,34500.0,31667.0,33250.0,35333.0,35800.0,25500.0,27333.0,37000.0,28333.0,35000.0,37167.0,34500.0,32333.0,37500.0,39000.0,35333.0,33000.0,36000.0,32667.0,34667.0,33750.0,36500.0,35000.0,35000.0,33333.0,34000.0,35150.0,36667.0,29333.0
2024-01-10,31333.0,35800.0,35000.0,32500.0,33875.0,35000.0,38800.0,26667.0,34333.0,34000.0,31667.0,33250.0,34667.0,34800.0,25500.0,27333.0,36333.0,28333.0,34000.0,36333.0,34500.0,35333.0,37500.0,35000.0,35667.0,33000.0,35000.0,31667.0,34333.0,33750.0,35500.0,36000.0,35000.0,33500.0,31000.0,35400.0,32667.0,29000.0
2024-01-11,31333.0,35600.0,35500.0,32500.0,37250.0,35000.0,38400.0,26000.0,32667.0,34000.0,31333.0,32750.0,34667.0,34600.0,25500.0,27333.0,35000.0,28000.0,34000.0,35667.0,34500.0,35333.0,37500.0,35000.0,35000.0,34500.0,35000.0,32667.0,34333.0,35500.0,35000.0,34000.0,35000.0,32833.0,32000.0,34500.0,32667.0,29000.0
2024-01-12,29333.0,35600.0,31500.0,32500.0,37000.0,35000.0,38400.0,26000.0,31333.0,34000.0,31333.0,32250.0,34667.0,34600.0,25500.0,27333.0,35000.0,28000.0,34000.0,35000.0,34500.0,35333.0,37500.0,32500.0,35667.0,34500.0,35500.0,32333.0,34333.0,35500.0,34500.0,34667.0,32667.0,33333.0,33000.0,34850.0,34333.0,29333.0
2024-01-13,29333.0,35600.0,31500.0,32500.0,37000.0,35000.0,38400.0,26000.0,31333.0,34000.0,31333.0,32250.0,34667.0,34400.0,25500.0,27333.0,35000.0,28000.0,34000.0,34333.0,34500.0,35333.0,35000.0,31500.0,35000.0,34500.0,35500.0,32333.0,34333.0,35500.0,28500.0,28333.0,32333.0,33333.0,33000.0,34500.0,31667.0,28667.0
2024-01-14,29333.0,35600.0,31500.0,32500.0,37375.0,35000.0,38400.0,26000.0,29667.0,34000.0,31333.0,32250.0,34667.0,34400.0,25500.0,27333.0,35000.0,28000.0,34000.0,34333.0,34500.0,35333.0,35000.0,31500.0,34667.0,34500.0,35500.0,32333.0,33667.0,35500.0,28500.0,28333.0,32333.0,33333.0,34000.0,34500.0,31667.0,27833.0
2024-01-15,30667.0,33000.0,31000.0,22500.0,36250.0,33333.0,38400.0,25333.0,28667.0,34000.0,31000.0,30750.0,33000.0,34800.0,23250.0,27333.0,35000.0,26333.0,34000.0,34000.0,34500.0,35333.0,35000.0,35500.0,35333.0,32500.0,32500.0,32333.0,32333.0,33500.0,30000.0,27667.0,31667.0,33333.0,34000.0,33450.0,34000.0,27833.0
2024-01-16,30667.0,33000.0,31000.0,22500.0,36250.0,31000.0,37600.0,25333.0,27667.0,34000.0,31667.0,30500.0,33000.0,34800.0,23250.0,27333.0,32667.0,26333.0,34000.0,32000.0,34500.0,35333.0,37500.0,27500.0,35333.0,32500.0,31500.0,32333.0,32333.0,33500.0,30000.0,27000.0,31667.0,33833.0,35000.0,32150.0,34000.0,27833.0
2024-01-17,28333.0,32600.0,22500.0,22500.0,36250.0,31000.0,37600.0,20667.0,27667.0,34000.0,31667.0,29750.0,33000.0,34800.0,23250.0,26000.0,30667.0,26333.0,34000.0,32000.0,34500.0,35333.0,37500.0,25000.0,35000.0,32500.0,31500.0,31667.0,32667.0,33250.0,30000.0,29333.0,31667.0,33833.0,32000.0,30950.0,34000.0,28333.0
2024-01-18,28333.0,30800.0,26000.0,22500.0,36250.0,32667.0,37200.0,23667.0,27667.0,34000.0,31667.0,29750.0,33000.0,34800.0,24000.0,20333.0,29333.0,25667.0,34000.0,32000.0,34500.0,35333.0,37500.0,25000.0,35000.0,32500.0,29000.0,31333.0,31667.0,34250.0,30000.0,29333.0,30000.0,33167.0,29000.0,30950.0,34000.0,28667.0
2024-01-19,28333.0,31000.0,24000.0,22500.0,36250.0,31000.0,37400.0,20667.0,28333.0,34000.0,29333.0,29250.0,33000.0,32200.0,24000.0,20333.0,28667.0,25667.0,32000.0,30667.0,32000.0,35333.0,37500.0,25000.0,35000.0,32500.0,29000.0,31333.0,31667.0,33750.0,28500.0,29333.0,30000.0,33167.0,30000.0,31250.0,32333.0,28000.0
2024-01-20,28333.0,29600.0,24000.0,22500.0,36375.0,31000.0,35400.0,20667.0,28333.0,34000.0,29333.0,26250.0,33000.0,31800.0,24000.0,20333.0,29333.0,25000.0,32000.0,30667.0,32000.0,35333.0,37500.0,25000.0,36667.0,32500.0,29000.0,30667.0,30667.0,33750.0,28500.0,31333.0,30000.0,33000.0,29000.0,31050.0,34000.0,28000.0
2024-01-21,28333.0,29600.0,24000.0,22500.0,36500.0,31000.0,35400.0,20667.0,28333.0,34000.0,28000.0,25750.0,33000.0,31200.0,24000.0,20333.0,28667.0,25000.0,32000.0,30667.0,32000.0,35333.0,37500.0,25000.0,36333.0,32500.0,29000.0,30667.0,30000.0,35250.0,28500.0,30000.0,30000.0,33000.0,30000.0,30850.0,34000.0,28000.0
2024-01-22,26333.0,29200.0,23000.0,20000.0,32750.0,30000.0,33400.0,19333.0,26333.0,34000.0,28000.0,25750.0,32000.0,31000.0,22000.0,20333.0,25667.0,25000.0,30000.0,30667.0,32000.0,35333.0,37500.0,30000.0,31667.0,29000.0,29000.0,27333.0,29000.0,34000.0,28500.0,27667.0,30667.0,32500.0,29000.0,31350.0,34000.0,28000.0
2024-01-23,26333.0,28800.0,22000.0,20000.0,32750.0,32333.0,32000.0,19333.0,25333.0,26750.0,28000.0,25750.0,32000.0,31000.0,21962.0,20333.0,25667.0,25000.0,30000.0,30667.0,32000.0,33667.0,32500.0,30000.0,32667.0,29000.0,29000.0,25667.0,29000.0,34500.0,28500.0,27333.0,30667.0,31833.0,28000.0,31350.0,33333.0,28000.0
2024-01-24,26333.0,28800.0,23000.0,20000.0,33375.0,32333.0,31600.0,19333.0,25333.0,22750.0,27333.0,25000.0,32000.0,31400.0,22462.0,20333.0,25667.0,25000.0,30000.0,29333.0,29500.0,33667.0,32500.0,26000.0,34333.0,29000.0,30000.0,25000.0,27000.0,33750.0,28500.0,28667.0,30667.0,31333.0,26500.0,30850.0,28333.0,28000.0
2024-01-25,27000.0,29000.0,24500.0,20000.0,32500.0,31667.0,31600.0,19000.0,25333.0,22750.0,27333.0,24000.0,32000.0,29000.0,22462.0,20333.0,25000.0,25000.0,30000.0,29333.0,23500.0,33667.0,32500.0,26000.0,34000.0,29000.0,28000.0,24333.0,27000.0,33750.0,31000.0,29333.0,30667.0,31333.0,25500.0,28250.0,29000.0,28333.0
2024-01-26,27000.0,28800.0,24500.0,20000.0,32875.0,31667.0,30200.0,19000.0,24667.0,22750.0,27333.0,24750.0,32000.0,30200.0,22962.0,20333.0,25000.0,25000.0,30000.0,29333.0,23500.0,33667.0,32500.0,26000.0,35333.0,29000.0,28000.0,24333.0,27000.0,33250.0,31000.0,29667.0,30667.0,31333.0,24500.0,28250.0,31667.0,28167.0
2024-01-27,27000.0,29000.0,23000.0,20000.0,33250.0,31667.0,30200.0,19000.0,25667.0,22750.0,27333.0,25500.0,32000.0,29600.0,22712.0,20333.0,24667.0,25000.0,30000.0,29333.0,23500.0,33667.0,32500.0,26000.0,36333.0,29000.0,28000.0,23667.0,27000.0,34000.0,31000.0,28000.0,30667.0,31333.0,24500.0,27450.0,31667.0,27833.0
2024-01-28,27000.0,29000.0,23000.0,20000.0,33125.0,31667.0,30200.0,19000.0,25667.0,22000.0,27333.0,25500.0,32000.0,29600.0,22712.0,20333.0,24667.0,25667.0,30000.0,29333.0,27250.0,33667.0,32500.0,26000.0,35000.0,29000.0,28000.0,23333.0,27000.0,34000.0,31000.0,28000.0,29000.0,31333.0,24500.0,27450.0,30000.0,26667.0
2024-01-29,27000.0,28800.0,23000.0,20000.0,35000.0,31000.0,30200.0,19333.0,25000.0,21750.0,27333.0,24750.0,30333.0,27800.0,22712.0,20333.0,24667.0,25667.0,30000.0,27667.0,27250.0,33667.0,32500.0,31000.0,35000.0,29000.0,30000.0,23333.0,26333.0,34000.0,31000.0,26667.0,28333.0,31333.0,25500.0,27450.0,30000.0,26667.0
2024-01-30,27000.0,28200.0,25000.0,20000.0,35000.0,31000.0,29400.0,18333.0,25000.0,23500.0,27333.0,24750.0,30333.0,27800.0,22212.0,20333.0,25000.0,25667.0,30000.0,29333.0,23500.0,33667.0,35000.0,30000.0,35000.0,29000.0,29000.0,22667.0,26333.0,32500.0,29500.0,26667.0,28333.0,31833.0,24500.0,26900.0,29000.0,26333.0
2024-01-31,26667.0,28200.0,25000.0,20000.0,35000.0,31000.0,30200.0,18333.0,24333.0,23500.0,27000.0,24250.0,30333.0,29400.0,22962.0,20333.0,25333.0,25667.0,30000.0,29000.0,23500.0,33667.0,35000.0,30000.0,35000.0,29000.0,30000.0,22667.0,26333.0,32000.0,29500.0,29000.0,26667.0,31167.0,24500.0,25450.0,29000.0,26333.0
2024-02-01,26667.0,27800.0,27500.0,20000.0,33000.0,31000.0,30000.0,21333.0,24333.0,24000.0,27000.0,24375.0,30333.0,29400.0,22962.0,20333.0,25333.0,25667.0,30000.0,29167.0,23500.0,33667.0,35000.0,21500.0,35000.0,29000.0,27500.0,22667.0,26333.0,31000.0,27000.0,30000.0,27667.0,30667.0,24000.0,25450.0,29000.0,26833.0
2024-02-02,26667.0,27400.0,26000.0,20000.0,33000.0,31000.0,30000.0,21333.0,24333.0,22000.0,27000.0,23625.0,30333.0,30400.0,22962.0,18000.0,25667.0,25000.0,30000.0,28000.0,23500.0,33667.0,35000.0,21500.0,35000.0,29000.0,28000.0,22667.0,26333.0,31500.0,27500.0,28333.0,28333.0,30667.0,23000.0,25350.0,28667.0,26833.0
2024-02-03,26667.0,27800.0,26000.0,20000.0,33000.0,31000.0,29600.0,21333.0,24333.0,22000.0,27000.0,24375.0,30333.0,30400.0,22962.0,18000.0,25667.0,25000.0,30000.0,28000.0,23500.0,33667.0,35000.0,21500.0,33333.0,28000.0,28000.0,22667.0,26333.0,31250.0,27500.0,28333.0,28333.0,30667.0,22000.0,25250.0,27667.0,27167.0
2024-02-04,26667.0,27600.0,26000.0,20000.0,33125.0,31000.0,29600.0,21000.0,24333.0,22000.0,27000.0,22875.0,30333.0,30400.0,23000.0,18000.0,25667.0,25000.0,30000.0,28000.0,23500.0,33667.0,35000.0,21500.0,33333.0,28000.0,28000.0,22667.0,25667.0,30375.0,27500.0,28333.0,26667.0,30667.0,22000.0,25250.0,27667.0,27167.0
2024-02-05,26667.0,27400.0,23500.0,22500.0,29000.0,31000.0,28600.0,20667.0,24333.0,20750.0,27000.0,23500.0,27667.0,29800.0,22500.0,18000.0,25333.0,24000.0,30000.0,27333.0,23500.0,33667.0,35000.0,23000.0,30667.0,27000.0,28000.0,23667.0,26000.0,29750.0,27500.0,28333.0,26667.0,30500.0,24000.0,24800.0,26000.0,27167.0
2024-02-06,26667.0,26800.0,23500.0,22500.0,29250.0,31000.0,28600.0,20000.0,25000.0,20750.0,27000.0,24500.0,27667.0,29800.0,22500.0,18000.0,25333.0,24000.0,30000.0,27167.0,23500.0,33667.0,35000.0,24000.0,30667.0,27000.0,28000.0,23667.0,26000.0,29250.0,26500.0,27667.0,26667.0,30500.0,24000.0,25400.0,26000.0,27167.0
2024-02-07,26667.0,26800.0,24500.0,22500.0,29250.0,31000.0,27800.0,20000.0,25000.0,20250.0,27333.0,24750.0,27667.0,30200.0,22500.0,19000.0,25333.0,24000.0,30000.0,25500.0,23500.0,33667.0,35000.0,24000.0,29333.0,27000.0,28000.0,23000.0,26000.0,29250.0,26500.0,28333.0,27000.0,30500.0,24000.0,25400.0,28333.0,27167.0
2024-02-08,26667.0,27200.0,24500.0,22500.0,29375.0,31000.0,27800.0,20000.0,25000.0,20325.0,27333.0,25750.0,27667.0,30200.0,22500.0,19000.0,25333.0,24000.0,30000.0,25500.0,23500.0,33667.0,35000.0,24000.0,27333.0,27000.0,28000.0,23000.0,25333.0,29500.0,26500.0,27667.0,27000.0,30500.0,23000.0,25400.0,26667.0,27167.0
2024-02-09,26667.0,27000.0,24500.0,22500.0,29500.0,31000.0,27800.0,20000.0,25000.0,20250.0,27667.0,25750.0,27667.0,29600.0,22500.0,19000.0,25333.0,24000.0,30000.0,25500.0,24500.0,33667.0,35000.0,27500.0,27667.0,27000.0,28000.0,23333.0,25333.0,29500.0,26500.0,27667.0,26667.0,30500.0,23000.0,24200.0,26000.0,26500.0
2024-02-10,26667.0,27400.0,25000.0,22500.0,29625.0,31000.0,27800.0,20000.0,25000.0,20250.0,27667.0,23750.0,27667.0,29600.0,22500.0,19000.0,25333.0,24000.0,30000.0,25500.0,24500.0,33667.0,35000.0,27500.0,28333.0,27000.0,28000.0,23333.0,25333.0,29500.0,26500.0,27667.0,26667.0,30500.0,25000.0,24200.0,26000.0,26500.0
2024-02-11,26667.0,27400.0,25000.0,22500.0,29375.0,31000.0,27800.0,20000.0,25000.0,20250.0,27667.0,23750.0,27667.0,31000.0,22500.0,19000.0,25333.0,24000.0,30000.0,27167.0,24500.0,33667.0,35000.0,27500.0,28333.0,27000.0,28000.0,23333.0,25333.0,30750.0,26500.0,27667.0,26667.0,30500.0,25000.0,24200.0,25667.0,26500.0
2024-02-12,26667.0,27000.0,27000.0,22500.0,27000.0,31000.0,29200.0,20000.0,25000.0,20250.0,27667.0,23750.0,27667.0,31000.0,22500.0,19000.0,26667.0,23333.0,30000.0,26933.0,24500.0,33667.0,35000.0,28000.0,28333.0,26000.0,28000.0,23333.0,24667.0,30750.0,26500.0,27667.0,26000.0,30500.0,25500.0,24200.0,25667.0,26333.0
2024-02-13,26667.0,26800.0,27000.0,22500.0,27375.0,31000.0,29200.0,20000.0,25000.0,20750.0,29667.0,23750.0,27667.0,31000.0,22500.0,19000.0,26000.0,23333.0,30000.0,28167.0,24500.0,33667.0,32500.0,28000.0,28333.0,26000.0,28000.0,23333.0,24667.0,30500.0,26000.0,27667.0,26000.0,30500.0,27500.0,24200.0,25667.0,27000.0
2024-02-14,26667.0,27000.0,27000.0,22500.0,27250.0,31000.0,29200.0,20000.0,25000.0,20750.0,29667.0,24500.0,27667.0,31000.0,22500.0,19000.0,26000.0,23333.0,30000.0,28167.0,24500.0,33667.0,32500.0,28000.0,28333.0,26000.0,28000.0,23333.0,24000.0,29750.0,26000.0,27667.0,26000.0,30500.0,27500.0,24200.0,28500.0,27000.0
2024-02-15,26667.0,26600.0,28000.0,22500.0,28000.0,31000.0,29200.0,20000.0,25000.0,22750.0,29667.0,24750.0,27667.0,28600.0,22500.0,19000.0,26667.0,23333.0,30000.0,27667.0,24500.0,32000.0,32500.0,28000.0,28667.0,26000.0,27000.0,23333.0,24000.0,29750.0,26000.0,28000.0,26000.0,30500.0,26000.0,24800.0,28500.0,27333.0
2024-02-16,26667.0,26400.0,28000.0,22500.0,28500.0,31000.0,28000.0,20000.0,24667.0,22000.0,25000.0,24000.0,27667.0,29600.0,22500.0,19000.0,27667.0,23667.0,30000.0,27667.0,24500.0,32000.0,29250.0,28000.0,28667.0,26000.0,26750.0,23333.0,24333.0,29125.0,26000.0,27667.0,26000.0,30500.0,26000.0,25700.0,28500.0,27333.0
2024-02-17,27000.0,26400.0,28000.0,22500.0,28875.0,31000.0,28000.0,20000.0,24667.0,22000.0,27333.0,24250.0,27667.0,29600.0,22500.0,19000.0,27667.0,23667.0,30000.0,26000.0,24500.0,32000.0,29250.0,28000.0,28667.0,26000.0,26750.0,23333.0,24333.0,30000.0,26000.0,27667.0,26000.0,30500.0,25000.0,25600.0,28500.0,27333.0
2024-02-18,27000.0,26800.0,28000.0,22500.0,29500.0,31000.0,28000.0,20000.0,25667.0,22000.0,27333.0,25250.0,27667.0,29600.0,22125.0,19000.0,27000.0,25000.0,30000.0,26333.0,24500.0,32000.0,29250.0,28000.0,29333.0,26000.0,26750.0,23333.0,24333.0,30875.0,26000.0,28333.0,26667.0,30500.0,25000.0,25600.0,25667.0,27333.0
2024-02-19,25667.0,26200.0,29000.0,25000.0,29500.0,29333.0,28000.0,20667.0,23667.0,23250.0,27000.0,24750.0,29000.0,29600.0,23125.0,19000.0,27000.0,25667.0,30000.0,26667.0,24500.0,32000.0,29250.0,27500.0,27333.0,24000.0,28000.0,24333.0,24333.0,29750.0,26000.0,32000.0,28667.0,33333.0,26000.0,25250.0,27333.0,26000.0
2024-02-20,25667.0,26200.0,29000.0,25000.0,29500.0,29333.0,28000.0,22000.0,24000.0,23250.0,27333.0,25250.0,29000.0,29600.0,23125.0,19000.0,28000.0,25667.0,30000.0,26667.0,24500.0,32000.0,30500.0,27500.0,27333.0,24000.0,30000.0,25000.0,24333.0,28500.0,26000.0,28000.0,28667.0,32833.0,26500.0,25250.0,25667.0,26000.0
2024-02-21,25667.0,26400.0,29000.0,25000.0,30000.0,29333.0,28000.0,22000.0,25333.0,24500.0,27667.0,25250.0,29000.0,30600.0,23125.0,19000.0,28000.0,25667.0,30000.0,27333.0,24500.0,29333.0,30500.0,27500.0,26667.0,26000.0,30000.0,24667.0,24333.0,28500.0,27000.0,28667.0,30333.0,33500.0,26000.0,25600.0,25667.0,26000.0
2024-02-22,25667.0,27200.0,28500.0,25000.0,30000.0,30000.0,28000.0,23333.0,25000.0,24500.0,27667.0,25250.0,29000.0,31000.0,23125.0,19000.0,30667.0,26333.0,30000.0,28000.0,24500.0,29333.0,27000.0,26500.0,28667.0,26000.0,30500.0,24667.0,24333.0,29250.0,27000.0,28333.0,30333.0,33500.0,26500.0,25400.0,26000.0,27667.0
2024-02-23,25667.0,26800.0,28500.0,25000.0,30500.0,33333.0,27600.0,23333.0,25000.0,24500.0,28000.0,20250.0,29000.0,30400.0,23125.0,19000.0,30000.0,26333.0,30000.0,28000.0,24500.0,29333.0,27000.0,26500.0,28667.0,26000.0,30500.0,24000.0,24333.0,29000.0,27000.0,29667.0,30333.0,33667.0,26500.0,25400.0,27000.0,27667.0
2024-02-24,25667.0,27400.0,28500.0,25000.0,30875.0,33333.0,27200.0,23333.0,25000.0,24500.0,28000.0,25250.0,29000.0,30400.0,23125.0,19000.0,30000.0,26333.0,30000.0,28000.0,26500.0,29333.0,27000.0,26500.0,28333.0,26000.0,30500.0,23333.0,24000.0,29000.0,27000.0,28000.0,30333.0,34000.0,26000.0,25400.0,25333.0,27667.0
2024-02-25,25667.0,27400.0,28500.0,25000.0,31250.0,33333.0,27600.0,23333.0,25000.0,24500.0,26667.0,25000.0,29000.0,30400.0,24125.0,19000.0,30000.0,26667.0,30000.0,28000.0,26500.0,29333.0,27000.0,26500.0,28667.0,26000.0,30500.0,23333.0,24000.0,29000.0,27000.0,29000.0,30333.0,34000.0,26500.0,26250.0,25000.0,27667.0
2024-02-26,25667.0,27400.0,28500.0,27500.0,30000.0,31667.0,28000.0,24000.0,24333.0,24500.0,24333.0,25000.0,29000.0,30400.0,26625.0,19000.0,30000.0,26333.0,30000.0,28000.0,26500.0,29333.0,27000.0,27500.0,28333.0,25500.0,31500.0,23333.0,26000.0,28250.0,27000.0,27667.0,29000.0,33167.0,28500.0,25000.0,25333.0,27667.0
2024-02-27,25667.0,27400.0,26000.0,27500.0,30250.0,31667.0,28000.0,24000.0,24000.0,25000.0,24333.0,25250.0,29000.0,30400.0,26625.0,19000.0,30000.0,26333.0,30000.0,28000.0,26500.0,29333.0,27000.0,27500.0,28333.0,25500.0,31500.0,22000.0,26000.0,28250.0,28000.0,28333.0,28333.0,33167.0,28500.0,25000.0,27333.0,27667.0
2024-02-28,25667.0,28400.0,26000.0,27500.0,30125.0,31667.0,28000.0,23333.0,24000.0,25000.0,24333.0,25000.0,27833.0,30400.0,26625.0,19000.0,29333.0,26333.0,30000.0,27667.0,26500.0,29333.0,29000.0,27500.0,28667.0,25500.0,30000.0,22333.0,26000.0,29500.0,27000.0,30333.0,28333.0,32333.0,28500.0,26500.0,26333.0,27667.0
2024-02-29,25667.0,28000.0,29000.0,27500.0,28250.0,31667.0,28000.0,23333.0,24000.0,27750.0,24333.0,26375.0,27833.0,29600.0,26625.0,19000.0,30000.0,24667.0,30000.0,27667.0,26500.0,29333.0,29000.0,27500.0,29333.0,25000.0,29500.0,22333.0,26000.0,29500.0,29000.0,29333.0,28333.0,32000.0,29500.0,26500.0,26333.0,27667.0
2024-03-01,25667.0,28400.0,29000.0,27500.0,28750.0,31667.0,28000.0,23333.0,24000.0,27750.0,23333.0,26125.0,27833.0,29600.0,26625.0,19000.0,30000.0,24667.0,30000.0,27000.0,26500.0,29333.0,29000.0,27500.0,30000.0,25000.0,30000.0,22667.0,26000.0,29500.0,30000.0,28333.0,28000.0,32000.0,28000.0,26500.0,26333.0,28000.0
2024-03-02,25667.0,28800.0,29000.0,27500.0,29250.0,31667.0,28000.0,22000.0,24000.0,27750.0,23333.0,26125.0,27833.0,29800.0,26750.0,19000.0,29333.0,24667.0,30000.0,26333.0,26500.0,29333.0,29000.0,27500.0,29333.0,25000.0,30000.0,22667.0,25000.0,29500.0,30000.0,27667.0,28000.0,32000.0,28000.0,25450.0,26000.0,28000.0
2024-03-03,25667.0,28800.0,29000.0,27500.0,29875.0,31667.0,28000.0,22000.0,24000.0,27750.0,23333.0,25500.0,27833.0,29800.0,26750.0,19000.0,29333.0,24667.0,30000.0,26333.0,26500.0,29333.0,29000.0,27500.0,28000.0,25000.0,30000.0,22667.0,25000.0,30750.0,30000.0,27667.0,28000.0,32000.0,27000.0,25450.0,26000.0,27833.0
2024-03-04,24333.0,29200.0,29000.0,27500.0,29000.0,33000.0,28000.0,22000.0,24000.0,27750.0,22667.0,25250.0,28833.0,30000.0,25500.0,20667.0,28667.0,24667.0,30000.0,26333.0,26500.0,29333.0,29000.0,27500.0,28000.0,26000.0,30000.0,23000.0,25000.0,30500.0,30000.0,27667.0,28000.0,32000.0,28000.0,24950.0,24000.0,24833.0
2024-03-05,24333.0,29200.0,27500.0,27500.0,29750.0,33000.0,28400.0,22000.0,24000.0,26000.0,22667.0,25500.0,28833.0,30000.0,25500.0,21500.0,28667.0,25333.0,30000.0,26333.0,26500.0,29333.0,29000.0,27500.0,27667.0,25000.0,29000.0,22333.0,25000.0,30500.0,30000.0,28333.0,28333.0,32000.0,27000.0,24950.0,25667.0,25000.0
2024-03-06,24333.0,27800.0,27500.0,27500.0,30500.0,33000.0,28400.0,22000.0,24000.0,26000.0,22667.0,25500.0,28833.0,29400.0,25500.0,21333.0,29333.0,25333.0,30000.0,26667.0,26500.0,26000.0,29000.0,27500.0,28000.0,25000.0,29000.0,22333.0,25000.0,28500.0,29000.0,27333.0,28667.0,32000.0,26500.0,24950.0,26333.0,25000.0
2024-03-07,24333.0,27800.0,27500.0,27500.0,30500.0,33000.0,28400.0,22000.0,25000.0,26000.0,23000.0,25250.0,28833.0,30000.0,25500.0,21333.0,29333.0,25333.0,30000.0,26333.0,26500.0,26000.0,29000.0,28000.0,28000.0,28000.0,29000.0,22333.0,25000.0,28500.0,29000.0,28000.0,28667.0,31167.0,26500.0,24950.0,27333.0,25000.0
2024-03-08,24333.0,26400.0,27500.0,27500.0,30500.0,33000.0,28400.0,22000.0,24667.0,26000.0,23000.0,25250.0,28833.0,29200.0,25500.0,21333.0,29333.0,25333.0,30000.0,27000.0,26500.0,26000.0,32500.0,28000.0,28667.0,28000.0,28000.0,22333.0,26667.0,30250.0,29000.0,28667.0,28667.0,31167.0,27000.0,25150.0,26667.0,26167.0
2024-03-09,24333.0,26400.0,30000.0,27500.0,31250.0,33000.0,28000.0,22000.0,24667.0,26000.0,23000.0,25250.0,28833.0,28200.0,25500.0,22000.0,29333.0,24667.0,30000.0,26333.0,26500.0,26000.0,32500.0,28000.0,27667.0,28000.0,28000.0,22333.0,26667.0,31500.0,29000.0,30000.0,28667.0,31167.0,26000.0,25150.0,27500.0,26167.0
2024-03-10,24333.0,28200.0,31000.0,27500.0,31625.0,33000.0,28000.0,22000.0,24667.0,26000.0,23000.0,25500.0,28833.0,28200.0,25500.0,23000.0,28667.0,24667.0,30000.0,26333.0,26500.0,26000.0,32500.0,28000.0,30000.0,28000.0,28000.0,22333.0,26667.0,31500.0,29000.0,29000.0,28667.0,31167.0,26500.0,25150.0,28333.0,26167.0
2024-03-11,24333.0,26400.0,30000.0,27500.0,32127.0,33000.0,28000.0,22000.0,27333.0,26000.0,24000.0,26000.0,28833.0,27800.0,25250.0,23667.0,28667.0,24667.0,30000.0,26333.0,28000.0,26000.0,35000.0,28500.0,28667.0,30000.0,28000.0,22667.0,26333.0,31500.0,29000.0,28667.0,28667.0,31167.0,26500.0,25300.0,25667.0,25667.0
2024-03-12,24333.0,26400.0,30000.0,27500.0,32000.0,33000.0,30200.0,22667.0,27333.0,26000.0,23667.0,26000.0,28833.0,27600.0,22750.0,23667.0,28000.0,24333.0,30000.0,26667.0,26500.0,26000.0,35000.0,28500.0,28667.0,30000.0,28000.0,22667.0,26333.0,30750.0,29000.0,28333.0,28667.0,31167.0,28000.0,25300.0,25667.0,25667.0
2024-03-13,24333.0,26400.0,30000.0,27500.0,32000.0,34000.0,30000.0,22667.0,27333.0,26000.0,23667.0,26250.0,28833.0,28100.0,22750.0,23667.0,28667.0,24333.0,30000.0,26333.0,26500.0,26000.0,35000.0,28500.0,28667.0,30000.0,30000.0,22667.0,27000.0,30750.0,29000.0,27667.0,27667.0,30833.0,27000.0,25300.0,25667.0,25167.0
2024-03-14,24000.0,26800.0,30000.0,27500.0,29000.0,34000.0,30000.0,22667.0,27333.0,26000.0,24000.0,25250.0,28833.0,28100.0,22750.0,25000.0,28667.0,23000.0,30000.0,27333.0,26500.0,26000.0,35000.0,27500.0,28667.0,30000.0,30000.0,22667.0,27000.0,30750.0,30000.0,28333.0,27667.0,30833.0,26500.0,25300.0,26667.0,26000.0
2024-03-15,24000.0,26800.0,30000.0,27500.0,29375.0,34000.0,30000.0,22667.0,27333.0,28250.0,24000.0,25250.0,28833.0,27500.0,24250.0,25000.0,28667.0,23000.0,30000.0,27333.0,26500.0,26000.0,35000.0,30500.0,28667.0,30000.0,30000.0,22667.0,27000.0,31500.0,30000.0,28000.0,27667.0,30833.0,26500.0,25600.0,26000.0,25833.0
2024-03-16,24000.0,26800.0,30000.0,27500.0,29750.0,34000.0,30000.0,22667.0,27333.0,28250.0,24000.0,26000.0,28833.0,27500.0,26250.0,25000.0,28667.0,23000.0,30000.0,27900.0,26500.0,26000.0,35000.0,30500.0,23000.0,30000.0,30000.0,22667.0,27000.0,31500.0,30000.0,27667.0,27667.0,31333.0,25500.0,27800.0,27000.0,25833.0
2024-03-17,24000.0,27200.0,30000.0,27500.0,30625.0,34000.0,30000.0,22667.0,27333.0,28250.0,24000.0,26000.0,28833.0,28500.0,26375.0,25000.0,28667.0,23333.0,30000.0,27900.0,26500.0,26000.0,35000.0,28000.0,23000.0,30000.0,30000.0,22667.0,27000.0,31500.0,30000.0,27667.0,29333.0,31333.0,25500.0,27800.0,27667.0,25833.0
2024-03-18,24000.0,27200.0,30500.0,25000.0,29500.0,32333.0,30000.0,22000.0,27333.0,27000.0,25667.0,26500.0,28833.0,28500.0,25625.0,25000.0,28000.0,24667.0,30000.0,28567.0,26500.0,26000.0,33500.0,30000.0,23000.0,30000.0,29000.0,23333.0,27667.0,31500.0,30000.0,28667.0,29333.0,31333.0,27000.0,27800.0,27667.0,27333.0
2024-03-19,24000.0,27200.0,30500.0,25000.0,29500.0,32333.0,29800.0,22000.0,27333.0,27000.0,25667.0,26500.0,28833.0,28100.0,25625.0,25000.0,28667.0,24000.0,30000.0,28567.0,24000.0,29333.0,32500.0,30000.0,23000.0,30000.0,29000.0,23333.0,27000.0,31500.0,30000.0,30500.0,30000.0,31333.0,27500.0,27800.0,27667.0,27667.0
2024-03-20,24000.0,28000.0,26500.0,25000.0,30125.0,32333.0,29800.0,22000.0,28000.0,27500.0,25667.0,26500.0,28833.0,28100.0,22600.0,23667.0,28667.0,23000.0,30000.0,30500.0,24000.0,29333.0,32500.0,27500.0,23000.0,30000.0,29000.0,24667.0,25667.0,31500.0,30000.0,28333.0,30000.0,31333.0,27500.0,27800.0,26667.0,27667.0
2024-03-21,24000.0,28000.0,26000.0,27500.0,28750.0,32333.0,29800.0,22000.0,28667.0,27750.0,24000.0,25250.0,28833.0,28100.0,22600.0,23667.0,28000.0,23000.0,30000.0,29733.0,24000.0,29333.0,32500.0,29000.0,23667.0,30000.0,29000.0,24667.0,25667.0,30250.0,30000.0,29333.0,30000.0,33167.0,27500.0,27800.0,26667.0,27833.0
2024-03-22,24000.0,28000.0,26500.0,27500.0,29625.0,32333.0,29400.0,22000.0,28667.0,27750.0,24000.0,25250.0,28833.0,28100.0,22600.0,23667.0,30000.0,23000.0,30000.0,29733.0,24000.0,29333.0,32500.0,29000.0,23000.0,30000.0,29000.0,24667.0,25667.0,30250.0,30000.0,30000.0,29333.0,33167.0,28000.0,27800.0,26667.0,27167.0
2024-03-23,24000.0,28000.0,26500.0,27500.0,30250.0,32333.0,29400.0,22000.0,28667.0,27750.0,24000.0,25250.0,28833.0,28200.0,22700.0,23667.0,29333.0,23000.0,30000.0,29500.0,24000.0,29333.0,33500.0,29000.0,23000.0,30000.0,29000.0,24667.0,25667.0,30250.0,30000.0,30000.0,29333.0,33333.0,28000.0,27800.0,27000.0,27167.0
2024-03-24,24000.0,28400.0,26500.0,27500.0,30250.0,32333.0,29400.0,22000.0,28667.0,27750.0,24000.0,26000.0,28833.0,28200.0,22700.0,22000.0,28000.0,23000.0,30000.0,30500.0,25000.0,29333.0,33500.0,28500.0,23000.0,30000.0,29000.0,24667.0,25667.0,29750.0,30000.0,30000.0,30000.0,33333.0,27000.0,27800.0,29333.0,27167.0
2024-03-25,24000.0,28200.0,27500.0,27500.0,28500.0,33333.0,29400.0,23667.0,28667.0,27000.0,25667.0,25500.0,28833.0,27600.0,25250.0,22000.0,27333.0,23000.0,30000.0,32167.0,25000.0,29333.0,33500.0,30000.0,24333.0,30000.0,29000.0,27333.0,25667.0,29750.0,30000.0,30000.0,30000.0,33333.0,26500.0,26700.0,29333.0,26667.0
2024-03-26,24000.0,28200.0,27500.0,27500.0,28500.0,33333.0,29400.0,23667.0,26667.0,27000.0,22667.0,25500.0,28833.0,27400.0,25250.0,21667.0,26667.0,22333.0,30000.0,32167.0,25000.0,29333.0,33500.0,30000.0,24000.0,30000.0,28000.0,27333.0,27667.0,29750.0,30000.0,29667.0,31667.0,33333.0,27000.0,26700.0,27667.0,26667.0
2024-03-27,24000.0,27600.0,26500.0,27500.0,28625.0,33333.0,29400.0,23333.0,24667.0,27000.0,22667.0,23750.0,28833.0,27200.0,25250.0,23000.0,27333.0,22333.0,30000.0,31500.0,25000.0,29333.0,33500.0,30000.0,23667.0,30000.0,28500.0,27333.0,27667.0,30750.0,29000.0,29000.0,31667.0,33667.0,25000.0,25850.0,27667.0,26167.0
2024-03-28,24000.0,27400.0,26500.0,27500.0,28500.0,33333.0,29400.0,23333.0,24667.0,27000.0,22667.0,25500.0,28833.0,27200.0,25250.0,23000.0,27333.0,22333.0,30000.0,31500.0,25000.0,29333.0,33500.0,30000.0,23667.0,31000.0,28500.0,27333.0,27667.0,32000.0,29000.0,29667.0,31667.0,33667.0,26000.0,26150.0,26000.0,25667.0
2024-03-29,24000.0,27800.0,26500.0,27500.0,28875.0,33333.0,29400.0,23333.0,24667.0,27000.0,22667.0,25500.0,28833.0,27800.0,25250.0,23000.0,27333.0,23333.0,30000.0,31500.0,24000.0,29333.0,33500.0,30000.0,23667.0,32000.0,28500.0,27333.0,28000.0,31000.0,29000.0,29333.0,31667.0,33667.0,26000.0,27000.0,26000.0,26000.0
2024-03-30,24000.0,27800.0,26500.0,27500.0,29250.0,33333.0,29400.0,25333.0,24667.0,27000.0,22667.0,25000.0,28833.0,27800.0,25250.0,23000.0,27000.0,23333.0,30000.0,31500.0,25000.0,29333.0,33500.0,30000.0,23667.0,32000.0,28500.0,28000.0,28000.0,30500.0,31000.0,30000.0,31667.0,34000.0,25500.0,27000.0,28667.0,26500.0
2024-03-31,24000.0,28200.0,26500.0,27500.0,29250.0,33333.0,29400.0,25333.0,24667.0,27000.0,22667.0,25000.0,28833.0,27800.0,25250.0,23000.0,27000.0,25000.0,30000.0,31600.0,25000.0,29333.0,33500.0,30000.0,24000.0,32000.0,28500.0,28000.0,28000.0,30500.0,31000.0,31000.0,31667.0,33667.0,26000.0,27000.0,28667.0,26833.0
2024-04-01,26333.0,29000.0,26500.0,27500.0,28750.0,35333.0,30600.0,25667.0,28333.0,29000.0,22667.0,25500.0,28833.0,26600.0,25250.0,27000.0,27000.0,25000.0,30000.0,31000.0,25000.0,29333.0,36000.0,30000.0,24000.0,35000.0,29000.0,28000.0,30667.0,29500.0,33500.0,31000.0,31667.0,32333.0,30000.0,27350.0,28667.0,28833.0
2024-04-02,26333.0,29000.0,26500.0,27500.0,29000.0,38667.0,30800.0,25667.0,28667.0,29000.0,22000.0,26250.0,29000.0,27200.0,25250.0,26667.0,28000.0,24000.0,30000.0,30667.0,24000.0,29333.0,36000.0,32500.0,24333.0,35000.0,29000.0,28000.0,30667.0,30000.0,33500.0,30000.0,31667.0,32333.0,30000.0,27800.0,28667.0,28500.0
2024-04-03,28000.0,30400.0,25000.0,27500.0,29250.0,38667.0,32000.0,24667.0,28667.0,29000.0,23667.0,27750.0,29000.0,27200.0,25200.0,26667.0,28667.0,24000.0,34000.0,31000.0,26000.0,27667.0,36000.0,37500.0,25667.0,35500.0,30000.0,28000.0,32667.0,30000.0,35000.0,36667.0,31667.0,32333.0,32500.0,27650.0,28667.0,28000.0
2024-04-04,28000.0,33400.0,25000.0,27500.0,29500.0,38667.0,32000.0,27667.0,31000.0,28250.0,23667.0,29250.0,31167.0,26000.0,25200.0,26667.0,28667.0,24000.0,34000.0,33333.0,26000.0,27667.0,36000.0,37500.0,25667.0,35500.0,31000.0,28000.0,25667.0,30000.0,36500.0,37000.0,33333.0,31333.0,32500.0,29050.0,30000.0,28000.0
2024-04-05,28667.0,33400.0,25000.0,27500.0,30125.0,39333.0,32400.0,31000.0,37667.0,28250.0,30000.0,29250.0,34667.0,26800.0,25200.0,28333.0,30000.0,31333.0,34000.0,35000.0,26000.0,27667.0,40000.0,37500.0,25667.0,39000.0,31000.0,28000.0,32333.0,31750.0,36500.0,49333.0,34333.0,31333.0,30000.0,29850.0,30000.0,31333.0
2024-04-06,28667.0,34400.0,25000.0,27500.0,30500.0,39333.0,32400.0,31000.0,37667.0,28250.0,31667.0,30250.0,34667.0,28400.0,28200.0,29333.0,35000.0,31333.0,37500.0,34333.0,26000.0,27667.0,40000.0,38000.0,25667.0,39000.0,31000.0,30333.0,37333.0,33500.0,38500.0,51667.0,34333.0,33667.0,30000.0,29850.0,37333.0,33500.0
2024-04-07,28667.0,42800.0,25000.0,27500.0,30750.0,39333.0,32800.0,31000.0,39667.0,28250.0,31667.0,39000.0,36333.0,30600.0,28200.0,30000.0,48000.0,31333.0,40000.0,35000.0,26000.0,27667.0,40000.0,38000.0,25667.0,46500.0,31000.0,31000.0,42667.0,33500.0,42000.0,51667.0,35000.0,35000.0,38000.0,29850.0,40000.0,37000.0
2024-04-08,28667.0,46800.0,34000.0,30000.0,30875.0,39333.0,32800.0,34333.0,39667.0,28250.0,32000.0,39500.0,37000.0,36800.0,28200.0,30000.0,48667.0,31333.0,42500.0,38333.0,26000.0,30333.0,38000.0,40000.0,25667.0,46500.0,40000.0,45000.0,45000.0,33500.0,44000.0,52667.0,36667.0,35000.0,47500.0,29850.0,40000.0,37833.0
2024-04-09,28667.0,50400.0,37500.0,30000.0,31250.0,39333.0,42200.0,34333.0,39667.0,28250.0,32000.0,42750.0,37000.0,36800.0,28200.0,30000.0,48667.0,33000.0,42500.0,39000.0,26000.0,30333.0,38000.0,42500.0,29000.0,49000.0,40000.0,45000.0,50000.0,33500.0,45500.0,53333.0,35667.0,37333.0,50000.0,29850.0,40000.0,39333.0
2024-04-10,28667.0,50400.0,37500.0,30000.0,31250.0,39333.0,42200.0,34333.0,39667.0,28250.0,32000.0,42750.0,37000.0,36800.0,28200.0,30000.0,48667.0,33000.0,42500.0,39000.0,26000.0,30333.0,38000.0,42500.0,29000.0,49000.0,40000.0,45000.0,51667.0,33750.0,45500.0,53333.0,35667.0,37333.0,47500.0,29850.0,40000.0,39333.0
2024-04-11,28667.0,49000.0,37500.0,30000.0,31250.0,39333.0,43202.0,34333.0,42333.0,28250.0,31667.0,42750.0,37000.0,36800.0,28200.0,37333.0,50000.0,33000.0,42500.0,39000.0,26000.0,30333.0,38000.0,42500.0,29000.0,49000.0,40000.0,45000.0,51667.0,34250.0,45500.0,53333.0,35667.0,37333.0,47500.0,29850.0,40000.0,39333.0
2024-04-12,28667.0,49400.0,36500.0,30000.0,31250.0,39333.0,43200.0,34333.0,42333.0,28250.0,31667.0,42750.0,37000.0,38000.0,28200.0,40000.0,48667.0,33000.0,42500.0,39000.0,26000.0,30333.0,38000.0,42500.0,29333.0,49000.0,40000.0,45000.0,51667.0,35000.0,45500.0,55000.0,35667.0,36667.0,45500.0,29850.0,40000.0,39333.0
2024-04-13,28667.0,49400.0,36500.0,30000.0,31250.0,39333.0,43200.0,41333.0,44667.0,28250.0,29000.0,42750.0,37000.0,38000.0,28200.0,40000.0,51667.0,34333.0,42500.0,39333.0,26000.0,30333.0,38000.0,42750.0,31000.0,49000.0,45000.0,45000.0,51667.0,35000.0,45500.0,55000.0,35000.0,36333.0,45500.0,29850.0,40000.0,43833.0
2024-04-14,28667.0,49000.0,36500.0,35000.0,31250.0,39333.0,42800.0,41333.0,43667.0,30000.0,29000.0,42000.0,39333.0,38000.0,28200.0,40000.0,53333.0,37333.0,45000.0,51333.0,26000.0,30333.0,38000.0,57500.0,31000.0,49000.0,45000.0,45000.0,53667.0,35750.0,48500.0,58333.0,35000.0,41000.0,45000.0,54900.0,38333.0,44333.0
2024-04-15,28667.0,49600.0,38500.0,30000.0,31250.0,39333.0,45200.0,41333.0,47667.0,30000.0,29333.0,46000.0,39333.0,38000.0,30450.0,40000.0,49333.0,39000.0,45000.0,53333.0,26000.0,30333.0,57500.0,55000.0,30333.0,49000.0,47500.0,46667.0,53667.0,36250.0,50000.0,60000.0,35000.0,40667.0,45500.0,57400.0,38333.0,46667.0
2024-04-16,29333.0,50000.0,40000.0,35000.0,28500.0,58333.0,45200.0,51667.0,52667.0,38250.0,29333.0,44500.0,42000.0,37400.0,30450.0,40000.0,53333.0,38333.0,45000.0,54000.0,26000.0,30333.0,57500.0,54500.0,33000.0,55000.0,52500.0,48333.0,53333.0,36250.0,51000.0,56667.0,45000.0,42333.0,46500.0,49950.0,44000.0,47333.0
2024-04-17,29333.0,46800.0,40000.0,35000.0,28500.0,58333.0,46200.0,51667.0,55333.0,47000.0,36667.0,47000.0,42000.0,39200.0,30450.0,40000.0,54000.0,41333.0,45000.0,54000.0,26000.0,30333.0,57500.0,54500.0,34000.0,55000.0,52500.0,48333.0,53667.0,41250.0,52500.0,53333.0,45000.0,43167.0,48250.0,50850.0,46667.0,46667.0
2024-04-18,29333.0,48200.0,41000.0,50000.0,36500.0,58333.0,43200.0,48333.0,55333.0,47000.0,47000.0,47750.0,50000.0,39600.0,30450.0,40000.0,59333.0,41333.0,65000.0,54667.0,50000.0,30333.0,57500.0,54500.0,34333.0,55000.0,52500.0,46667.0,53667.0,42000.0,57500.0,56667.0,45000.0,43500.0,48000.0,50850.0,48333.0,46667.0
2024-04-19,29333.0,46600.0,41000.0,50000.0,36500.0,58333.0,48400.0,48333.0,53667.0,48750.0,47000.0,49500.0,50000.0,41400.0,30450.0,45667.0,59333.0,41333.0,65000.0,54667.0,50000.0,30333.0,47500.0,55000.0,34333.0,55000.0,52500.0,46667.0,52667.0,42000.0,56500.0,56667.0,51667.0,46500.0,49000.0,46000.0,45667.0,46667.0
2024-04-20,29333.0,45400.0,45500.0,50000.0,36250.0,58333.0,48400.0,48333.0,53667.0,48750.0,47000.0,54750.0,52333.0,41400.0,30450.0,45667.0,59333.0,43000.0,65000.0,55333.0,50000.0,30333.0,49000.0,60000.0,35333.0,55000.0,52500.0,46667.0,52667.0,47000.0,56500.0,55000.0,51667.0,46500.0,49000.0,47250.0,48333.0,47167.0
2024-04-21,29333.0,46400.0,47500.0,50000.0,36250.0,60000.0,49600.0,48333.0,53667.0,48750.0,47000.0,52250.0,52333.0,42400.0,30450.0,45667.0,58333.0,43000.0,65000.0,56667.0,50000.0,30333.0,49000.0,60000.0,34333.0,55000.0,52500.0,46667.0,52667.0,47500.0,56500.0,52333.0,54333.0,46500.0,49000.0,47850.0,49000.0,46333.0
2024-04-22,32000.0,46000.0,55000.0,50000.0,39000.0,61667.0,47400.0,46667.0,53667.0,49500.0,48667.0,50000.0,51667.0,42400.0,30450.0,45667.0,59333.0,42333.0,65000.0,56667.0,50000.0,25000.0,60000.0,52500.0,35000.0,55000.0,52500.0,50000.0,53667.0,46250.0,56500.0,55667.0,54000.0,47667.0,54000.0,46150.0,45000.0,50167.0
2024-04-23,32000.0,47000.0,55000.0,52500.0,39000.0,61667.0,47400.0,48333.0,53667.0,42500.0,50333.0,51250.0,51667.0,44000.0,30450.0,45667.0,59333.0,45667.0,65000.0,56667.0,50000.0,25000.0,60000.0,52500.0,35000.0,55000.0,52500.0,50000.0,53333.0,46250.0,56500.0,56667.0,54000.0,47667.0,54000.0,46150.0,49000.0,50167.0
2024-04-24,32000.0,47800.0,49000.0,52500.0,38750.0,61667.0,49400.0,48333.0,55333.0,42500.0,48667.0,47500.0,51667.0,44000.0,30450.0,50333.0,57667.0,46667.0,65000.0,56667.0,50000.0,25000.0,60000.0,52500.0,35333.0,55000.0,52500.0,51667.0,52333.0,47500.0,56500.0,56667.0,54000.0,47667.0,51500.0,46150.0,51667.0,48500.0
2024-04-25,32000.0,49800.0,49000.0,52500.0,45750.0,60000.0,51600.0,48333.0,53333.0,42500.0,48333.0,45000.0,51667.0,42800.0,30450.0,50333.0,58000.0,46667.0,65000.0,56667.0,50000.0,25000.0,60000.0,52500.0,35333.0,55000.0,52500.0,51667.0,53000.0,50250.0,55500.0,54000.0,54000.0,47667.0,51250.0,46650.0,52667.0,48500.0
2024-04-26,32000.0,49800.0,49000.0,52500.0,44750.0,60000.0,53000.0,48333.0,53333.0,42500.0,48333.0,45000.0,50000.0,42800.0,30450.0,50333.0,58667.0,46667.0,65000.0,56667.0,50000.0,25000.0,60000.0,52500.0,35000.0,55000.0,52500.0,51000.0,51667.0,50250.0,55500.0,55000.0,54000.0,47667.0,49250.0,46650.0,52667.0,48833.0
2024-04-27,32000.0,50600.0,49000.0,52500.0,44875.0,60000.0,53400.0,48333.0,53333.0,42500.0,48333.0,45000.0,49667.0,43400.0,31700.0,53667.0,57667.0,46667.0,65000.0,54000.0,50000.0,25000.0,55000.0,52500.0,37000.0,55000.0,52500.0,51000.0,51667.0,52000.0,55500.0,53333.0,54000.0,46833.0,49250.0,45900.0,51667.0,49333.0
2024-04-28,32000.0,50800.0,49000.0,52500.0,44125.0,60000.0,53400.0,48333.0,53333.0,42500.0,48333.0,50000.0,49667.0,43400.0,31700.0,53667.0,57667.0,46000.0,65000.0,54000.0,50000.0,25000.0,55000.0,52500.0,37000.0,55000.0,52500.0,51000.0,55667.0,51000.0,55500.0,55000.0,54000.0,45667.0,49000.0,45900.0,50667.0,49417.0
2024-04-29,37000.0,49800.0,42000.0,47500.0,48500.0,60000.0,53800.0,40667.0,53333.0,45000.0,45000.0,47500.0,50333.0,43200.0,35450.0,53667.0,54333.0,46667.0,65000.0,53000.0,50000.0,31000.0,57500.0,50000.0,39333.0,50000.0,50000.0,52667.0,54000.0,51500.0,52500.0,54000.0,52667.0,43333.0,53500.0,47250.0,49000.0,48333.0
2024-04-30,37000.0,49200.0,42000.0,47500.0,48500.0,60000.0,53000.0,40667.0,51667.0,45000.0,45667.0,47500.0,50333.0,44600.0,35450.0,53667.0,54333.0,45000.0,62500.0,55000.0,50000.0,31667.0,57500.0,50000.0,39000.0,50000.0,50000.0,53000.0,54333.0,51500.0,52500.0,50000.0,52667.0,49500.0,52500.0,47250.0,50000.0,50000.0
2024-05-01,37000.0,48200.0,42000.0,47500.0,48500.0,60000.0,53000.0,40667.0,49333.0,45000.0,46000.0,47750.0,50333.0,44600.0,35450.0,53667.0,54333.0,42667.0,62500.0,54333.0,50000.0,31667.0,57500.0,50000.0,39000.0,50000.0,50000.0,53000.0,51667.0,53250.0,52500.0,52000.0,52667.0,49500.0,50500.0,46250.0,50000.0,50167.0
2024-05-02,37667.0,46600.0,43500.0,47500.0,50000.0,55000.0,52600.0,40667.0,49333.0,45000.0,43333.0,47750.0,49667.0,45000.0,35450.0,41000.0,47667.0,40333.0,62500.0,51000.0,50000.0,31667.0,57500.0,50000.0,37333.0,50000.0,50000.0,49333.0,51667.0,53250.0,52500.0,53333.0,52667.0,50500.0,47500.0,46250.0,48333.0,46833.0
2024-05-03,37667.0,45800.0,42500.0,47500.0,50000.0,58333.0,50200.0,41333.0,45333.0,47500.0,44333.0,47500.0,49667.0,45000.0,35450.0,36333.0,47667.0,40333.0,62500.0,56000.0,50000.0,31667.0,52500.0,50000.0,37333.0,50000.0,45000.0,45000.0,50667.0,51750.0,49000.0,50000.0,52667.0,50500.0,46500.0,47250.0,49333.0,46000.0
2024-05-04,37667.0,45200.0,42500.0,47500.0,50000.0,58333.0,49200.0,41333.0,45333.0,47500.0,43333.0,47500.0,49667.0,45000.0,35450.0,36333.0,48333.0,40333.0,62500.0,52000.0,50000.0,31667.0,52500.0,50000.0,37333.0,50000.0,45000.0,45000.0,50667.0,52250.0,49000.0,48333.0,52667.0,49667.0,45000.0,47250.0,45000.0,47500.0
2024-05-05,37667.0,45000.0,42500.0,47500.0,50000.0,58333.0,48200.0,41333.0,45333.0,47500.0,43333.0,47500.0,50333.0,45000.0,35450.0,36333.0,48333.0,40333.0,62500.0,47000.0,50000.0,31667.0,52500.0,50000.0,35333.0,50000.0,45000.0,45000.0,49333.0,53500.0,47500.0,48333.0,52667.0,50500.0,45000.0,47250.0,48333.0,46667.0
2024-05-06,39667.0,44400.0,35000.0,47500.0,45000.0,55000.0,47400.0,39667.0,45333.0,47500.0,43333.0,47500.0,46667.0,43400.0,29200.0,36333.0,50000.0,39667.0,62500.0,44667.0,50000.0,31667.0,47500.0,44000.0,35333.0,52500.0,42500.0,43000.0,46000.0,51250.0,48000.0,48333.0,50333.0,48167.0,46500.0,46500.0,46667.0,46333.0
2024-05-07,39667.0,42000.0,35000.0,47500.0,45000.0,51667.0,47400.0,39667.0,45333.0,47500.0,41667.0,47500.0,46667.0,42200.0,29200.0,36333.0,50000.0,40333.0,60000.0,44000.0,50000.0,31667.0,45000.0,44000.0,35333.0,50000.0,42500.0,43333.0,46000.0,50000.0,48000.0,45000.0,48667.0,48167.0,45500.0,46500.0,48333.0,45083.0
2024-05-08,39667.0,41200.0,35000.0,47500.0,45000.0,43333.0,47400.0,39667.0,45333.0,43250.0,40000.0,46250.0,46667.0,38600.0,29200.0,36333.0,50000.0,40333.0,60000.0,43667.0,45000.0,31667.0,43500.0,47500.0,34667.0,49000.0,42500.0,44000.0,45000.0,49750.0,46000.0,43333.0,48667.0,48167.0,41000.0,44350.0,45000.0,43333.0
2024-05-09,39667.0,42200.0,35000.0,47500.0,45000.0,43333.0,47400.0,39667.0,45333.0,43250.0,40000.0,45750.0,46667.0,38000.0,29200.0,34667.0,47667.0,40333.0,60000.0,44333.0,45000.0,31667.0,43500.0,47500.0,34667.0,49000.0,42500.0,44000.0,45000.0,46000.0,44500.0,43333.0,48667.0,48167.0,39000.0,44350.0,45000.0,43333.0
2024-05-10,39667.0,41000.0,35000.0,47500.0,45000.0,43333.0,47400.0,39667.0,45333.0,43250.0,40000.0,46250.0,46667.0,38000.0,29200.0,34667.0,46000.0,40333.0,60000.0,44000.0,45000.0,31667.0,55000.0,47500.0,34000.0,49000.0,42500.0,44000.0,45000.0,44500.0,44000.0,43000.0,45333.0,48167.0,39000.0,44350.0,44000.0,43667.0
2024-05-11,39667.0,39000.0,35000.0,47500.0,45000.0,43333.0,45600.0,38333.0,45333.0,43250.0,40000.0,46250.0,46667.0,38000.0,29200.0,34667.0,44667.0,40333.0,60000.0,44667.0,45000.0,31667.0,55000.0,47500.0,34000.0,49000.0,42500.0,44000.0,45000.0,44500.0,44000.0,43000.0,43333.0,48167.0,39000.0,44350.0,45000.0,43667.0
2024-05-12,39667.0,39000.0,35000.0,47500.0,45000.0,43333.0,45600.0,38333.0,45333.0,43250.0,40000.0,45000.0,46667.0,38000.0,29200.0,34667.0,44667.0,39333.0,60000.0,46000.0,45000.0,31667.0,55000.0,47500.0,34000.0,49000.0,42500.0,44000.0,45000.0,44500.0,44000.0,44000.0,43333.0,47667.0,40500.0,44350.0,46667.0,43167.0
2024-05-13,39333.0,41000.0,43000.0,52500.0,48250.0,43333.0,45200.0,43333.0,45333.0,41250.0,40000.0,45000.0,45667.0,39000.0,29200.0,34667.0,44667.0,39333.0,60000.0,46000.0,42500.0,31667.0,46000.0,45000.0,34000.0,49000.0,45500.0,45000.0,45000.0,43750.0,44000.0,44667.0,43333.0,44667.0,40000.0,44150.0,47333.0,44000.0
2024-05-14,39333.0,41000.0,44500.0,52500.0,48375.0,45000.0,45200.0,41667.0,45333.0,40000.0,40000.0,43750.0,45667.0,39600.0,29200.0,34667.0,44667.0,38000.0,60000.0,45667.0,42500.0,31667.0,50000.0,45000.0,34000.0,47000.0,46500.0,45000.0,45000.0,41750.0,44000.0,47000.0,45000.0,44500.0,41500.0,43400.0,47667.0,44000.0
2024-05-15,39333.0,43200.0,43500.0,52500.0,48375.0,45000.0,46200.0,41667.0,45333.0,40000.0,40000.0,43750.0,45667.0,42800.0,29200.0,35667.0,45667.0,38000.0,50000.0,45667.0,42500.0,31667.0,50000.0,45500.0,34000.0,47000.0,46000.0,45000.0,45000.0,40500.0,47000.0,43333.0,46667.0,44500.0,41500.0,43650.0,47333.0,43167.0
2024-05-16,40000.0,43400.0,42000.0,52500.0,50000.0,47667.0,46800.0,41667.0,45333.0,45000.0,39333.0,45000.0,45667.0,42800.0,29200.0,35667.0,45667.0,38000.0,50000.0,46000.0,42500.0,31667.0,52500.0,45500.0,34000.0,47000.0,46000.0,45000.0,46667.0,44500.0,47000.0,44333.0,46667.0,44167.0,42500.0,43650.0,47667.0,43167.0
2024-05-17,40000.0,45200.0,42000.0,52500.0,50000.0,47667.0,46800.0,41667.0,45333.0,46250.0,39333.0,44500.0,45667.0,43000.0,29200.0,35667.0,45667.0,38000.0,50000.0,45667.0,42500.0,31667.0,55000.0,45500.0,34000.0,47000.0,46000.0,45000.0,47000.0,44500.0,51000.0,45000.0,46667.0,44167.0,41500.0,44150.0,49333.0,43167.0
2024-05-18,40000.0,45200.0,42000.0,52500.0,50000.0,47667.0,46800.0,41667.0,47000.0,46250.0,39333.0,42000.0,45667.0,42000.0,29200.0,37333.0,45667.0,38000.0,50000.0,45433.0,42500.0,31667.0,55000.0,47500.0,30667.0,47000.0,46000.0,45000.0,48000.0,44500.0,50000.0,45667.0,46667.0,44167.0,40000.0,45850.0,46667.0,46500.0
2024-05-19,40000.0,45200.0,42000.0,52500.0,50000.0,47667.0,46800.0,41667.0,47000.0,46250.0,43333.0,43750.0,45667.0,43000.0,29200.0,37333.0,45667.0,38000.0,50000.0,48000.0,46500.0,31667.0,55000.0,50000.0,30667.0,47000.0,46000.0,45000.0,48333.0,44500.0,50000.0,45667.0,46667.0,44167.0,39000.0,45850.0,46667.0,47333.0
2024-05-20,41000.0,45000.0,38000.0,52500.0,50500.0,53333.0,47800.0,43333.0,47333.0,43750.0,47000.0,42500.0,45333.0,42800.0,31700.0,37333.0,47000.0,39000.0,50000.0,48667.0,46500.0,31667.0,57500.0,47500.0,30667.0,50000.0,48000.0,43333.0,49000.0,43250.0,50000.0,46667.0,46667.0,43500.0,40000.0,47100.0,47000.0,47500.0
2024-05-21,41000.0,44600.0,38000.0,52500.0,50500.0,53333.0,47800.0,43333.0,46000.0,45000.0,46000.0,45750.0,45333.0,44000.0,31700.0,37333.0,47667.0,39000.0,55000.0,49000.0,46500.0,31667.0,57500.0,50000.0,30667.0,51000.0,46000.0,45000.0,48333.0,47500.0,50000.0,45000.0,46667.0,43000.0,40000.0,47100.0,52667.0,47500.0
2024-05-22,41333.0,44600.0,38000.0,52500.0,50625.0,53333.0,47600.0,43333.0,46000.0,45000.0,44667.0,44500.0,45333.0,46000.0,31700.0,37333.0,49333.0,38000.0,52500.0,47333.0,46500.0,31667.0,57500.0,47500.0,30667.0,51000.0,46000.0,45000.0,48333.0,44500.0,50000.0,45000.0,46667.0,43000.0,39000.0,47100.0,47667.0,45667.0
2024-05-23,41333.0,44600.0,46000.0,52500.0,50500.0,53333.0,47600.0,43333.0,46000.0,45000.0,45333.0,42500.0,45333.0,46000.0,31700.0,37333.0,49333.0,38000.0,52500.0,47333.0,49000.0,31667.0,57500.0,47500.0,30667.0,51000.0,46000.0,45000.0,48000.0,44500.0,50000.0,45000.0,46667.0,43000.0,40000.0,47100.0,45000.0,42833.0
2024-05-24,41600.0,44600.0,46000.0,52500.0,50375.0,53333.0,47600.0,45000.0,46000.0,45000.0,45333.0,42500.0,45333.0,46000.0,31700.0,37333.0,51000.0,38000.0,52500.0,47333.0,49000.0,31667.0,57500.0,47500.0,36000.0,51000.0,46000.0,45000.0,47667.0,44500.0,49000.0,45000.0,46667.0,43167.0,40000.0,46550.0,45000.0,42833.0
2024-05-25,41333.0,45000.0,49500.0,52500.0,50375.0,53333.0,47600.0,41667.0,46000.0,45000.0,45333.0,42500.0,45333.0,46000.0,31700.0,35667.0,51000.0,38000.0,52500.0,47333.0,49000.0,31667.0,57500.0,47500.0,36000.0,51000.0,46000.0,45000.0,47000.0,44500.0,49000.0,46667.0,46667.0,43167.0,40000.0,45200.0,52667.0,43167.0
2024-05-26,41333.0,45800.0,49500.0,52500.0,50375.0,53333.0,47600.0,41667.0,46000.0,45000.0,45333.0,42500.0,45333.0,46000.0,31700.0,37333.0,51000.0,38000.0,52500.0,46333.0,49000.0,31667.0,57500.0,47500.0,36000.0,51000.0,46000.0,45000.0,47000.0,45750.0,45500.0,49000.0,48333.0,43667.0,40000.0,45200.0,51667.0,44833.0
2024-05-27,44000.0,44400.0,40000.0,43500.0,49000.0,51667.0,46200.0,41667.0,45333.0,45000.0,44667.0,43750.0,47000.0,47000.0,27950.0,37333.0,51000.0,37333.0,52500.0,46000.0,49000.0,31667.0,57500.0,47500.0,36000.0,51000.0,44000.0,41667.0,47667.0,45000.0,43500.0,48667.0,49333.0,44167.0,42000.0,44650.0,49333.0,46667.0
2024-05-28,44000.0,44400.0,40000.0,43500.0,49125.0,48333.0,44200.0,41667.0,43667.0,42000.0,44000.0,42500.0,47000.0,47000.0,27950.0,36667.0,50000.0,37333.0,52500.0,45333.0,49000.0,31667.0,54000.0,47500.0,36000.0,50000.0,44000.0,42667.0,46667.0,45000.0,42500.0,45000.0,47667.0,44833.0,41000.0,44350.0,43333.0,45833.0
2024-05-29,44000.0,44400.0,37500.0,43500.0,49000.0,48333.0,44600.0,38333.0,43667.0,42000.0,43000.0,42500.0,47000.0,48000.0,27950.0,36667.0,47333.0,37333.0,52500.0,45000.0,49000.0,31667.0,54000.0,44000.0,36000.0,50000.0,40000.0,42667.0,46667.0,45000.0,42500.0,41667.0,47667.0,45667.0,40000.0,44100.0,43333.0,45833.0
2024-05-30,44000.0,42800.0,36000.0,42500.0,48000.0,49333.0,44000.0,38333.0,43667.0,42000.0,42000.0,43750.0,47000.0,47600.0,27950.0,35000.0,47333.0,37667.0,52500.0,44800.0,49000.0,31667.0,53500.0,41500.0,36000.0,49000.0,40000.0,40667.0,46667.0,45000.0,42500.0,46667.0,46667.0,46333.0,40000.0,44100.0,43333.0,44500.0
2024-05-31,44000.0,42800.0,35000.0,42500.0,48000.0,51000.0,44000.0,38333.0,43000.0,42000.0,42000.0,42500.0,47000.0,45800.0,34700.0,33667.0,46667.0,37667.0,52500.0,42567.0,49000.0,31667.0,53500.0,40000.0,35333.0,49000.0,39000.0,40667.0,47000.0,45000.0,42500.0,46000.0,48333.0,46333.0,41500.0,44100.0,43333.0,44500.0
2024-06-01,44000.0,42400.0,35000.0,42500.0,48000.0,51000.0,43800.0,36667.0,43000.0,42000.0,42000.0,41750.0,47000.0,45800.0,34700.0,33667.0,46667.0,36000.0,52500.0,42233.0,42500.0,31667.0,48500.0,40000.0,36000.0,49000.0,39000.0,40667.0,46000.0,44750.0,42500.0,48333.0,48333.0,46333.0,40000.0,44100.0,44000.0,42833.0
2024-06-02,44000.0,41400.0,35000.0,42500.0,48000.0,51000.0,43600.0,36667.0,42000.0,42000.0,40333.0,39250.0,47000.0,45600.0,34700.0,33667.0,46667.0,36000.0,52500.0,42900.0,40000.0,31667.0,48500.0,40000.0,37333.0,49000.0,39000.0,40667.0,47667.0,44750.0,40000.0,46667.0,48333.0,46333.0,40000.0,44100.0,43000.0,42833.0
2024-06-03,44000.0,41000.0,33500.0,35000.0,43250.0,46333.0,42600.0,32667.0,36667.0,39500.0,40000.0,38500.0,41000.0,41600.0,34700.0,32667.0,44000.0,35333.0,52500.0,42333.0,40000.0,31667.0,47500.0,37500.0,36667.0,46500.0,38500.0,37000.0,42667.0,44750.0,39000.0,45000.0,43333.0,43667.0,37000.0,42600.0,42333.0,38000.0
2024-06-04,44000.0,41000.0,33500.0,35000.0,43125.0,43667.0,39600.0,30000.0,36667.0,36500.0,38333.0,38500.0,42000.0,41800.0,34700.0,32667.0,42000.0,35333.0,52500.0,42000.0,40000.0,31667.0,47500.0,39000.0,36667.0,46500.0,37000.0,36333.0,36000.0,44250.0,40000.0,40000.0,43333.0,43000.0,37000.0,42600.0,41667.0,38000.0
2024-06-05,44000.0,41000.0,37500.0,35000.0,43125.0,43667.0,38800.0,30000.0,36000.0,36500.0,38333.0,37750.0,42000.0,37400.0,34700.0,31667.0,41333.0,35333.0,52500.0,41000.0,40000.0,31667.0,47500.0,39000.0,36667.0,45000.0,37000.0,35333.0,37333.0,42250.0,39000.0,39333.0,40000.0,43000.0,36000.0,39200.0,40000.0,37167.0
2024-06-06,44000.0,39400.0,37500.0,35000.0,42500.0,43667.0,38200.0,30000.0,35000.0,36500.0,38333.0,37250.0,42000.0,37400.0,29700.0,31667.0,37667.0,35333.0,52500.0,41667.0,40000.0,25000.0,47500.0,39000.0,35667.0,45000.0,37500.0,35333.0,36000.0,43500.0,35000.0,37667.0,43333.0,44000.0,36000.0,39200.0,41667.0,35667.0
2024-06-07,44000.0,39400.0,31000.0,35000.0,42500.0,41667.0,38200.0,32667.0,35000.0,36500.0,38333.0,34750.0,42000.0,36400.0,29700.0,31667.0,37667.0,32000.0,47500.0,39233.0,40000.0,25000.0,40000.0,38000.0,35667.0,45000.0,36500.0,35000.0,36000.0,43500.0,37000.0,35333.0,41667.0,44000.0,36000.0,38900.0,41667.0,34833.0
2024-06-08,44000.0,37800.0,31000.0,35000.0,42500.0,41667.0,37800.0,31000.0,35000.0,36500.0,39667.0,34750.0,42000.0,36400.0,29700.0,27333.0,36333.0,32000.0,47500.0,40333.0,36000.0,25000.0,40000.0,38000.0,35667.0,45000.0,36500.0,35000.0,35333.0,43500.0,38000.0,36667.0,41667.0,44000.0,36000.0,38900.0,43000.0,34000.0
2024-06-09,44000.0,37800.0,31000.0,35000.0,42500.0,41667.0,37800.0,31000.0,35000.0,36500.0,39667.0,33000.0,42000.0,38200.0,28450.0,27333.0,35667.0,31333.0,47500.0,40333.0,36000.0,25000.0,40000.0,38000.0,35333.0,45000.0,36500.0,35000.0,35000.0,43500.0,38000.0,37667.0,41667.0,44000.0,36000.0,38900.0,42333.0,34000.0
2024-06-10,44000.0,35400.0,32500.0,35000.0,39250.0,41667.0,36400.0,31667.0,35000.0,35750.0,39667.0,33000.0,35333.0,35800.0,28450.0,27333.0,35333.0,31333.0,45000.0,38100.0,36000.0,28333.0,35000.0,36500.0,35333.0,43500.0,35500.0,35000.0,36000.0,43500.0,38000.0,37667.0,40000.0,44833.0,36000.0,39400.0,41667.0,34000.0
2024-06-11,43333.0,35000.0,30000.0,35000.0,39625.0,41667.0,36400.0,31667.0,34000.0,35750.0,36333.0,33500.0,35333.0,35400.0,28450.0,27333.0,35333.0,32667.0,45000.0,38333.0,36000.0,30000.0,35000.0,36500.0,35333.0,41000.0,32000.0,35000.0,36667.0,43500.0,38000.0,35667.0,40000.0,44833.0,36000.0,39350.0,42333.0,34000.0
2024-06-12,42000.0,34400.0,32500.0,35000.0,39875.0,41667.0,36000.0,30667.0,34000.0,35000.0,36333.0,33500.0,35333.0,34400.0,28450.0,27333.0,35333.0,32000.0,45000.0,38000.0,36000.0,31667.0,35000.0,37500.0,35333.0,41000.0,34500.0,35000.0,36000.0,42500.0,38000.0,36667.0,40000.0,44833.0,36000.0,39400.0,41667.0,34333.0
2024-06-13,42000.0,35600.0,32500.0,35000.0,39750.0,40000.0,36000.0,30667.0,35000.0,35000.0,36000.0,33500.0,33667.0,33600.0,28450.0,27333.0,35333.0,31333.0,45000.0,36333.0,36000.0,33333.0,35000.0,37500.0,34333.0,40000.0,36000.0,35000.0,35667.0,42500.0,35500.0,32333.0,40000.0,44833.0,36000.0,39400.0,40000.0,34000.0
2024-06-14,40667.0,35600.0,32500.0,35000.0,39875.0,40000.0,37200.0,30667.0,35000.0,35000.0,34333.0,33500.0,33667.0,34200.0,28450.0,27333.0,35333.0,32000.0,45000.0,36333.0,36000.0,33333.0,37500.0,37500.0,34333.0,40000.0,35500.0,35000.0,35667.0,42500.0,35500.0,36000.0,38333.0,44333.0,36000.0,39400.0,41667.0,34333.0
2024-06-15,40667.0,35800.0,32500.0,35000.0,40000.0,40000.0,37400.0,30667.0,35000.0,35000.0,34667.0,34750.0,33667.0,34200.0,28450.0,27333.0,36000.0,32000.0,45000.0,37333.0,36000.0,33333.0,40000.0,37500.0,34333.0,40000.0,35500.0,35000.0,35667.0,42500.0,35500.0,33333.0,38333.0,44333.0,36000.0,39400.0,41667.0,36833.0
2024-06-16,40667.0,35400.0,32500.0,35000.0,40000.0,38333.0,37600.0,30667.0,35000.0,35000.0,34333.0,33750.0,33667.0,34200.0,28450.0,27333.0,36000.0,31333.0,45000.0,37333.0,36000.0,33333.0,40000.0,37500.0,33667.0,40000.0,35500.0,35333.0,35667.0,42500.0,35500.0,33333.0,38333.0,44500.0,35000.0,39450.0,41667.0,38167.0
2024-06-17,40667.0,35400.0,32500.0,35000.0,40000.0,38333.0,37600.0,30667.0,35000.0,35000.0,34333.0,33750.0,33667.0,34200.0,28450.0,27333.0,36000.0,31333.0,45000.0,36667.0,33500.0,33333.0,40000.0,37500.0,35000.0,40000.0,35500.0,35333.0,35667.0,42500.0,35500.0,33333.0,37000.0,44500.0,35000.0,39450.0,41667.0,37333.0
2024-06-18,40667.0,35400.0,32500.0,35000.0,40000.0,38333.0,37000.0,30000.0,35000.0,35000.0,32333.0,32000.0,33667.0,33800.0,28450.0,27333.0,35333.0,30667.0,45000.0,36333.0,33500.0,33333.0,40000.0,37500.0,35000.0,40000.0,35500.0,35333.0,35667.0,42500.0,35500.0,33333.0,35333.0,44500.0,35000.0,40150.0,41667.0,37333.0
2024-06-19,40667.0,36200.0,32500.0,35000.0,40000.0,38333.0,37000.0,30000.0,33667.0,32500.0,32333.0,32000.0,34000.0,33900.0,28450.0,27333.0,35333.0,30667.0,45000.0,36333.0,33500.0,33333.0,40000.0,37500.0,34000.0,40000.0,35000.0,32667.0,34000.0,40500.0,35500.0,31667.0,34000.0,44833.0,34000.0,38450.0,38000.0,34333.0
2024-06-20,38000.0,35800.0,32500.0,35000.0,40000.0,40000.0,37000.0,27667.0,33667.0,32500.0,32333.0,31500.0,34000.0,34600.0,28450.0,27333.0,35333.0,30667.0,45000.0,36667.0,33500.0,33333.0,40000.0,37500.0,34000.0,40000.0,35000.0,34333.0,34000.0,40500.0,35500.0,34667.0,34000.0,44833.0,34000.0,38250.0,37333.0,34333.0
2024-06-21,38000.0,35400.0,32500.0,35000.0,40000.0,40000.0,37000.0,27667.0,33667.0,32500.0,32000.0,30750.0,34000.0,34600.0,28450.0,27333.0,35333.0,30000.0,45000.0,36667.0,33500.0,33333.0,40000.0,35500.0,35000.0,40000.0,34500.0,33667.0,33667.0,40500.0,35500.0,34667.0,34000.0,44833.0,34000.0,37900.0,39000.0,34167.0
2024-06-22,38000.0,35400.0,32500.0,35000.0,40000.0,40000.0,37000.0,27667.0,33667.0,32500.0,32333.0,29750.0,34000.0,33400.0,28450.0,27333.0,35333.0,30000.0,45000.0,36667.0,33500.0,33333.0,40000.0,35500.0,35000.0,40000.0,34500.0,33667.0,32667.0,40500.0,34500.0,34667.0,34000.0,44667.0,34000.0,37050.0,36667.0,33333.0
2024-06-23,38000.0,35400.0,32500.0,35000.0,40000.0,40000.0,37000.0,30667.0,33667.0,32500.0,32333.0,29250.0,34000.0,33400.0,28525.0,27333.0,35333.0,30000.0,45000.0,38667.0,29000.0,33333.0,40000.0,35500.0,35000.0,40000.0,34500.0,33667.0,32000.0,41000.0,34500.0,33667.0,34000.0,44667.0,33000.0,36700.0,36000.0,34167.0
2024-06-24,36333.0,33400.0,34000.0,32500.0,40000.0,38333.0,35800.0,30667.0,32667.0,32500.0,32000.0,29750.0,32667.0,32600.0,28525.0,27333.0,35333.0,30000.0,40000.0,38667.0,30000.0,36000.0,40000.0,38500.0,35000.0,40000.0,33000.0,30000.0,32000.0,40500.0,33500.0,34000.0,33000.0,44667.0,33000.0,35700.0,36000.0,32500.0
2024-06-25,36333.0,32600.0,32500.0,32500.0,40000.0,38333.0,33400.0,27333.0,32667.0,32500.0,32000.0,27750.0,32667.0,31400.0,28525.0,27333.0,35333.0,30000.0,40000.0,38667.0,30000.0,36000.0,40000.0,38500.0,35000.0,40000.0,32500.0,30000.0,32000.0,40500.0,33500.0,34000.0,33000.0,42167.0,32500.0,35450.0,31667.0,32167.0
2024-06-26,36333.0,32600.0,33000.0,32500.0,40000.0,35000.0,33800.0,27333.0,32667.0,32500.0,32000.0,28500.0,31667.0,30800.0,28525.0,27333.0,35333.0,30000.0,40000.0,37333.0,30000.0,36000.0,40000.0,38500.0,35000.0,40000.0,29000.0,30000.0,30333.0,41000.0,33500.0,33333.0,31667.0,41333.0,32500.0,34000.0,32333.0,31667.0
2024-06-27,36333.0,32600.0,31500.0,32500.0,37500.0,33333.0,33800.0,27333.0,31000.0,32500.0,32000.0,28500.0,31667.0,30000.0,28525.0,25333.0,35333.0,30000.0,40000.0,37333.0,30000.0,36000.0,40000.0,36000.0,35000.0,37500.0,30000.0,30000.0,29667.0,41000.0,32500.0,33333.0,31667.0,41333.0,31000.0,34000.0,33333.0,31667.0
2024-06-28,36333.0,32200.0,31500.0,32500.0,37500.0,33333.0,33200.0,23667.0,31000.0,32500.0,31000.0,26250.0,31667.0,30800.0,28525.0,25333.0,32667.0,31667.0,40000.0,37000.0,29000.0,36000.0,40000.0,36000.0,36000.0,37500.0,30000.0,26000.0,29667.0,39250.0,31500.0,32333.0,31000.0,41000.0,31000.0,33100.0,31667.0,31333.0
2024-06-29,36333.0,32400.0,31500.0,32500.0,37500.0,33333.0,32000.0,23667.0,31000.0,32500.0,31000.0,26250.0,31667.0,30800.0,28525.0,25333.0,32667.0,31667.0,40000.0,37000.0,29000.0,30000.0,37500.0,36000.0,32667.0,37500.0,30000.0,26000.0,29667.0,39250.0,31500.0,30667.0,30000.0,41000.0,31000.0,33100.0,31667.0,31833.0
2024-06-30,36333.0,31800.0,31500.0,32500.0,37500.0,33333.0,32000.0,23667.0,31667.0,32500.0,29667.0,24750.0,31667.0,30800.0,29275.0,25333.0,32667.0,31667.0,40000.0,35333.0,29000.0,30000.0,37500.0,36000.0,31667.0,37500.0,30000.0,26000.0,29667.0,40500.0,31500.0,32333.0,31000.0,41000.0,30000.0,29350.0,31000.0,30167.0
2024-07-01,36333.0,29800.0,25000.0,25000.0,34000.0,32333.0,31200.0,21333.0,31667.0,31250.0,29667.0,25000.0,29000.0,28000.0,26500.0,25333.0,31000.0,29667.0,40000.0,35333.0,29000.0,33333.0,37500.0,33500.0,30000.0,35000.0,27500.0,25000.0,29667.0,40500.0,31500.0,30667.0,27000.0,38667.0,30000.0,32050.0,29333.0,29667.0
2024-07-02,36333.0,28600.0,24500.0,25000.0,34125.0,33333.0,29800.0,21333.0,26667.0,25000.0,29667.0,24500.0,29000.0,29200.0,26500.0,20667.0,30667.0,29667.0,40000.0,29333.0,29000.0,33333.0,40000.0,33500.0,29667.0,35000.0,27500.0,25000.0,29667.0,39750.0,30500.0,30333.0,27000.0,38667.0,29000.0,32050.0,29333.0,29667.0
2024-07-03,36333.0,28200.0,24500.0,25000.0,34250.0,31667.0,29400.0,21333.0,24000.0,25000.0,26667.0,26750.0,29000.0,28800.0,24250.0,20000.0,30667.0,28667.0,45000.0,29000.0,29000.0,33333.0,40000.0,31000.0,29667.0,35000.0,27500.0,22000.0,27333.0,39750.0,28000.0,29667.0,27000.0,38167.0,29500.0,29100.0,28333.0,29333.0
2024-07-04,36333.0,28200.0,21500.0,25000.0,34500.0,31667.0,29000.0,21333.0,23333.0,25750.0,26667.0,23750.0,29000.0,29600.0,24250.0,20000.0,30667.0,28333.0,42500.0,28667.0,29000.0,33333.0,40000.0,31000.0,28667.0,35000.0,25000.0,22000.0,28333.0,36750.0,27000.0,29333.0,27000.0,37000.0,28500.0,28100.0,28333.0,29333.0
2024-07-05,36333.0,28200.0,21000.0,25000.0,32875.0,30333.0,29000.0,21333.0,22667.0,25750.0,26667.0,21000.0,29000.0,29600.0,23750.0,20000.0,30000.0,27667.0,42500.0,28667.0,29000.0,30000.0,40000.0,31000.0,27333.0,35000.0,27500.0,21667.0,27667.0,36750.0,26000.0,27000.0,27000.0,36833.0,27500.0,28100.0,26667.0,30500.0
2024-07-06,36333.0,27600.0,21000.0,25000.0,32625.0,30333.0,29000.0,21333.0,22667.0,25750.0,26667.0,21250.0,29000.0,29600.0,23750.0,20000.0,30000.0,26000.0,42500.0,28667.0,29000.0,30000.0,39000.0,31000.0,27333.0,35000.0,27500.0,21667.0,27667.0,36750.0,26000.0,27333.0,27000.0,36833.0,27500.0,28100.0,26667.0,29667.0
2024-07-07,36333.0,27200.0,21000.0,25000.0,31875.0,30333.0,29000.0,20000.0,22667.0,25750.0,26667.0,21250.0,29000.0,28600.0,23750.0,20000.0,27667.0,26000.0,42500.0,27000.0,23500.0,30000.0,39000.0,31000.0,27333.0,35000.0,27500.0,21667.0,27667.0,36750.0,26000.0,30667.0,27000.0,36833.0,28500.0,27550.0,25333.0,29667.0
2024-07-08,36333.0,26800.0,21000.0,23000.0,28750.0,28667.0,26800.0,21000.0,22667.0,25750.0,26333.0,21750.0,28000.0,27200.0,23000.0,20000.0,27000.0,26000.0,36000.0,27667.0,23500.0,30000.0,39000.0,30000.0,26000.0,35000.0,25500.0,21333.0,26000.0,36750.0,25000.0,30000.0,27667.0,36833.0,26500.0,27550.0,25667.0,29667.0
2024-07-09,36333.0,26200.0,21000.0,23000.0,29000.0,29333.0,26400.0,21000.0,21667.0,25750.0,26333.0,21500.0,28000.0,26800.0,22962.0,20000.0,27000.0,26000.0,36000.0,27333.0,23500.0,30000.0,32500.0,26500.0,26000.0,35000.0,24500.0,21333.0,26000.0,35500.0,25000.0,26000.0,27667.0,36833.0,24500.0,27550.0,25667.0,29667.0
2024-07-10,36333.0,26000.0,21000.0,23000.0,29000.0,29333.0,25800.0,21000.0,21000.0,25750.0,25333.0,21500.0,25333.0,25800.0,25462.0,20000.0,26333.0,26000.0,36000.0,26333.0,23500.0,25000.0,32500.0,30000.0,26667.0,35000.0,24000.0,21333.0,26000.0,35500.0,25000.0,29000.0,27333.0,36833.0,24500.0,27550.0,24667.0,28500.0
2024-07-11,36333.0,26200.0,21000.0,23000.0,29125.0,29333.0,25200.0,21000.0,20333.0,25250.0,25333.0,21000.0,25333.0,25800.0,25462.0,19333.0,25333.0,24000.0,36000.0,27333.0,23500.0,25000.0,32500.0,28000.0,26000.0,35000.0,24000.0,20667.0,26000.0,37250.0,23500.0,28667.0,27667.0,36000.0,24500.0,27550.0,24000.0,28500.0
2024-07-12,36333.0,24800.0,21000.0,23000.0,29500.0,29333.0,25000.0,21000.0,21000.0,25250.0,25333.0,21000.0,25667.0,25800.0,25462.0,19333.0,27000.0,24000.0,40000.0,26333.0,23500.0,25000.0,32500.0,28000.0,26000.0,35000.0,24000.0,20667.0,26000.0,35500.0,23500.0,26000.0,27667.0,34333.0,24500.0,27100.0,23667.0,28500.0
2024-07-13,36333.0,24800.0,21000.0,23000.0,29375.0,29333.0,24800.0,21000.0,22000.0,25250.0,25333.0,20000.0,25667.0,25800.0,25462.0,19000.0,24667.0,24000.0,40000.0,25333.0,22500.0,25000.0,29000.0,28000.0,26000.0,35000.0,24000.0,20667.0,26000.0,35500.0,24000.0,26000.0,27667.0,33333.0,24000.0,26750.0,23667.0,27833.0
2024-07-14,36333.0,23000.0,21000.0,23000.0,29875.0,29333.0,24800.0,21000.0,22000.0,25252.0,25333.0,20000.0,25667.0,26200.0,25462.0,18667.0,24667.0,23000.0,40000.0,25333.0,22500.0,25000.0,29000.0,28000.0,25333.0,35000.0,24000.0,20667.0,22667.0,35500.0,23000.0,26000.0,26667.0,33333.0,24000.0,26750.0,24000.0,27833.0
2024-07-15,36333.0,22800.0,20000.0,22500.0,26000.0,26667.0,23800.0,17667.0,22000.0,25250.0,25000.0,19500.0,25667.0,24800.0,22462.0,18667.0,25333.0,23000.0,40000.0,24667.0,22500.0,23333.0,29000.0,22500.0,25333.0,28000.0,23000.0,20667.0,22667.0,35500.0,23000.0,25333.0,23667.0,31833.0,22000.0,25200.0,24333.0,26333.0
2024-07-16,36333.0,22800.0,20000.0,22500.0,26375.0,26667.0,23800.0,17667.0,22000.0,25250.0,23667.0,20000.0,25667.0,24200.0,22462.0,19000.0,24333.0,23667.0,40000.0,24000.0,22500.0,23333.0,32500.0,22500.0,24333.0,27000.0,21000.0,20667.0,22000.0,34250.0,23000.0,25000.0,23667.0,30167.0,22000.0,23050.0,21667.0,26333.0
2024-07-17,36333.0,22800.0,20000.0,22500.0,26625.0,26667.0,22400.0,17333.0,22000.0,22750.0,25667.0,20500.0,21667.0,24200.0,22412.0,18333.0,24333.0,23667.0,40000.0,24000.0,22500.0,22000.0,32500.0,22500.0,24333.0,26500.0,20000.0,20667.0,21333.0,33000.0,23000.0,22667.0,23667.0,30167.0,20000.0,23050.0,21667.0,26333.0
2024-07-18,36333.0,21800.0,20000.0,22500.0,26000.0,26000.0,22000.0,17333.0,22000.0,22750.0,25667.0,20500.0,21667.0,24200.0,22412.0,18333.0,24333.0,22667.0,40000.0,24000.0,20000.0,22000.0,32500.0,22500.0,22667.0,26500.0,20000.0,21333.0,21667.0,33000.0,23000.0,24667.0,23333.0,30167.0,20500.0,22700.0,21667.0,23333.0
2024-07-19,36333.0,21800.0,20000.0,22500.0,26375.0,26000.0,22400.0,17333.0,21333.0,22750.0,25000.0,19000.0,21667.0,24200.0,22412.0,17333.0,23333.0,22667.0,40000.0,24000.0,20000.0,22000.0,32500.0,22500.0,23333.0,26500.0,19000.0,21333.0,21667.0,33000.0,22000.0,23667.0,23000.0,26000.0,19500.0,22700.0,22333.0,23333.0
2024-07-20,36333.0,21800.0,19000.0,22500.0,27000.0,26000.0,22440.0,17333.0,21333.0,22750.0,23333.0,19000.0,21667.0,24200.0,22412.0,17333.0,23333.0,22667.0,40000.0,24000.0,20000.0,23000.0,25000.0,22500.0,24000.0,26500.0,19000.0,21333.0,21667.0,33500.0,20000.0,25333.0,23000.0,26000.0,19500.0,22700.0,21000.0,24167.0
2024-07-21,36333.0,21400.0,19000.0,22500.0,27000.0,26000.0,22000.0,17333.0,21333.0,22750.0,23667.0,19000.0,21667.0,24200.0,22412.0,17333.0,23333.0,22667.0,40000.0,24000.0,20000.0,23000.0,25000.0,22500.0,24000.0,26500.0,19000.0,21333.0,21000.0,36500.0,20000.0,25333.0,24333.0,26000.0,19500.0,22700.0,21667.0,25000.0
2024-07-22,36333.0,21400.0,18000.0,20000.0,21500.0,24667.0,22000.0,18000.0,20333.0,22750.0,23000.0,19000.0,21667.0,21800.0,21912.0,18000.0,23333.0,18667.0,40000.0,27000.0,20000.0,23000.0,25000.0,25000.0,24000.0,25000.0,19000.0,18000.0,21000.0,32250.0,20000.0,24000.0,24333.0,26167.0,20000.0,22050.0,21000.0,24333.0
2024-07-23,36333.0,20600.0,18000.0,20000.0,22000.0,24667.0,21600.0,16667.0,20333.0,21250.0,23333.0,19000.0,22667.0,20000.0,21912.0,17000.0,23333.0,19000.0,40000.0,23667.0,19500.0,23000.0,25000.0,22500.0,22667.0,25000.0,18000.0,18000.0,21000.0,31750.0,20000.0,23333.0,22667.0,26167.0,20000.0,22050.0,22333.0,23167.0
2024-07-24,36000.0,20200.0,18000.0,20000.0,22750.0,24667.0,21600.0,16667.0,18333.0,20250.0,23667.0,19000.0,22667.0,20000.0,21912.0,17000.0,22333.0,18333.0,40000.0,23000.0,19500.0,22000.0,27000.0,22500.0,22667.0,25000.0,19000.0,20667.0,20333.0,33000.0,18000.0,23333.0,22333.0,26000.0,20000.0,22050.0,21000.0,23167.0
2024-07-25,36000.0,19200.0,16500.0,20000.0,21250.0,26000.0,21600.0,16667.0,18333.0,20000.0,22000.0,18500.0,22333.0,19600.0,21162.0,17000.0,22333.0,17000.0,40000.0,23000.0,19500.0,22000.0,27000.0,22500.0,23667.0,25000.0,18500.0,20667.0,20333.0,33000.0,19000.0,23667.0,22333.0,25667.0,20000.0,22050.0,19000.0,23167.0
2024-07-26,36000.0,19200.0,15500.0,20000.0,21125.0,26000.0,21600.0,16667.0,18333.0,20000.0,22000.0,18500.0,22333.0,19600.0,21125.0,17000.0,22000.0,17000.0,35000.0,23000.0,19500.0,22000.0,25000.0,22500.0,22667.0,25000.0,18500.0,21333.0,20667.0,33500.0,19000.0,23000.0,22333.0,25667.0,20000.0,22050.0,20333.0,22833.0
2024-07-27,36000.0,18800.0,15500.0,20000.0,20875.0,26000.0,21200.0,16667.0,18333.0,20000.0,22000.0,18500.0,22333.0,19600.0,21125.0,17000.0,21333.0,16667.0,37500.0,24667.0,18000.0,22000.0,25000.0,22500.0,22000.0,25000.0,18500.0,21333.0,20667.0,33500.0,20000.0,23000.0,22333.0,25500.0,20000.0,22050.0,20333.0,22000.0
2024-07-28,36000.0,18800.0,15500.0,20000.0,20625.0,26000.0,21200.0,16667.0,18333.0,20000.0,22000.0,18500.0,22333.0,19600.0,21125.0,17000.0,21333.0,16667.0,35000.0,24000.0,16500.0,22000.0,25000.0,22500.0,22000.0,25000.0,18500.0,21333.0,20667.0,33500.0,19000.0,23333.0,22333.0,25500.0,20000.0,22050.0,20333.0,23667.0
2024-07-29,32667.0,18600.0,15500.0,20000.0,22000.0,25333.0,20800.0,16667.0,18333.0,20000.0,22667.0,18500.0,21333.0,18400.0,18625.0,17000.0,21333.0,16667.0,30000.0,23333.0,16500.0,22000.0,25000.0,23500.0,21667.0,24500.0,17500.0,20667.0,20000.0,33500.0,19000.0,24333.0,22333.0,25167.0,20000.0,21050.0,20000.0,22833.0
2024-07-30,32000.0,18600.0,15500.0,20000.0,22000.0,25333.0,20800.0,16667.0,18333.0,20000.0,22667.0,18500.0,21333.0,18800.0,18625.0,17000.0,21333.0,17333.0,30000.0,24000.0,16500.0,20000.0,22500.0,23500.0,21667.0,24500.0,18000.0,20000.0,20000.0,28250.0,19000.0,24000.0,22333.0,25167.0,20000.0,21050.0,18333.0,22000.0
2024-07-31,32000.0,18200.0,15000.0,20000.0,22000.0,25333.0,20800.0,16667.0,18333.0,20000.0,22667.0,17750.0,21333.0,18800.0,18625.0,17000.0,21333.0,16667.0,30000.0,23333.0,16500.0,19000.0,21000.0,22000.0,20667.0,24500.0,18000.0,20000.0,20000.0,28000.0,19000.0,23000.0,22333.0,25167.0,19000.0,21050.0,18333.0,21167.0
2024-08-01,32000.0,18200.0,17000.0,20000.0,21500.0,25333.0,20800.0,16667.0,18333.0,20000.0,22667.0,17750.0,21333.0,18800.0,18625.0,17000.0,21333.0,16667.0,32500.0,23000.0,16500.0,18667.0,21000.0,22000.0,20333.0,22000.0,18500.0,20000.0,20000.0,27500.0,19000.0,22333.0,21333.0,24667.0,19000.0,21050.0,19000.0,21000.0
2024-08-02,32000.0,18000.0,17000.0,20000.0,21375.0,25333.0,20800.0,16667.0,18333.0,20000.0,22000.0,17750.0,21333.0,18800.0,18625.0,17000.0,21333.0,16667.0,32500.0,23000.0,16500.0,18333.0,21000.0,21000.0,20000.0,21000.0,18500.0,20000.0,20000.0,27500.0,19000.0,24000.0,21333.0,23833.0,19000.0,21050.0,19667.0,21000.0
2024-08-03,32000.0,17800.0,17000.0,20000.0,21125.0,25333.0,20800.0,16667.0,17000.0,20000.0,22000.0,17750.0,21333.0,18800.0,18125.0,17000.0,21333.0,17000.0,32500.0,22333.0,16500.0,18333.0,21000.0,18500.0,19333.0,21000.0,18500.0,20000.0,20000.0,27500.0,19000.0,24000.0,22000.0,23833.0,18000.0,21050.0,18333.0,22667.0
2024-08-04,32000.0,17800.0,17000.0,20000.0,21000.0,25333.0,20800.0,16667.0,17000.0,20000.0,22000.0,17750.0,21333.0,18800.0,18125.0,17000.0,21333.0,17000.0,30000.0,22333.0,16500.0,18333.0,21000.0,18500.0,19333.0,21000.0,18500.0,20000.0,20000.0,27500.0,19000.0,20667.0,21333.0,23833.0,18000.0,21050.0,18333.0,22667.0
2024-08-05,30000.0,17800.0,16500.0,20000.0,21750.0,27000.0,20800.0,16667.0,18000.0,18500.0,21667.0,17750.0,21000.0,19200.0,18125.0,17000.0,21333.0,16667.0,30000.0,21667.0,16500.0,18333.0,22500.0,17500.0,18667.0,21000.0,18500.0,20000.0,19667.0,27000.0,19000.0,20667.0,20667.0,23500.0,18000.0,21050.0,18333.0,20833.0
2024-08-06,30000.0,17800.0,16000.0,20000.0,21875.0,27000.0,20800.0,16667.0,18000.0,18500.0,19667.0,17250.0,21000.0,19600.0,18088.0,17333.0,21333.0,16000.0,30000.0,21833.0,16500.0,15000.0,22500.0,17500.0,18667.0,21000.0,18500.0,20000.0,19667.0,28000.0,19000.0,21000.0,19333.0,23000.0,18000.0,20550.0,18000.0,20833.0
2024-08-07,29333.0,17800.0,16000.0,20000.0,21875.0,27000.0,20800.0,16333.0,18000.0,18500.0,20000.0,16750.0,21000.0,19600.0,18088.0,17333.0,21333.0,16000.0,30000.0,22167.0,16500.0,15000.0,22500.0,17500.0,18333.0,21000.0,18500.0,19333.0,20000.0,27750.0,19000.0,21000.0,19333.0,23000.0,18000.0,20550.0,18333.0,20833.0
2024-08-08,29333.0,17800.0,16000.0,20000.0,21750.0,27000.0,20800.0,16000.0,18000.0,18500.0,20000.0,16750.0,21000.0,19400.0,18088.0,16667.0,21333.0,16000.0,30000.0,21833.0,16500.0,15000.0,22500.0,17500.0,18333.0,21000.0,18500.0,18333.0,20000.0,26750.0,19000.0,21667.0,19333.0,23000.0,18000.0,20550.0,18667.0,21167.0
2024-08-09,29333.0,17800.0,16000.0,20000.0,21750.0,27000.0,20800.0,16000.0,17000.0,18500.0,20000.0,16750.0,21000.0,19400.0,23088.0,16333.0,21333.0,16000.0,30000.0,21833.0,16500.0,15000.0,22500.0,17500.0,18333.0,21000.0,19000.0,18333.0,20000.0,26250.0,19000.0,21667.0,19333.0,23333.0,18000.0,20550.0,18000.0,20500.0
2024-08-10,29333.0,17600.0,16000.0,20000.0,21500.0,27000.0,20800.0,16000.0,17000.0,18500.0,20000.0,16750.0,21000.0,19400.0,23088.0,16333.0,21333.0,16000.0,30000.0,21833.0,16500.0,15000.0,23500.0,17500.0,18333.0,21000.0,19000.0,18333.0,20000.0,27000.0,19000.0,21667.0,19333.0,23333.0,18000.0,20550.0,18000.0,20500.0
2024-08-11,29333.0,17600.0,16000.0,20000.0,21250.0,27000.0,20800.0,16000.0,17000.0,18500.0,20000.0,16750.0,21000.0,20200.0,23088.0,16333.0,21333.0,16000.0,30000.0,22167.0,15500.0,15000.0,23500.0,17500.0,18667.0,21000.0,19000.0,18333.0,20000.0,27000.0,19000.0,21667.0,19333.0,23333.0,18000.0,20550.0,19333.0,20500.0
2024-08-12,29333.0,17600.0,17500.0,20000.0,22000.0,25333.0,20800.0,16000.0,17000.0,18000.0,20333.0,16750.0,22000.0,19400.0,22088.0,16333.0,21333.0,16000.0,32500.0,22167.0,15500.0,15000.0,23500.0,20000.0,18667.0,21000.0,19000.0,14333.0,20667.0,27000.0,19000.0,21667.0,18667.0,23000.0,18000.0,20550.0,21000.0,20833.0
2024-08-13,29333.0,17600.0,17500.0,20000.0,22375.0,22333.0,21200.0,16000.0,17000.0,18000.0,19000.0,16750.0,22000.0,19600.0,22088.0,16333.0,21333.0,16000.0,30000.0,22167.0,15500.0,15000.0,23500.0,20000.0,19000.0,21000.0,20000.0,14333.0,20667.0,24750.0,18000.0,21667.0,18667.0,22833.0,18000.0,20550.0,19000.0,21167.0
2024-08-14,29333.0,17800.0,17000.0,20000.0,22000.0,22333.0,21200.0,16333.0,17000.0,18000.0,17667.0,16750.0,22000.0,19600.0,22088.0,16333.0,22667.0,16000.0,30000.0,22167.0,15500.0,15000.0,23500.0,20000.0,19000.0,21000.0,20000.0,13667.0,20667.0,24750.0,19000.0,24333.0,18667.0,22833.0,18000.0,20550.0,19000.0,21167.0
2024-08-15,29000.0,18000.0,17000.0,20000.0,22000.0,22333.0,21200.0,16333.0,16667.0,18000.0,18333.0,16750.0,22000.0,19600.0,21338.0,16333.0,22333.0,16000.0,30000.0,22167.0,15500.0,15000.0,22000.0,20000.0,19000.0,21000.0,19000.0,14333.0,20667.0,24750.0,19000.0,20333.0,18667.0,22833.0,17750.0,20550.0,19000.0,21167.0
2024-08-16,28000.0,18000.0,17000.0,20000.0,22000.0,22333.0,21200.0,16333.0,16667.0,18000.0,18333.0,16750.0,22000.0,19600.0,21338.0,16333.0,19333.0,16000.0,30000.0,22167.0,15500.0,15000.0,22000.0,20000.0,19000.0,21000.0,19000.0,14667.0,20667.0,23500.0,19000.0,20333.0,18667.0,22833.0,17750.0,20550.0,20000.0,21167.0
2024-08-17,28000.0,18000.0,16000.0,20000.0,22250.0,22333.0,21200.0,16333.0,16667.0,18000.0,17333.0,16750.0,21333.0,19600.0,21338.0,16333.0,19333.0,16000.0,30000.0,22167.0,15500.0,15000.0,22000.0,20000.0,19000.0,21000.0,19000.0,14667.0,20667.0,23500.0,19000.0,20333.0,18667.0,22833.0,17750.0,20550.0,18000.0,21167.0
2024-08-18,28000.0,18000.0,16000.0,20000.0,22000.0,22333.0,21200.0,16333.0,16667.0,18000.0,17333.0,16750.0,21333.0,20200.0,21338.0,16333.0,19333.0,16000.0,30000.0,22167.0,15500.0,15000.0,22000.0,20000.0,18333.0,21000.0,19000.0,14667.0,20667.0,23500.0,19000.0,20333.0,18667.0,22833.0,17750.0,20550.0,18000.0,21167.0
2024-08-19,28000.0,18000.0,16500.0,20000.0,22000.0,23333.0,21000.0,16333.0,16333.0,18000.0,17000.0,16250.0,20667.0,19800.0,21338.0,16333.0,19333.0,16667.0,30000.0,22167.0,15500.0,15000.0,23000.0,19000.0,18333.0,24500.0,19000.0,15333.0,19000.0,23625.0,19000.0,21000.0,18667.0,22333.0,18000.0,20050.0,20000.0,20667.0
2024-08-20,27000.0,18000.0,16500.0,20000.0,22625.0,23333.0,20600.0,16333.0,16000.0,18000.0,18333.0,16250.0,20667.0,19800.0,19500.0,16333.0,19333.0,16667.0,30000.0,22333.0,15500.0,15000.0,23000.0,19000.0,18667.0,24500.0,18000.0,14667.0,19000.0,23625.0,19000.0,21000.0,18333.0,22333.0,18000.0,20050.0,18333.0,21000.0
2024-08-21,27000.0,18000.0,15500.0,20000.0,22750.0,23333.0,20600.0,16333.0,16000.0,18000.0,18333.0,16250.0,20667.0,19600.0,19250.0,15667.0,19333.0,17667.0,30000.0,22333.0,15500.0,15000.0,23000.0,19000.0,18667.0,24500.0,18000.0,14667.0,19000.0,24875.0,19000.0,20667.0,18333.0,22167.0,18000.0,20050.0,18667.0,21000.0
2024-08-22,27000.0,18200.0,16500.0,20000.0,20750.0,23333.0,20200.0,16333.0,16000.0,18000.0,18333.0,16250.0,20667.0,19600.0,19250.0,12667.0,19333.0,17000.0,30000.0,22333.0,15500.0,15000.0,23000.0,19000.0,18667.0,24500.0,17500.0,14667.0,19000.0,24625.0,19000.0,20667.0,17000.0,22167.0,18000.0,20050.0,19333.0,21000.0
2024-08-23,27000.0,18200.0,19000.0,20000.0,21375.0,23333.0,20000.0,16333.0,16333.0,18000.0,18667.0,16000.0,20667.0,19800.0,19250.0,12000.0,20000.0,17000.0,30000.0,21333.0,15500.0,15000.0,23000.0,19000.0,18667.0,24500.0,17500.0,14667.0,19000.0,24375.0,19000.0,21000.0,16333.0,22167.0,18000.0,20050.0,20000.0,21000.0
2024-08-24,27000.0,18200.0,19000.0,20000.0,21675.0,23333.0,20000.0,16333.0,16667.0,18500.0,18000.0,16000.0,20667.0,19800.0,19250.0,12000.0,20000.0,16000.0,30000.0,21333.0,15500.0,15000.0,24000.0,19000.0,18667.0,24500.0,17500.0,14667.0,21667.0,24375.0,15500.0,20000.0,16333.0,22167.0,18000.0,20050.0,20000.0,21000.0
2024-08-25,27000.0,18200.0,19000.0,20000.0,21875.0,23333.0,20000.0,16333.0,16667.0,18500.0,18000.0,16000.0,20667.0,19800.0,19250.0,12000.0,20000.0,16000.0,30000.0,21333.0,15500.0,15000.0,24000.0,19000.0,19000.0,24500.0,17500.0,14667.0,21667.0,24375.0,15500.0,20667.0,16333.0,22167.0,18000.0,20050.0,20000.0,22833.0
2024-08-26,26667.0,18200.0,17500.0,20000.0,21750.0,23333.0,20200.0,17000.0,16667.0,17750.0,18000.0,16000.0,20333.0,19200.0,19000.0,12000.0,20667.0,16000.0,31000.0,21333.0,15500.0,15000.0,25000.0,20000.0,19000.0,24500.0,19500.0,14667.0,21667.0,24375.0,15500.0,20667.0,18333.0,22167.0,18000.0,20050.0,20333.0,21167.0
2024-08-27,26667.0,18200.0,18000.0,20000.0,21750.0,23333.0,20200.0,17000.0,16667.0,17750.0,18000.0,16000.0,20333.0,18800.0,19000.0,12000.0,20667.0,19000.0,31000.0,22000.0,15500.0,15000.0,25000.0,21000.0,19000.0,24500.0,19500.0,15000.0,21667.0,24375.0,16500.0,19000.0,18333.0,22167.0,18000.0,20050.0,20333.0,21333.0
2024-08-28,19667.0,18400.0,17000.0,20000.0,21750.0,23333.0,20200.0,17000.0,17000.0,17750.0,18000.0,16000.0,20333.0,18600.0,19000.0,12000.0,20667.0,18000.0,31000.0,22000.0,15500.0,15000.0,22000.0,21000.0,19000.0,24500.0,19500.0,15000.0,21667.0,24125.0,16500.0,19667.0,17667.0,22167.0,18000.0,20050.0,20000.0,21333.0
2024-08-29,19667.0,18400.0,17000.0,20000.0,21750.0,23333.0,20200.0,17667.0,17333.0,17750.0,18000.0,17000.0,20333.0,18600.0,19000.0,12667.0,20000.0,18000.0,31000.0,22000.0,15500.0,15000.0,22000.0,21000.0,19000.0,24500.0,19000.0,16000.0,21667.0,24125.0,16500.0,21000.0,17667.0,22167.0,18000.0,20050.0,19333.0,21667.0
2024-08-30,19667.0,18600.0,17000.0,20000.0,21875.0,23333.0,20200.0,17667.0,17333.0,17750.0,18000.0,17000.0,20333.0,18400.0,19025.0,12667.0,20000.0,17667.0,31000.0,22000.0,15500.0,15000.0,21500.0,21000.0,19000.0,24500.0,20000.0,16000.0,20667.0,24375.0,16500.0,21000.0,18333.0,22000.0,19000.0,20050.0,19333.0,21667.0
2024-08-31,19667.0,18600.0,17000.0,20000.0,21875.0,23333.0,20200.0,17667.0,17333.0,17750.0,18000.0,16500.0,20333.0,18400.0,19025.0,12667.0,20000.0,17667.0,31000.0,22000.0,15500.0,15000.0,21500.0,21000.0,19667.0,24500.0,20000.0,16000.0,20667.0,24375.0,16500.0,20000.0,18333.0,22000.0,19000.0,20050.0,20667.0,21667.0
2024-09-01,19667.0,18600.0,17000.0,20000.0,22250.0,23333.0,20200.0,17667.0,17333.0,17750.0,18000.0,16500.0,20333.0,18400.0,19025.0,12667.0,20000.0,17667.0,31000.0,23333.0,15500.0,15000.0,21500.0,21000.0,19000.0,24500.0,20000.0,16000.0,20667.0,23875.0,16500.0,20000.0,18333.0,22000.0,19000.0,20050.0,19333.0,21667.0
2024-09-02,19667.0,19000.0,17000.0,20000.0,22250.0,24000.0,21000.0,18000.0,17333.0,17750.0,18000.0,17000.0,20000.0,20000.0,20275.0,12667.0,20000.0,17667.0,31000.0,23333.0,15500.0,15000.0,26000.0,23000.0,18667.0,24500.0,21000.0,16333.0,21333.0,23250.0,18500.0,20000.0,18333.0,22000.0,19000.0,20050.0,20667.0,23500.0
2024-09-03,19667.0,19600.0,18500.0,20000.0,22375.0,24000.0,21000.0,18000.0,21333.0,18500.0,18000.0,17250.0,20000.0,20000.0,20275.0,12667.0,20667.0,17667.0,21000.0,23333.0,15500.0,15000.0,26000.0,23000.0,18667.0,24500.0,21000.0,16000.0,22333.0,23250.0,21000.0,20000.0,19667.0,22500.0,19000.0,20500.0,19333.0,23500.0
2024-09-04,19667.0,19600.0,18500.0,20000.0,22375.0,24000.0,21800.0,18333.0,22000.0,18500.0,18000.0,17250.0,20000.0,21000.0,20275.0,14333.0,20667.0,18000.0,21000.0,22667.0,15500.0,15000.0,26000.0,23000.0,18667.0,24500.0,21000.0,16000.0,22333.0,24750.0,22000.0,20000.0,20667.0,22500.0,19000.0,20500.0,22333.0,24167.0
2024-09-05,19667.0,19200.0,20000.0,20000.0,23500.0,25000.0,21800.0,21667.0,23333.0,20000.0,18000.0,17250.0,20000.0,20800.0,20275.0,16667.0,20667.0,18000.0,21000.0,22667.0,18000.0,15000.0,26000.0,23000.0,18667.0,24500.0,21000.0,18000.0,21333.0,24750.0,22000.0,21667.0,19667.0,22667.0,19000.0,20500.0,21333.0,23333.0
2024-09-06,19667.0,19600.0,20000.0,20000.0,23625.0,25000.0,21800.0,19666.0,23333.0,20000.0,18000.0,17250.0,20000.0,20800.0,20275.0,16333.0,20667.0,17333.0,21000.0,22833.0,18000.0,15000.0,24000.0,23000.0,18667.0,24500.0,21000.0,18000.0,21333.0,25000.0,22000.0,21667.0,19667.0,22667.0,20000.0,20500.0,20000.0,23333.0
2024-09-07,19667.0,19600.0,20000.0,20000.0,24000.0,25000.0,21800.0,19333.0,23333.0,20000.0,18000.0,17250.0,20000.0,20800.0,20275.0,16333.0,20667.0,17333.0,22000.0,22833.0,18000.0,15000.0,24000.0,23500.0,18667.0,24500.0,21000.0,18000.0,21333.0,25500.0,25000.0,20667.0,19667.0,24000.0,20000.0,20500.0,21667.0,22500.0
2024-09-08,19667.0,19600.0,20000.0,20000.0,24375.0,25000.0,21800.0,19333.0,25667.0,20000.0,18000.0,17250.0,20000.0,20400.0,20275.0,16667.0,20667.0,17333.0,22500.0,23500.0,18000.0,15000.0,24000.0,23500.0,18667.0,24500.0,21000.0,18000.0,21333.0,25500.0,25000.0,20000.0,19667.0,24000.0,20000.0,20500.0,19667.0,24167.0
2024-09-09,19667.0,20000.0,20000.0,20000.0,23750.0,25000.0,22200.0,19667.0,25667.0,22500.0,18000.0,17250.0,20000.0,20000.0,20775.0,17333.0,20667.0,18000.0,22500.0,23500.0,18000.0,23000.0,29000.0,23500.0,18667.0,24500.0,23500.0,18667.0,21333.0,25250.0,25000.0,20667.0,20000.0,24333.0,20000.0,20500.0,22000.0,23333.0
2024-09-10,19667.0,20000.0,20000.0,20000.0,23875.0,26000.0,22200.0,19667.0,25667.0,23000.0,18000.0,17750.0,20000.0,20200.0,20775.0,17333.0,22000.0,18000.0,22500.0,23667.0,18000.0,23000.0,29000.0,23500.0,18833.0,25500.0,24000.0,18667.0,22000.0,25500.0,25000.0,20667.0,20667.0,24333.0,20000.0,20500.0,22000.0,22500.0
2024-09-11,19667.0,20000.0,20000.0,20000.0,24000.0,24333.0,22800.0,19667.0,24000.0,23000.0,18333.0,17750.0,20000.0,20200.0,20025.0,17333.0,22000.0,18000.0,22500.0,24667.0,18000.0,23000.0,29000.0,23500.0,18833.0,25500.0,22500.0,18667.0,22000.0,25500.0,25000.0,20667.0,21000.0,24667.0,20000.0,20500.0,21333.0,22500.0
2024-09-12,19667.0,20000.0,20000.0,20000.0,23750.0,24333.0,22800.0,19667.0,24000.0,22250.0,18333.0,17750.0,20000.0,20200.0,20000.0,17333.0,21333.0,18000.0,22500.0,24333.0,18000.0,23000.0,29000.0,23500.0,18833.0,25500.0,22500.0,18667.0,22000.0,25500.0,23500.0,20000.0,21000.0,24667.0,20000.0,20500.0,21333.0,21667.0
2024-09-13,19667.0,20000.0,20000.0,20000.0,23750.0,25667.0,22800.0,18667.0,24000.0,22250.0,18333.0,17250.0,20000.0,19800.0,20000.0,18000.0,22333.0,18000.0,22500.0,24667.0,18000.0,23000.0,26500.0,23500.0,18833.0,25500.0,22500.0,19333.0,22000.0,26000.0,24000.0,21333.0,20333.0,24667.0,20000.0,20500.0,22667.0,21667.0
2024-09-14,19667.0,20000.0,20000.0,20000.0,24125.0,25667.0,22800.0,18667.0,24000.0,22250.0,18333.0,17000.0,20000.0,19800.0,20000.0,18000.0,23000.0,18000.0,22500.0,24333.0,18000.0,23000.0,26500.0,23500.0,19000.0,25500.0,22500.0,19333.0,22000.0,26000.0,24000.0,20667.0,20333.0,24667.0,20000.0,20500.0,22000.0,22500.0
2024-09-15,19667.0,20400.0,20000.0,20000.0,23875.0,25667.0,22800.0,18667.0,24000.0,22250.0,18333.0,17250.0,20000.0,19800.0,20000.0,19000.0,23000.0,18667.0,22500.0,24333.0,18000.0,23000.0,26500.0,25000.0,18667.0,25500.0,22500.0,19333.0,22000.0,26000.0,24000.0,21333.0,20333.0,24667.0,20000.0,20500.0,20000.0,22500.0
2024-09-16,19667.0,20800.0,20000.0,20000.0,24000.0,25667.0,22800.0,18667.0,24000.0,22250.0,18333.0,17250.0,20000.0,19800.0,20000.0,19000.0,23000.0,18667.0,22500.0,24333.0,18000.0,23000.0,27500.0,25000.0,18333.0,25500.0,22500.0,19333.0,22333.0,26250.0,24000.0,20667.0,20667.0,24667.0,20000.0,20500.0,21333.0,21833.0
2024-09-17,19667.0,21200.0,22000.0,20000.0,23750.0,25667.0,22000.0,17667.0,23333.0,22000.0,18333.0,17250.0,20000.0,20000.0,19750.0,18667.0,22333.0,18667.0,22500.0,25333.0,19000.0,23667.0,27500.0,25000.0,18333.0,26000.0,23500.0,18667.0,21667.0,26250.0,24000.0,19333.0,20667.0,23667.0,20000.0,20500.0,20667.0,21833.0
2024-09-18,19667.0,22000.0,22000.0,20000.0,23750.0,26000.0,22000.0,17667.0,23333.0,22000.0,18000.0,17250.0,20000.0,20000.0,21000.0,18667.0,22333.0,18667.0,22500.0,25333.0,19000.0,23667.0,27500.0,24500.0,18333.0,27000.0,22500.0,18667.0,21333.0,26500.0,24000.0,20000.0,20667.0,24167.0,20000.0,20500.0,23333.0,21833.0
2024-09-19,19667.0,22000.0,22000.0,20000.0,25500.0,26000.0,22000.0,17667.0,23333.0,23750.0,18000.0,17250.0,20000.0,20000.0,20250.0,18667.0,22333.0,18667.0,22500.0,25333.0,19000.0,23667.0,25000.0,24500.0,18333.0,27000.0,22500.0,20000.0,22333.0,25750.0,22000.0,21000.0,20667.0,24333.0,19000.0,20500.0,24333.0,21667.0
2024-09-20,19667.0,22000.0,21000.0,20000.0,25875.0,26000.0,23200.0,17667.0,23333.0,23750.0,18000.0,17250.0,20000.0,20000.0,20250.0,18667.0,22333.0,18667.0,22500.0,25333.0,19000.0,23667.0,25000.0,23000.0,18000.0,26000.0,22500.0,20000.0,22333.0,25750.0,22000.0,21000.0,20667.0,24000.0,19000.0,20500.0,22333.0,21667.0
2024-09-21,19667.0,22000.0,22500.0,20000.0,25625.0,26000.0,23200.0,17667.0,23333.0,23750.0,18000.0,17250.0,20000.0,20000.0,20250.0,18667.0,23000.0,18667.0,25000.0,25333.0,19000.0,23667.0,25000.0,23000.0,18000.0,26000.0,22500.0,20000.0,22333.0,25750.0,22000.0,21667.0,20667.0,24000.0,19000.0,20500.0,23000.0,21667.0
2024-09-22,19667.0,22000.0,22500.0,20000.0,25375.0,26000.0,23200.0,17667.0,23333.0,23750.0,18000.0,17750.0,20000.0,20000.0,20500.0,18667.0,23000.0,18333.0,25000.0,24333.0,19000.0,23667.0,25000.0,23000.0,16667.0,26000.0,22500.0,20000.0,22333.0,26250.0,22000.0,20667.0,20667.0,24000.0,20000.0,20500.0,23000.0,22333.0
2024-09-23,19667.0,21600.0,22500.0,20000.0,25500.0,24333.0,24000.0,18667.0,23333.0,23750.0,19333.0,18250.0,20833.0,20000.0,24000.0,17667.0,23333.0,18333.0,25000.0,24667.0,19000.0,23667.0,25500.0,23500.0,16667.0,26000.0,20000.0,20000.0,22333.0,26875.0,22000.0,20000.0,21000.0,24000.0,21500.0,20500.0,22000.0,21500.0
2024-09-24,19667.0,21200.0,22500.0,20000.0,25625.0,25000.0,24000.0,18667.0,23333.0,20500.0,19333.0,18250.0,20833.0,20400.0,24025.0,17667.0,22667.0,18333.0,25000.0,25000.0,19000.0,23667.0,25500.0,23500.0,16667.0,26000.0,20000.0,20000.0,22667.0,27875.0,24000.0,20000.0,21000.0,24833.0,20500.0,20500.0,23000.0,21500.0
2024-09-25,19667.0,21200.0,22500.0,20000.0,25500.0,26667.0,24000.0,20667.0,20000.0,21000.0,19333.0,18750.0,20833.0,20400.0,24025.0,17667.0,22667.0,18333.0,25000.0,25000.0,19000.0,23333.0,25500.0,23500.0,16667.0,26000.0,20000.0,20000.0,22667.0,27375.0,22000.0,20000.0,21333.0,24833.0,21000.0,20500.0,24000.0,21500.0
2024-09-26,19667.0,20800.0,22500.0,20000.0,25500.0,26667.0,24000.0,20667.0,20667.0,22000.0,19333.0,18750.0,20833.0,21000.0,24025.0,17667.0,22667.0,18333.0,25000.0,25333.0,19000.0,23333.0,25500.0,23500.0,16667.0,26000.0,21500.0,19333.0,22667.0,27375.0,22000.0,22000.0,21000.0,24833.0,22000.0,20500.0,24667.0,21500.0
2024-09-27,19667.0,20800.0,22500.0,20000.0,25125.0,26667.0,24000.0,20667.0,20667.0,22000.0,18000.0,18250.0,20833.0,21000.0,24025.0,17667.0,22667.0,18333.0,25000.0,25333.0,19000.0,23333.0,27000.0,23500.0,16667.0,26000.0,21000.0,19333.0,22667.0,27375.0,23000.0,22333.0,21333.0,25667.0,22000.0,22450.0,22667.0,21500.0
2024-09-28,19667.0,21200.0,22500.0,20000.0,25000.0,26667.0,24000.0,20667.0,21333.0,22000.0,18000.0,18250.0,20833.0,21000.0,24025.0,17667.0,23333.0,18333.0,25000.0,25333.0,19000.0,23333.0,27000.0,23500.0,16667.0,26000.0,21000.0,19333.0,22667.0,26875.0,23000.0,22667.0,21333.0,26000.0,22000.0,22450.0,24000.0,22333.0
2024-09-29,19667.0,21200.0,22500.0,20000.0,25250.0,26667.0,24000.0,20667.0,21333.0,22000.0,18000.0,18250.0,20833.0,21600.0,24025.0,17667.0,24000.0,18333.0,25000.0,25333.0,19000.0,23333.0,27000.0,23500.0,16667.0,26000.0,21000.0,19333.0,22333.0,26875.0,23000.0,22333.0,21333.0,26000.0,22000.0,22450.0,23000.0,22333.0
2024-09-30,19667.0,21600.0,22500.0,22500.0,26250.0,26667.0,24000.0,20667.0,21333.0,22000.0,18000.0,18250.0,20833.0,20400.0,22525.0,17000.0,24000.0,19000.0,25000.0,26333.0,20000.0,23333.0,27000.0,25000.0,16667.0,26500.0,22000.0,19333.0,22333.0,28125.0,24000.0,22667.0,21333.0,26000.0,24500.0,22450.0,23667.0,21500.0
2024-10-01,19667.0,22000.0,22500.0,22500.0,25875.0,26667.0,24000.0,20667.0,21333.0,22000.0,18000.0,18250.0,20833.0,21000.0,23275.0,17000.0,24000.0,19000.0,25000.0,26333.0,20000.0,23333.0,27000.0,25500.0,16667.0,26500.0,21000.0,19333.0,22333.0,29250.0,22000.0,22667.0,21333.0,25833.0,24500.0,23450.0,24000.0,22167.0
2024-10-02,19667.0,22000.0,22500.0,22500.0,25625.0,27333.0,24800.0,20667.0,21333.0,22000.0,18000.0,18500.0,20833.0,21000.0,23275.0,17000.0,24000.0,17500.0,25000.0,26333.0,20000.0,23333.0,27000.0,25500.0,16667.0,26500.0,21000.0,20000.0,22667.0,28000.0,22000.0,22667.0,21333.0,25667.0,24500.0,23450.0,23000.0,22167.0
2024-10-03,19667.0,23000.0,22500.0,22500.0,25875.0,27333.0,24800.0,20667.0,21333.0,23750.0,18000.0,18750.0,20833.0,21000.0,23275.0,17000.0,25667.0,19000.0,25000.0,26333.0,20000.0,23333.0,27000.0,25500.0,16667.0,26000.0,20000.0,20000.0,22667.0,28000.0,22500.0,23333.0,21333.0,25667.0,25000.0,22850.0,24333.0,22167.0
2024-10-04,19667.0,23000.0,22500.0,22500.0,26125.0,27333.0,24800.0,20667.0,21333.0,23750.0,18000.0,19250.0,20833.0,21000.0,19775.0,17000.0,25667.0,20000.0,25000.0,26333.0,20000.0,24000.0,27000.0,25500.0,16667.0,26000.0,21000.0,20000.0,22667.0,29125.0,22500.0,23000.0,22333.0,25667.0,24500.0,22850.0,24333.0,22167.0
2024-10-05,19667.0,23000.0,22500.0,22500.0,26250.0,27333.0,25200.0,20667.0,21333.0,23750.0,18000.0,19250.0,20833.0,21000.0,19775.0,17000.0,25667.0,20000.0,25000.0,26333.0,20000.0,24000.0,27000.0,25500.0,16667.0,26000.0,21000.0,20000.0,22667.0,29125.0,22500.0,23000.0,23667.0,25667.0,24500.0,22850.0,23000.0,22167.0
2024-10-06,19667.0,23000.0,22500.0,22500.0,26000.0,27333.0,25200.0,20667.0,21333.0,23750.0,18000.0,19250.0,20833.0,21400.0,19775.0,17000.0,25667.0,20000.0,25000.0,26333.0,20000.0,24000.0,27000.0,25500.0,17333.0,26000.0,21000.0,20000.0,22667.0,29125.0,22500.0,24000.0,23667.0,25667.0,24500.0,22850.0,24333.0,23000.0
2024-10-07,20667.0,23400.0,23500.0,22500.0,26250.0,27000.0,25200.0,20667.0,21333.0,23750.0,18000.0,19250.0,20833.0,22000.0,19500.0,17000.0,26667.0,19000.0,25000.0,26333.0,20000.0,24000.0,25000.0,28000.0,18667.0,26000.0,22000.0,22000.0,23333.0,27875.0,22500.0,24833.0,23667.0,25833.0,24500.0,22850.0,24000.0,23667.0
2024-10-08,20667.0,23400.0,22500.0,22500.0,26375.0,27000.0,25600.0,20667.0,21333.0,23750.0,18000.0,19500.0,20833.0,22400.0,19500.0,17000.0,26667.0,19000.0,25000.0,26000.0,20000.0,24000.0,25000.0,28000.0,18667.0,26000.0,21000.0,22667.0,23667.0,27875.0,22500.0,24167.0,23667.0,26000.0,23500.0,22850.0,23333.0,23167.0
2024-10-09,20667.0,23200.0,22500.0,22500.0,26250.0,25667.0,25600.0,20667.0,21667.0,24500.0,18000.0,19500.0,20833.0,23000.0,19750.0,17000.0,26667.0,19000.0,25000.0,26000.0,20000.0,24000.0,24500.0,28000.0,20000.0,26500.0,20000.0,22667.0,23667.0,27875.0,23000.0,24333.0,23667.0,26000.0,24500.0,24000.0,22667.0,22667.0
2024-10-10,21000.0,23000.0,22500.0,22500.0,27000.0,25667.0,25600.0,20667.0,21667.0,25000.0,18000.0,19500.0,20833.0,23400.0,19750.0,20000.0,26667.0,19000.0,25000.0,26167.0,20000.0,24000.0,24500.0,27000.0,19000.0,26500.0,20000.0,22000.0,23667.0,27375.0,23000.0,24667.0,23667.0,26000.0,24500.0,24000.0,23333.0,22167.0
2024-10-11,21000.0,23200.0,22500.0,22500.0,27000.0,25667.0,25600.0,20667.0,21667.0,25000.0,18000.0,19500.0,20833.0,23400.0,19750.0,20000.0,26667.0,19000.0,25000.0,26333.0,20000.0,24000.0,24500.0,27000.0,19000.0,26500.0,20000.0,22000.0,23333.0,27375.0,22000.0,24667.0,23667.0,26500.0,24500.0,24000.0,23000.0,22167.0
2024-10-12,21000.0,23200.0,22500.0,22500.0,27125.0,25667.0,25600.0,20667.0,21667.0,25000.0,18000.0,20000.0,20833.0,23400.0,19750.0,20000.0,26667.0,20667.0,25000.0,26333.0,20000.0,24000.0,24500.0,27000.0,19000.0,26500.0,20000.0,22000.0,23333.0,27375.0,22000.0,25333.0,23667.0,26500.0,24500.0,24000.0,22667.0,23000.0
2024-10-13,21000.0,23400.0,22500.0,22500.0,27125.0,25667.0,25600.0,20667.0,21667.0,25000.0,18000.0,20750.0,20833.0,23400.0,19750.0,20000.0,26333.0,20667.0,25000.0,26333.0,20000.0,24000.0,24500.0,27000.0,19000.0,26500.0,20000.0,22000.0,23333.0,26875.0,22000.0,25667.0,23667.0,26500.0,23500.0,24150.0,22333.0,23000.0
2024-10-14,21000.0,23400.0,22000.0,22500.0,30000.0,25667.0,25600.0,20667.0,21667.0,25000.0,18000.0,20500.0,20833.0,23560.0,20250.0,20000.0,26333.0,20000.0,25000.0,26000.0,20000.0,24000.0,24500.0,25500.0,19333.0,27500.0,24000.0,22000.0,23333.0,26875.0,23000.0,24333.0,25000.0,26500.0,22500.0,24050.0,21333.0,23000.0
2024-10-15,21000.0,23400.0,22000.0,22500.0,30000.0,27333.0,25600.0,20667.0,21667.0,25000.0,19000.0,20500.0,20833.0,23400.0,20000.0,20000.0,26333.0,20000.0,26000.0,26000.0,20000.0,24000.0,24500.0,25500.0,17333.0,27500.0,24500.0,22000.0,23333.0,25500.0,23000.0,24333.0,25000.0,26500.0,22500.0,24050.0,22333.0,23000.0
2024-10-16,21000.0,23400.0,22000.0,22500.0,29875.0,27333.0,26000.0,20667.0,21667.0,25000.0,19000.0,20500.0,20833.0,23400.0,20000.0,20000.0,26333.0,21333.0,26000.0,26000.0,20000.0,24000.0,24500.0,27500.0,17333.0,27500.0,24500.0,22000.0,24333.0,26000.0,23000.0,25667.0,25000.0,26500.0,23500.0,24050.0,23333.0,23667.0
2024-10-17,21000.0,23400.0,22000.0,22500.0,30250.0,27333.0,26000.0,22333.0,21667.0,23750.0,19667.0,20000.0,20833.0,23400.0,20000.0,20000.0,26333.0,21333.0,26000.0,26167.0,20000.0,24000.0,24500.0,28500.0,17333.0,27500.0,24500.0,22000.0,24333.0,26000.0,24000.0,25000.0,25000.0,26667.0,24500.0,24050.0,23333.0,23667.0
2024-10-18,21000.0,24200.0,22000.0,22500.0,30250.0,27333.0,26000.0,22333.0,21667.0,23750.0,19667.0,20000.0,20833.0,23400.0,21000.0,20000.0,26333.0,21333.0,26000.0,27000.0,20000.0,24000.0,23000.0,28500.0,17333.0,27500.0,24500.0,22000.0,24333.0,26000.0,24000.0,25000.0,25000.0,26333.0,24500.0,24050.0,24000.0,23667.0
2024-10-19,21000.0,24200.0,22000.0,22500.0,30125.0,27333.0,26000.0,22333.0,21667.0,23750.0,19667.0,20000.0,20833.0,22600.0,21000.0,20000.0,26333.0,21333.0,26000.0,27000.0,20000.0,24667.0,23000.0,28500.0,17333.0,27500.0,24500.0,22000.0,24333.0,26500.0,24000.0,25667.0,25000.0,26333.0,24500.0,24050.0,24667.0,23667.0
2024-10-20,21000.0,24600.0,22000.0,22500.0,30250.0,27333.0,26000.0,22333.0,21667.0,23750.0,19667.0,20750.0,20833.0,22800.0,21000.0,20000.0,26333.0,21333.0,26000.0,27000.0,22500.0,24667.0,23000.0,28500.0,17333.0,27500.0,24500.0,22000.0,24333.0,26500.0,24000.0,26000.0,25000.0,26333.0,24500.0,24050.0,25333.0,25333.0
2024-10-21,21333.0,25000.0,21000.0,22500.0,30250.0,27333.0,26200.0,23667.0,21667.0,23750.0,19667.0,20750.0,22833.0,22400.0,23762.0,20000.0,26333.0,22667.0,26000.0,27333.0,23500.0,24667.0,25000.0,28000.0,17333.0,27500.0,24500.0,22333.0,26000.0,27125.0,24000.0,25333.0,25333.0,26333.0,24500.0,24550.0,27000.0,25333.0
2024-10-22,21333.0,25000.0,21000.0,22500.0,30375.0,27333.0,26200.0,23667.0,21667.0,25000.0,19667.0,20750.0,22833.0,22400.0,23512.0,20000.0,26333.0,22667.0,26000.0,27333.0,23500.0,24667.0,25000.0,28000.0,17667.0,27500.0,24500.0,22333.0,26000.0,26625.0,25500.0,25667.0,25333.0,26667.0,24500.0,24450.0,26333.0,24500.0
2024-10-23,21333.0,25200.0,21000.0,22500.0,30250.0,27333.0,26600.0,23667.0,22333.0,25000.0,19667.0,20750.0,22833.0,22000.0,23512.0,20667.0,27000.0,22667.0,26000.0,27333.0,23500.0,24667.0,25000.0,28000.0,18667.0,27500.0,24500.0,22333.0,26667.0,26625.0,25500.0,26000.0,25333.0,27000.0,24500.0,24050.0,27000.0,23667.0
2024-10-24,21333.0,26000.0,22000.0,22500.0,30750.0,28333.0,26600.0,23667.0,22333.0,25250.0,20333.0,20750.0,22833.0,22000.0,23512.0,25000.0,27000.0,22000.0,23500.0,27333.0,23500.0,24667.0,25000.0,28000.0,18667.0,28000.0,24500.0,22333.0,26667.0,26625.0,25500.0,25333.0,25333.0,27667.0,25500.0,24050.0,26000.0,23833.0
2024-10-25,21333.0,26000.0,22000.0,22500.0,30875.0,28333.0,27200.0,23667.0,22333.0,25250.0,20667.0,21000.0,23333.0,22000.0,23512.0,25000.0,27000.0,22000.0,23500.0,27667.0,23500.0,24667.0,27000.0,28000.0,20000.0,28000.0,22000.0,22667.0,26667.0,27375.0,25500.0,26667.0,25333.0,28000.0,25500.0,24050.0,26000.0,24000.0
2024-10-26,21333.0,26000.0,22000.0,22500.0,30875.0,28333.0,27600.0,23667.0,22333.0,25250.0,20667.0,21000.0,23333.0,22200.0,23512.0,24667.0,27000.0,22000.0,23500.0,27667.0,23500.0,24667.0,27000.0,28000.0,20000.0,28000.0,22000.0,23333.0,26667.0,27375.0,25500.0,28667.0,25333.0,28000.0,25500.0,24050.0,26667.0,24000.0
2024-10-27,21333.0,26000.0,22000.0,22500.0,30750.0,28333.0,27600.0,23667.0,22667.0,25250.0,20667.0,21000.0,23333.0,22200.0,23512.0,24667.0,27000.0,21667.0,23500.0,27667.0,23500.0,24667.0,27000.0,28000.0,21667.0,28000.0,22000.0,23333.0,26667.0,27375.0,25500.0,28667.0,25333.0,28000.0,25500.0,24050.0,27333.0,24000.0
2024-10-28,21333.0,26000.0,23500.0,22500.0,31000.0,31000.0,28600.0,25667.0,22667.0,24000.0,23333.0,21500.0,23333.0,21600.0,25012.0,24667.0,27000.0,23000.0,25000.0,28000.0,24000.0,24667.0,28000.0,30000.0,21667.0,28000.0,22000.0,24000.0,27333.0,27125.0,29000.0,29333.0,26667.0,28500.0,26000.0,26250.0,27333.0,25000.0
2024-10-29,21333.0,27000.0,25000.0,22500.0,30875.0,31000.0,28400.0,25667.0,22667.0,29000.0,23333.0,21500.0,23333.0,21600.0,26012.0,24667.0,27000.0,21667.0,25000.0,28000.0,24000.0,24667.0,28000.0,30000.0,21667.0,28000.0,21000.0,23333.0,28333.0,27125.0,29000.0,31667.0,26667.0,28500.0,26000.0,26350.0,27333.0,26167.0
2024-10-30,21333.0,27400.0,25000.0,22500.0,31000.0,31000.0,28400.0,25667.0,23333.0,29000.0,23333.0,23000.0,23333.0,22100.0,26012.0,25333.0,28333.0,21667.0,25000.0,28000.0,24000.0,24667.0,28000.0,30000.0,25000.0,28000.0,21000.0,23333.0,28333.0,27500.0,29000.0,32000.0,26667.0,30000.0,26000.0,26350.0,26333.0,26333.0
2024-10-31,21333.0,27600.0,25000.0,22500.0,30750.0,31667.0,28800.0,25667.0,22333.0,29000.0,23333.0,24075.0,23333.0,24000.0,26000.0,27333.0,29333.0,26000.0,25000.0,27333.0,24000.0,24667.0,28000.0,30000.0,24667.0,28000.0,21000.0,23333.0,28333.0,28750.0,28000.0,32000.0,26667.0,30000.0,27000.0,26350.0,28333.0,27167.0
2024-11-01,21333.0,27200.0,26000.0,22500.0,30875.0,31667.0,28800.0,27000.0,22333.0,29000.0,23333.0,25500.0,23333.0,25200.0,26000.0,27333.0,33333.0,26000.0,27500.0,28667.0,24000.0,24667.0,28000.0,30000.0,24667.0,28000.0,21000.0,24000.0,28333.0,28750.0,30000.0,32000.0,26667.0,30833.0,27000.0,26350.0,28000.0,27167.0
2024-11-02,21333.0,28000.0,26000.0,22500.0,31000.0,31667.0,29200.0,27000.0,23000.0,29000.0,26667.0,25500.0,23333.0,26000.0,26000.0,28667.0,34000.0,26000.0,27500.0,28667.0,24000.0,24667.0,28000.0,30000.0,24667.0,28000.0,23000.0,24000.0,29000.0,28750.0,30000.0,32667.0,26667.0,30833.0,27000.0,26350.0,28667.0,27333.0
2024-11-03,21333.0,30000.0,31000.0,22500.0,30750.0,31667.0,29200.0,27000.0,23333.0,30250.0,26667.0,25500.0,23333.0,25600.0,26000.0,28667.0,34000.0,27333.0,27500.0,28667.0,24000.0,24667.0,28000.0,30000.0,24667.0,28000.0,25000.0,24000.0,29000.0,28250.0,29000.0,34333.0,26667.0,30833.0,27000.0,26350.0,28667.0,27500.0
2024-11-04,21333.0,30000.0,30000.0,35000.0,31000.0,32667.0,29000.0,27000.0,28667.0,29750.0,26667.0,26000.0,28333.0,26600.0,26000.0,28667.0,35333.0,27333.0,27500.0,32667.0,24000.0,24667.0,35000.0,30000.0,23667.0,29000.0,27000.0,26667.0,30667.0,28750.0,29000.0,35667.0,31333.0,31000.0,29000.0,26350.0,30667.0,27500.0
2024-11-05,21333.0,30000.0,30000.0,35000.0,31000.0,32667.0,29400.0,30000.0,28667.0,29750.0,26667.0,26500.0,28333.0,27000.0,26000.0,28667.0,35333.0,28667.0,27500.0,35000.0,24000.0,24667.0,35000.0,29000.0,23667.0,29000.0,27000.0,26667.0,30667.0,28750.0,29000.0,36000.0,31333.0,30833.0,29000.0,27450.0,30667.0,29167.0
2024-11-06,21333.0,30000.0,33500.0,35000.0,30875.0,32667.0,30400.0,30000.0,28667.0,29750.0,26667.0,27750.0,28333.0,27600.0,26000.0,29333.0,35333.0,30000.0,27500.0,35000.0,24000.0,24667.0,35000.0,31500.0,23667.0,29000.0,27000.0,26667.0,31333.0,31000.0,28000.0,36000.0,32000.0,31167.0,31500.0,27450.0,30667.0,29500.0
2024-11-07,21333.0,32400.0,33500.0,35000.0,31000.0,34333.0,31600.0,30000.0,28667.0,31500.0,26667.0,31500.0,28333.0,27600.0,27500.0,29333.0,35333.0,30000.0,27500.0,35000.0,24000.0,24667.0,35000.0,31500.0,26000.0,34500.0,28000.0,27000.0,31333.0,31000.0,28000.0,37000.0,31667.0,31167.0,31000.0,27450.0,33667.0,30167.0
2024-11-08,21333.0,32400.0,32500.0,35000.0,31125.0,35333.0,33600.0,30667.0,29333.0,31500.0,26667.0,32250.0,28333.0,27600.0,27500.0,29333.0,35333.0,29333.0,30000.0,35333.0,24000.0,24667.0,35000.0,31500.0,26000.0,34500.0,28000.0,27333.0,32000.0,31250.0,31500.0,37000.0,33333.0,31167.0,31500.0,27450.0,33667.0,31500.0
2024-11-09,21333.0,33000.0,32500.0,35000.0,31125.0,35333.0,33600.0,30667.0,29333.0,31500.0,29667.0,33000.0,28333.0,27600.0,27500.0,29333.0,35333.0,29333.0,30000.0,35333.0,24000.0,24667.0,35000.0,31500.0,27333.0,34500.0,28000.0,27333.0,32000.0,31000.0,35500.0,37000.0,33333.0,31167.0,31500.0,27450.0,34000.0,31500.0
2024-11-10,21333.0,33000.0,32500.0,35000.0,31000.0,35333.0,33600.0,30667.0,29333.0,29750.0,29667.0,33750.0,28333.0,27600.0,27500.0,29333.0,35333.0,29333.0,30000.0,35333.0,32000.0,24667.0,35000.0,32500.0,30667.0,34500.0,28000.0,27333.0,32000.0,31000.0,35500.0,36333.0,33333.0,31167.0,31000.0,27450.0,32333.0,31833.0
2024-11-11,21333.0,32400.0,34000.0,35000.0,31250.0,36667.0,35200.0,31000.0,29333.0,31250.0,30000.0,34500.0,31667.0,29000.0,30000.0,29333.0,36000.0,30333.0,32500.0,36000.0,32000.0,24667.0,37500.0,36500.0,31333.0,35500.0,28000.0,29333.0,32000.0,31250.0,35500.0,36667.0,35667.0,31167.0,32000.0,30250.0,33333.0,31833.0
2024-11-12,21667.0,33400.0,33500.0,35000.0,31250.0,38333.0,35600.0,31667.0,30333.0,32250.0,30000.0,34750.0,31667.0,29800.0,29775.0,29333.0,36000.0,30333.0,32500.0,36333.0,32000.0,24667.0,37500.0,36500.0,31333.0,36000.0,28500.0,29333.0,32000.0,32500.0,36500.0,36000.0,37333.0,34167.0,32500.0,32750.0,33333.0,31833.0
2024-11-13,22000.0,35400.0,34500.0,35000.0,31125.0,38333.0,36400.0,31667.0,30333.0,32250.0,30000.0,35750.0,31667.0,32400.0,29775.0,29333.0,36000.0,30333.0,32500.0,36500.0,32000.0,24667.0,37500.0,36500.0,32000.0,36000.0,28500.0,29333.0,32667.0,32750.0,36500.0,36000.0,37333.0,34167.0,33000.0,32750.0,33333.0,31833.0
2024-11-14,22667.0,35400.0,34500.0,35000.0,32250.0,38667.0,36400.0,32000.0,31333.0,32500.0,30000.0,35000.0,31667.0,34000.0,29775.0,29333.0,36000.0,30333.0,32500.0,36500.0,32000.0,24667.0,37500.0,36500.0,32000.0,36000.0,28500.0,29333.0,34333.0,32500.0,36500.0,36000.0,37333.0,34500.0,33000.0,34750.0,34333.0,31833.0
2024-11-15,22667.0,35400.0,35000.0,35000.0,32375.0,38667.0,36400.0,32000.0,31333.0,32500.0,30000.0,34750.0,31667.0,34000.0,29775.0,29333.0,36000.0,30333.0,32500.0,36500.0,32000.0,24667.0,37500.0,37500.0,34333.0,36000.0,28500.0,30667.0,34333.0,32000.0,38000.0,36333.0,37333.0,35167.0,33000.0,35150.0,34000.0,31833.0
2024-11-16,22667.0,35800.0,35000.0,35000.0,32750.0,38667.0,36400.0,32000.0,33333.0,33750.0,30000.0,35000.0,31667.0,34000.0,29775.0,29333.0,36000.0,31000.0,32500.0,36000.0,33500.0,24667.0,37500.0,37500.0,34333.0,36000.0,28500.0,30667.0,38333.0,32000.0,38000.0,36333.0,37333.0,35167.0,33000.0,35150.0,33667.0,31833.0
2024-11-17,23000.0,35800.0,35000.0,35000.0,32875.0,38667.0,36400.0,33667.0,33333.0,34500.0,30000.0,34500.0,31667.0,34000.0,29775.0,29333.0,36000.0,31000.0,32500.0,36000.0,33500.0,24667.0,37500.0,37500.0,34000.0,36000.0,28500.0,30667.0,38333.0,32000.0,38000.0,36667.0,37333.0,35167.0,33000.0,35150.0,34667.0,31833.0
2024-11-18,23000.0,35800.0,35000.0,35000.0,33750.0,38667.0,36400.0,33667.0,33333.0,35000.0,29667.0,34500.0,34667.0,32800.0,29775.0,29333.0,36000.0,33333.0,32500.0,36667.0,33500.0,24667.0,41500.0,38500.0,34000.0,37000.0,30000.0,32333.0,38333.0,31250.0,38000.0,36667.0,38000.0,37167.0,34000.0,35650.0,35000.0,32167.0
2024-11-19,23000.0,36000.0,35500.0,35000.0,34125.0,38667.0,36400.0,33667.0,34333.0,37000.0,29667.0,34000.0,34667.0,33200.0,29775.0,31000.0,36000.0,33333.0,40000.0,37000.0,33500.0,24667.0,41500.0,38500.0,34000.0,37000.0,31000.0,32333.0,38333.0,36125.0,40000.0,36667.0,38000.0,37333.0,34000.0,35650.0,37000.0,32167.0
2024-11-20,23000.0,36600.0,35500.0,35000.0,34500.0,39333.0,37000.0,33667.0,35667.0,37500.0,30000.0,34750.0,34667.0,33800.0,29775.0,31667.0,36000.0,32667.0,40000.0,39000.0,36500.0,24667.0,41500.0,38500.0,34000.0,37000.0,32000.0,32667.0,38333.0,36125.0,40000.0,36667.0,38000.0,37333.0,34000.0,35650.0,38333.0,32167.0
2024-11-21,23000.0,36600.0,38000.0,35000.0,35250.0,38667.0,37000.0,33667.0,36000.0,37750.0,30000.0,34750.0,34667.0,34200.0,29775.0,32667.0,38667.0,32667.0,40000.0,39333.0,36500.0,24667.0,41500.0,38500.0,34000.0,38000.0,34250.0,32667.0,38333.0,35875.0,39000.0,37333.0,38000.0,37333.0,34000.0,35950.0,39000.0,32167.0
2024-11-22,23000.0,36600.0,37500.0,35000.0,35375.0,38667.0,37400.0,33667.0,36000.0,38000.0,30000.0,34750.0,34667.0,36400.0,29775.0,33667.0,40000.0,32667.0,40000.0,39667.0,36500.0,24667.0,42500.0,38500.0,34667.0,38000.0,34250.0,34333.0,38336.0,35375.0,39000.0,36333.0,38000.0,37333.0,34000.0,35950.0,39667.0,32500.0
2024-11-23,23000.0,37200.0,37500.0,35000.0,35625.0,38667.0,37400.0,33667.0,35333.0,38000.0,30000.0,34250.0,34667.0,36400.0,29775.0,33667.0,40000.0,32000.0,40000.0,39333.0,36500.0,24667.0,42500.0,38500.0,34667.0,38000.0,34250.0,34333.0,38333.0,35625.0,39000.0,36667.0,38000.0,37333.0,33500.0,35950.0,38667.0,32500.0
2024-11-24,23000.0,37200.0,37500.0,35000.0,35500.0,38667.0,37400.0,33667.0,35333.0,38000.0,30000.0,34250.0,34667.0,37000.0,29775.0,33667.0,40000.0,32000.0,40000.0,39667.0,36500.0,24667.0,42500.0,38500.0,34667.0,38000.0,34250.0,34333.0,38333.0,35375.0,39000.0,38667.0,38000.0,37333.0,33000.0,35950.0,38000.0,32833.0
2024-11-25,23000.0,37200.0,37500.0,36500.0,39250.0,38667.0,37600.0,33667.0,34000.0,38500.0,30000.0,34500.0,35333.0,37000.0,27775.0,33667.0,40000.0,32000.0,40000.0,39000.0,36500.0,24667.0,45000.0,38500.0,34667.0,39000.0,34500.0,34667.0,38333.0,34375.0,39000.0,38667.0,38000.0,37833.0,35000.0,35950.0,40000.0,36000.0
2024-11-26,23000.0,37200.0,37500.0,36500.0,39375.0,37667.0,37600.0,33000.0,34667.0,38500.0,30000.0,35500.0,35333.0,36200.0,29525.0,33667.0,40000.0,32000.0,40000.0,39000.0,36500.0,24667.0,45000.0,38000.0,34667.0,39000.0,34500.0,34667.0,38333.0,34375.0,38000.0,38667.0,38000.0,37833.0,35000.0,36100.0,40667.0,36000.0
2024-11-27,23000.0,37200.0,37500.0,36500.0,38875.0,37667.0,37600.0,33000.0,34667.0,38500.0,30000.0,35500.0,35333.0,36200.0,29525.0,33667.0,40000.0,32000.0,40000.0,38667.0,36500.0,24667.0,45000.0,38000.0,34667.0,39000.0,34500.0,34667.0,38333.0,34125.0,38000.0,38667.0,38000.0,37833.0,34000.0,36100.0,41667.0,36000.0
2024-11-28,23000.0,37200.0,37000.0,36500.0,39750.0,37667.0,37400.0,33000.0,34667.0,38750.0,30333.0,35500.0,35333.0,36200.0,29500.0,33667.0,40000.0,32000.0,40000.0,38667.0,36500.0,24667.0,45000.0,38000.0,34333.0,39000.0,36000.0,35000.0,38333.0,35125.0,38000.0,38000.0,38000.0,37833.0,35000.0,36100.0,41000.0,35667.0
2024-11-29,23000.0,37600.0,37000.0,36500.0,40000.0,37667.0,37400.0,33000.0,34667.0,38750.0,30333.0,35500.0,35333.0,35800.0,29500.0,32000.0,40000.0,31333.0,40000.0,39000.0,36500.0,24667.0,45000.0,38000.0,35667.0,39000.0,36000.0,38667.0,38333.0,35125.0,38000.0,38000.0,38000.0,37833.0,34000.0,36100.0,40000.0,33833.0
2024-11-30,23000.0,38000.0,37000.0,36500.0,39875.0,37667.0,37400.0,33000.0,34667.0,38750.0,30333.0,35500.0,35333.0,35800.0,29500.0,32000.0,40000.0,31667.0,40000.0,39000.0,39000.0,24667.0,45000.0,38000.0,35667.0,39000.0,37000.0,38667.0,38333.0,35375.0,39500.0,38667.0,38000.0,37833.0,35000.0,36100.0,40000.0,33833.0
2024-12-01,23000.0,38000.0,37000.0,36500.0,40125.0,37667.0,37400.0,33000.0,34667.0,38750.0,31667.0,35500.0,35333.0,35800.0,29500.0,32000.0,40000.0,31667.0,40000.0,39000.0,39000.0,24667.0,45000.0,38000.0,35667.0,39000.0,37000.0,38667.0,38360.0,35375.0,39500.0,38667.0,38000.0,37833.0,34000.0,36100.0,40333.0,33833.0
2024-12-02,23000.0,37400.0,33500.0,36500.0,39750.0,37667.0,38200.0,33000.0,35000.0,38750.0,31667.0,36000.0,38000.0,35400.0,28500.0,32000.0,40000.0,31667.0,40000.0,38667.0,39000.0,24667.0,42000.0,38000.0,36000.0,39000.0,37000.0,38000.0,39667.0,36000.0,39500.0,39000.0,37667.0,37833.0,35000.0,36600.0,40000.0,33667.0
2024-12-03,23000.0,37400.0,33500.0,36500.0,39750.0,37667.0,38200.0,33000.0,35000.0,38750.0,33667.0,36750.0,38000.0,35000.0,28500.0,32000.0,40000.0,32333.0,40000.0,38667.0,39000.0,24667.0,42000.0,37000.0,36000.0,39000.0,37000.0,38000.0,39667.0,37250.0,35500.0,40000.0,37667.0,37833.0,35500.0,36600.0,38333.0,33667.0
2024-12-04,23000.0,37400.0,32500.0,36500.0,39875.0,37667.0,37800.0,33000.0,35000.0,38750.0,33667.0,38000.0,38000.0,35000.0,28250.0,32000.0,40000.0,32333.0,40000.0,39000.0,39000.0,24667.0,42000.0,37000.0,36000.0,39000.0,36500.0,38000.0,39667.0,38750.0,35500.0,40000.0,37667.0,37833.0,35500.0,36600.0,38667.0,33500.0
2024-12-05,23000.0,38400.0,32500.0,36500.0,40250.0,37667.0,37800.0,33000.0,35000.0,32500.0,31833.0,38750.0,38000.0,34600.0,28250.0,32000.0,40000.0,31333.0,40000.0,39000.0,39000.0,24667.0,42000.0,37000.0,36000.0,39000.0,36500.0,37333.0,39669.0,38750.0,36000.0,39333.0,37667.0,37167.0,35500.0,36600.0,39333.0,33833.0
2024-12-06,23000.0,38000.0,32500.0,36500.0,40375.0,37667.0,38200.0,33000.0,35000.0,32500.0,35333.0,38750.0,38000.0,34600.0,28250.0,32000.0,40000.0,34000.0,40000.0,39000.0,39000.0,24667.0,42000.0,38000.0,34667.0,39000.0,36500.0,37333.0,39667.0,39250.0,35500.0,38667.0,36667.0,37500.0,34000.0,36600.0,38000.0,33833.0
2024-12-07,23000.0,38000.0,32500.0,36500.0,40250.0,37667.0,38200.0,33000.0,35000.0,32500.0,35333.0,38750.0,38000.0,34600.0,28250.0,32000.0,40000.0,34000.0,40000.0,39000.0,39000.0,24667.0,42000.0,38000.0,34667.0,39000.0,36500.0,37333.0,39667.0,40000.0,35500.0,38667.0,36667.0,37500.0,34500.0,36850.0,38333.0,33833.0
2024-12-08,23000.0,38000.0,32500.0,36500.0,40125.0,37667.0,38200.0,34667.0,35000.0,32500.0,35667.0,38500.0,38000.0,34600.0,28250.0,32000.0,40000.0,32667.0,40000.0,38667.0,39000.0,24667.0,42000.0,37500.0,34667.0,39000.0,36500.0,37333.0,39667.0,40000.0,35500.0,39333.0,36667.0,37500.0,34500.0,36850.0,38333.0,33833.0
2024-12-09,23000.0,38400.0,36500.0,36500.0,40250.0,36333.0,38000.0,33000.0,35667.0,34750.0,35667.0,36250.0,38667.0,34400.0,28000.0,32000.0,40000.0,34667.0,40000.0,38667.0,39000.0,24667.0,43500.0,37000.0,34333.0,40000.0,36500.0,36667.0,40667.0,39500.0,35500.0,38667.0,38000.0,37500.0,34000.0,37700.0,38667.0,33500.0
2024-12-10,23000.0,38400.0,36500.0,36500.0,40375.0,38000.0,38000.0,32000.0,35667.0,34750.0,35333.0,37125.0,38667.0,34400.0,28000.0,32000.0,40000.0,36000.0,40000.0,40333.0,39000.0,24667.0,43500.0,37000.0,34333.0,40000.0,36500.0,36667.0,40667.0,39750.0,36000.0,39333.0,38000.0,36667.0,34000.0,38150.0,38667.0,33500.0
2024-12-11,23000.0,38400.0,36500.0,36500.0,40375.0,38000.0,38400.0,32000.0,32667.0,34750.0,35333.0,37125.0,38667.0,34400.0,28000.0,32000.0,40000.0,36000.0,40000.0,40333.0,39000.0,24667.0,43500.0,37000.0,34333.0,40000.0,36500.0,37667.0,40667.0,39750.0,35000.0,39000.0,38000.0,36167.0,35000.0,38350.0,37333.0,33500.0
2024-12-12,23000.0,38400.0,36500.0,36500.0,40000.0,38000.0,38400.0,32000.0,32000.0,34000.0,35333.0,37125.0,38667.0,34400.0,28000.0,32000.0,40000.0,36667.0,40000.0,40667.0,39000.0,24667.0,43500.0,37000.0,34333.0,40000.0,36500.0,38000.0,40667.0,39750.0,36000.0,39667.0,38000.0,35833.0,35000.0,38350.0,37667.0,34000.0
2024-12-13,23000.0,38400.0,37500.0,36500.0,40000.0,38000.0,38400.0,32000.0,32000.0,34000.0,35000.0,37375.0,38667.0,35800.0,28000.0,32000.0,40000.0,36333.0,40000.0,40000.0,39000.0,24667.0,44000.0,37000.0,34333.0,40000.0,36500.0,38000.0,40000.0,39750.0,35500.0,39000.0,38000.0,35833.0,35000.0,38350.0,36333.0,34000.0
2024-12-14,23000.0,38400.0,37500.0,36500.0,39875.0,38000.0,38400.0,30000.0,32000.0,34000.0,37667.0,37375.0,38667.0,35800.0,28000.0,32000.0,40667.0,36333.0,40000.0,40667.0,39000.0,24667.0,44000.0,37000.0,34333.0,40000.0,36500.0,38000.0,40000.0,39750.0,35500.0,39000.0,38000.0,35833.0,35000.0,38350.0,36000.0,34833.0
2024-12-15,23000.0,38400.0,37500.0,36500.0,39875.0,38000.0,38400.0,30000.0,32000.0,34000.0,37667.0,36875.0,38667.0,35400.0,28000.0,32000.0,40667.0,36333.0,40000.0,40667.0,39000.0,24667.0,44000.0,37000.0,34333.0,40000.0,36500.0,38000.0,40000.0,39750.0,35500.0,38667.0,38000.0,35833.0,35000.0,38350.0,36667.0,35167.0
2024-12-16,23000.0,38400.0,37500.0,36500.0,39500.0,39333.0,38400.0,30000.0,32000.0,34000.0,37667.0,36875.0,38000.0,35600.0,28000.0,32000.0,40667.0,36333.0,40000.0,40000.0,39000.0,24667.0,45000.0,35500.0,34333.0,40000.0,36500.0,38000.0,40000.0,39750.0,35500.0,39333.0,37000.0,35000.0,35500.0,38350.0,36667.0,35167.0
2024-12-17,23000.0,38800.0,37500.0,36500.0,39625.0,39333.0,38800.0,29333.0,32000.0,34000.0,37333.0,37000.0,38000.0,35600.0,24250.0,32000.0,40667.0,36333.0,40000.0,39000.0,39000.0,24667.0,45000.0,35500.0,34333.0,40000.0,36500.0,38667.0,40000.0,39000.0,37000.0,38000.0,37000.0,35000.0,35500.0,38600.0,35000.0,35167.0
2024-12-18,23667.0,38800.0,37500.0,36500.0,39750.0,39333.0,39000.0,30000.0,32000.0,34000.0,37333.0,36150.0,38000.0,35400.0,24238.0,32000.0,40667.0,36000.0,40000.0,39000.0,39000.0,24667.0,45000.0,35500.0,35333.0,40000.0,33000.0,38667.0,40667.0,40500.0,36500.0,38000.0,37000.0,35000.0,35500.0,38600.0,39000.0,33833.0
2024-12-19,24667.0,38800.0,37500.0,36500.0,41875.0,39333.0,39600.0,30000.0,32000.0,35000.0,37333.0,36250.0,38000.0,35400.0,24238.0,27667.0,40667.0,36000.0,40000.0,37667.0,39000.0,24667.0,45000.0,35500.0,35333.0,40000.0,31000.0,38667.0,40667.0,40500.0,36000.0,36667.0,37333.0,35000.0,34000.0,38600.0,39333.0,33000.0
2024-12-20,24667.0,38800.0,37500.0,36500.0,41875.0,40000.0,39600.0,30667.0,34667.0,35000.0,36667.0,36250.0,38000.0,36600.0,24238.0,27667.0,40667.0,35667.0,40000.0,37000.0,36500.0,24667.0,42500.0,35500.0,35333.0,40000.0,31500.0,35000.0,40667.0,40500.0,36000.0,38333.0,37333.0,35000.0,35500.0,38600.0,35667.0,33833.0
2024-12-21,24667.0,38800.0,37500.0,36500.0,41875.0,40000.0,39600.0,30667.0,34667.0,35000.0,36667.0,35750.0,38000.0,36600.0,24238.0,27667.0,40000.0,35000.0,45000.0,37333.0,36500.0,24667.0,42500.0,35500.0,35000.0,40000.0,31500.0,35000.0,40667.0,40000.0,37500.0,37667.0,37333.0,35000.0,35000.0,38600.0,44333.0,34667.0
2024-12-22,24667.0,38800.0,37500.0,36500.0,41625.0,40000.0,39600.0,30667.0,34667.0,35000.0,36667.0,35750.0,38000.0,36800.0,24238.0,27667.0,40000.0,34333.0,45000.0,38000.0,36500.0,24667.0,42500.0,35500.0,35000.0,40000.0,37000.0,35000.0,40667.0,39500.0,38000.0,37667.0,37333.0,35000.0,34000.0,38600.0,43333.0,34667.0
2024-12-23,24667.0,38800.0,38500.0,36500.0,40750.0,39333.0,39600.0,29000.0,34667.0,36000.0,37333.0,36000.0,38000.0,36800.0,24238.0,27667.0,40000.0,36333.0,45000.0,38333.0,36500.0,24667.0,42500.0,35500.0,36000.0,41000.0,30500.0,35000.0,40667.0,39500.0,36500.0,38333.0,37000.0,36000.0,35500.0,38600.0,43333.0,33500.0
2024-12-24,24667.0,38800.0,38500.0,36500.0,41000.0,39333.0,39600.0,28333.0,34667.0,36000.0,37333.0,36500.0,38000.0,37000.0,23488.0,27667.0,40000.0,36333.0,45000.0,37667.0,36500.0,24667.0,42500.0,35500.0,36000.0,41000.0,32000.0,34333.0,40667.0,40000.0,36500.0,36000.0,36333.0,37667.0,35000.0,38600.0,38667.0,33500.0
2024-12-25,24667.0,39200.0,38500.0,36500.0,41000.0,39333.0,39600.0,28333.0,34667.0,36000.0,37333.0,37000.0,38000.0,37000.0,23488.0,27667.0,40000.0,34667.0,45000.0,37667.0,36500.0,24667.0,42500.0,35500.0,36000.0,41000.0,30500.0,34333.0,40667.0,40250.0,36500.0,36333.0,36667.0,37667.0,35500.0,38600.0,39667.0,33333.0
2024-12-26,24667.0,39200.0,38500.0,36500.0,41125.0,39333.0,39600.0,28333.0,34667.0,36000.0,37333.0,37000.0,38000.0,37000.0,23488.0,25667.0,40000.0,34667.0,45000.0,37667.0,37500.0,24667.0,45000.0,33000.0,36000.0,41000.0,32000.0,34333.0,40667.0,40250.0,37000.0,36333.0,36667.0,37667.0,35000.0,38500.0,39333.0,34167.0
2024-12-27,24667.0,39200.0,37500.0,36500.0,41375.0,38333.0,39600.0,28333.0,34667.0,35500.0,37333.0,37000.0,37333.0,37000.0,23488.0,23667.0,40000.0,34667.0,45000.0,37667.0,37500.0,24667.0,45000.0,33000.0,36000.0,41000.0,35500.0,33333.0,40667.0,39500.0,37000.0,36667.0,37000.0,37667.0,35000.0,38300.0,41000.0,33667.0
2024-12-28,24667.0,39400.0,37500.0,36500.0,41250.0,38333.0,39600.0,28333.0,34667.0,37000.0,37333.0,37000.0,37333.0,37200.0,23488.0,23667.0,40000.0,34667.0,45000.0,37000.0,37500.0,24667.0,44000.0,33000.0,35333.0,41000.0,35500.0,34000.0,40667.0,39500.0,37000.0,36000.0,37000.0,37667.0,35000.0,38300.0,39333.0,33667.0
2024-12-29,24667.0,39600.0,37500.0,36500.0,41250.0,38333.0,39600.0,28333.0,34000.0,36250.0,37333.0,37000.0,37333.0,37000.0,23488.0,23667.0,40000.0,34667.0,45000.0,36333.0,37500.0,24667.0,44000.0,37000.0,35333.0,41000.0,37000.0,34000.0,41333.0,39500.0,36000.0,35333.0,37333.0,38000.0,35000.0,38300.0,38667.0,33667.0
2024-12-30,24667.0,39400.0,37500.0,36500.0,41500.0,38333.0,39600.0,28333.0,33000.0,36250.0,37333.0,36250.0,37333.0,37000.0,28500.0,23667.0,40000.0,34000.0,45000.0,36000.0,37500.0,24667.0,42500.0,37000.0,36000.0,41000.0,36000.0,35000.0,39667.0,39000.0,36000.0,36333.0,37333.0,39000.0,33500.0,38300.0,38000.0,33333.0
2024-12-31,26333.0,39400.0,37500.0,36500.0,41750.0,38333.0,39800.0,26667.0,33000.0,36250.0,37000.0,36250.0,37333.0,37000.0,28500.0,23667.0,40000.0,33333.0,45000.0,37333.0,37500.0,24667.0,42500.0,37000.0,36000.0,41000.0,36000.0,35000.0,39000.0,39000.0,36000.0,37000.0,37333.0,39333.0,34500.0,38600.0,36667.0,34500.0
2025-01-01,26333.0,39400.0,37500.0,36500.0,41875.0,38333.0,39800.0,26667.0,33000.0,36250.0,37000.0,36250.0,37333.0,37000.0,28500.0,23667.0,40000.0,33333.0,45000.0,36667.0,37500.0,24667.0,42500.0,34500.0,36000.0,41000.0,36000.0,35000.0,40250.0,39000.0,36000.0,37000.0,37000.0,39333.0,34500.0,38600.0,37333.0,33833.0
2025-01-02,26333.0,39400.0,38000.0,36500.0,39750.0,36667.0,39800.0,26667.0,34667.0,35000.0,37333.0,36250.0,37333.0,36000.0,31000.0,23667.0,41000.0,33000.0,45000.0,37333.0,35000.0,24667.0,42500.0,34500.0,36000.0,41000.0,38000.0,35000.0,40250.0,40000.0,37000.0,38000.0,36000.0,39333.0,34500.0,38600.0,36000.0,33833.0
2025-01-03,26333.0,39400.0,36000.0,36500.0,39875.0,36667.0,41000.0,26667.0,34667.0,33750.0,37333.0,36500.0,37333.0,35400.0,31000.0,23667.0,41000.0,33333.0,45000.0,37667.0,35000.0,24667.0,42500.0,34500.0,33333.0,41000.0,36000.0,35000.0,40250.0,40000.0,37000.0,37000.0,35667.0,39333.0,34500.0,38600.0,37000.0,36333.0
2025-01-04,26333.0,39400.0,36000.0,36500.0,39875.0,36667.0,41000.0,27333.0,34667.0,33750.0,37000.0,36500.0,37333.0,35400.0,31000.0,26667.0,40667.0,34667.0,45000.0,37667.0,35000.0,24667.0,42500.0,34500.0,33333.0,41000.0,36000.0,35000.0,40250.0,40000.0,38000.0,37333.0,35667.0,39333.0,34500.0,38600.0,37000.0,35833.0
2025-01-05,26333.0,39400.0,36000.0,36500.0,39750.0,36667.0,41000.0,27333.0,34667.0,33750.0,37000.0,36250.0,37333.0,35400.0,31000.0,24333.0,40667.0,34667.0,40000.0,37667.0,35000.0,24667.0,42500.0,34500.0,33333.0,41000.0,36000.0,35000.0,40500.0,40750.0,38000.0,36667.0,36000.0,39333.0,34500.0,38600.0,36667.0,35833.0
2025-01-06,26333.0,39400.0,37000.0,36500.0,38500.0,38333.0,41200.0,28333.0,34667.0,32500.0,37000.0,36250.0,37333.0,35400.0,31000.0,24333.0,40667.0,34667.0,40000.0,38000.0,35000.0,24667.0,40000.0,34500.0,33333.0,41000.0,35500.0,35000.0,42250.0,39500.0,38000.0,36667.0,36000.0,39333.0,34500.0,38600.0,36000.0,35333.0
2025-01-07,26000.0,39400.0,36000.0,36500.0,38750.0,39333.0,41200.0,28333.0,35333.0,32500.0,36667.0,36250.0,37333.0,35400.0,31000.0,24333.0,40000.0,34667.0,40000.0,40000.0,35000.0,24667.0,40000.0,34500.0,34000.0,41000.0,35500.0,35000.0,42250.0,39500.0,38000.0,37000.0,36000.0,39333.0,34500.0,38600.0,36667.0,35500.0
2025-01-08,26000.0,38800.0,36000.0,36500.0,39125.0,39333.0,41400.0,28333.0,35333.0,32500.0,36667.0,36250.0,37333.0,36000.0,31000.0,29333.0,40000.0,34667.0,43000.0,39667.0,35000.0,24667.0,40000.0,34500.0,34000.0,41000.0,36000.0,35000.0,40750.0,40750.0,38000.0,38000.0,36000.0,39167.0,34000.0,38600.0,38333.0,34833.0
2025-01-09,26000.0,38800.0,36000.0,36500.0,38500.0,39333.0,41400.0,28333.0,35333.0,32500.0,36667.0,36000.0,37333.0,36000.0,31000.0,29333.0,40000.0,34667.0,42000.0,39667.0,35000.0,24667.0,40000.0,37000.0,34000.0,41000.0,36000.0,35000.0,40750.0,40750.0,37000.0,36667.0,35667.0,39167.0,34000.0,38600.0,36667.0,34500.0
2025-01-10,26000.0,38800.0,35500.0,36500.0,38875.0,38333.0,41400.0,27667.0,35333.0,31750.0,38333.0,35500.0,37333.0,36000.0,30500.0,29333.0,40000.0,34667.0,41000.0,39667.0,35000.0,24667.0,40000.0,37000.0,34333.0,41000.0,35500.0,35000.0,39750.0,40750.0,36000.0,36000.0,35667.0,39167.0,34000.0,38600.0,37667.0,34500.0
2025-01-11,26000.0,38800.0,35500.0,36500.0,39250.0,38333.0,41400.0,27667.0,33333.0,31750.0,38667.0,35500.0,37333.0,36000.0,30500.0,29333.0,40000.0,34667.0,40500.0,39667.0,35000.0,24667.0,40000.0,37000.0,34333.0,41000.0,35500.0,35000.0,39500.0,39750.0,36000.0,36667.0,37000.0,39000.0,34000.0,38600.0,36667.0,34500.0
2025-01-12,26000.0,38400.0,35500.0,35000.0,39375.0,38333.0,41400.0,27667.0,33000.0,31750.0,38667.0,35500.0,37333.0,36000.0,30500.0,27667.0,40000.0,32667.0,40500.0,38333.0,35000.0,24667.0,40000.0,39500.0,34333.0,41000.0,35500.0,35000.0,39500.0,39750.0,39000.0,36667.0,37333.0,39000.0,34000.0,38600.0,36000.0,33667.0
2025-01-13,26000.0,38800.0,35500.0,26500.0,40000.0,38333.0,41200.0,26667.0,32000.0,31750.0,38667.0,34750.0,37333.0,34800.0,29738.0,27667.0,39333.0,32333.0,39500.0,39233.0,35000.0,24667.0,42500.0,37000.0,34667.0,40000.0,38000.0,35000.0,39500.0,39250.0,36000.0,36667.0,36667.0,39000.0,34500.0,38100.0,36000.0,33167.0
2025-01-14,26667.0,38000.0,30000.0,26500.0,40250.0,35333.0,41200.0,27667.0,32000.0,31750.0,38000.0,34750.0,37333.0,34400.0,29738.0,27667.0,38667.0,33000.0,39500.0,39233.0,32500.0,24667.0,43500.0,37000.0,34667.0,40000.0,38000.0,35000.0,39500.0,38750.0,39000.0,36000.0,36667.0,39000.0,34500.0,37800.0,38667.0,33333.0
2025-01-15,26667.0,38000.0,30000.0,26500.0,40250.0,35333.0,41400.0,27333.0,32000.0,31250.0,38333.0,34750.0,37333.0,34200.0,29738.0,27667.0,38667.0,33000.0,39500.0,39233.0,32500.0,24667.0,43500.0,32500.0,34667.0,40000.0,38000.0,35000.0,39500.0,38750.0,39000.0,36000.0,36667.0,39000.0,34500.0,37400.0,37667.0,31167.0
2025-01-16,26667.0,38000.0,29000.0,26500.0,40000.0,39333.0,41400.0,27333.0,32000.0,30750.0,39667.0,33500.0,37333.0,34200.0,29738.0,27667.0,38667.0,30667.0,39000.0,37900.0,32500.0,24667.0,43500.0,32500.0,34667.0,40000.0,38000.0,34333.0,39500.0,38750.0,36000.0,36667.0,36667.0,39000.0,34500.0,37400.0,36667.0,31667.0
2025-01-17,26667.0,37600.0,29000.0,26500.0,40375.0,39333.0,41400.0,27333.0,31000.0,30250.0,39667.0,33250.0,36667.0,34200.0,29738.0,27667.0,38667.0,30000.0,39000.0,37567.0,32500.0,24667.0,39000.0,32500.0,34667.0,40000.0,37000.0,34333.0,39000.0,38250.0,36000.0,35333.0,36667.0,39000.0,32000.0,37100.0,36000.0,31167.0
2025-01-18,26667.0,37000.0,29000.0,26500.0,40625.0,39333.0,41400.0,27333.0,30000.0,30250.0,35833.0,33000.0,36667.0,34200.0,29738.0,27667.0,34000.0,30000.0,39000.0,37567.0,31000.0,24667.0,39000.0,32500.0,34667.0,40000.0,37000.0,34333.0,39000.0,38500.0,35500.0,33667.0,36667.0,39000.0,32000.0,37100.0,36667.0,31167.0
2025-01-19,26667.0,37000.0,29000.0,26500.0,40875.0,39333.0,41400.0,27333.0,30000.0,30250.0,35167.0,33000.0,36667.0,34200.0,29738.0,27667.0,33333.0,30667.0,39000.0,36900.0,31000.0,24667.0,39000.0,32500.0,34667.0,40000.0,37000.0,34333.0,38250.0,38000.0,35500.0,32667.0,36667.0,39000.0,32000.0,37100.0,35667.0,30333.0
2025-01-20,26667.0,37000.0,30000.0,26500.0,41000.0,39333.0,40200.0,28667.0,29333.0,30250.0,31167.0,33000.0,35000.0,30800.0,29738.0,27667.0,34333.0,30000.0,39000.0,33333.0,31000.0,24667.0,42500.0,32500.0,34667.0,40000.0,25000.0,34333.0,37250.0,38250.0,27000.0,33000.0,36333.0,38000.0,32000.0,35650.0,34667.0,31333.0
2025-01-21,26667.0,33600.0,28000.0,26500.0,41375.0,38333.0,40000.0,27333.0,29333.0,29000.0,31167.0,32750.0,35000.0,30400.0,29738.0,27667.0,34333.0,30000.0,39000.0,33333.0,31000.0,25000.0,42500.0,32500.0,34667.0,37500.0,25000.0,34333.0,35500.0,37750.0,29000.0,31667.0,36333.0,38000.0,33000.0,35650.0,34000.0,33333.0
2025-01-22,26667.0,33400.0,28000.0,26500.0,41500.0,38333.0,39400.0,24667.0,29333.0,29000.0,30833.0,32500.0,35000.0,30000.0,29738.0,27667.0,30000.0,30000.0,37500.0,34433.0,31000.0,25000.0,40000.0,32500.0,34667.0,37500.0,26500.0,34000.0,35500.0,37750.0,29000.0,32000.0,36333.0,37500.0,32000.0,35650.0,34667.0,31000.0
2025-01-23,29333.0,33400.0,28000.0,26500.0,38750.0,35000.0,39400.0,24667.0,27667.0,28750.0,30833.0,32000.0,35000.0,30000.0,29750.0,27667.0,31333.0,30000.0,37500.0,33000.0,31000.0,25000.0,40000.0,30000.0,34667.0,37500.0,25500.0,34000.0,35500.0,37750.0,30000.0,30000.0,36333.0,37500.0,32000.0,35000.0,34667.0,31833.0
2025-01-24,28000.0,32800.0,27000.0,26500.0,39000.0,35000.0,38400.0,24667.0,27667.0,28750.0,30833.0,32000.0,35000.0,29600.0,29750.0,27667.0,31333.0,30000.0,37500.0,33000.0,31000.0,25000.0,37500.0,27500.0,34333.0,37500.0,25500.0,31333.0,35000.0,36500.0,32500.0,30000.0,36000.0,35833.0,32000.0,35000.0,34000.0,31833.0
2025-01-25,28000.0,31200.0,27000.0,26500.0,40000.0,35000.0,38400.0,24667.0,27667.0,28750.0,30167.0,32000.0,35000.0,29600.0,29750.0,27667.0,32667.0,30000.0,37500.0,33000.0,28500.0,25000.0,37500.0,27500.0,34333.0,37500.0,25500.0,30667.0,35000.0,36500.0,32500.0,31333.0,36000.0,35500.0,32000.0,33250.0,35000.0,31167.0
2025-01-26,28000.0,31200.0,27000.0,26500.0,40625.0,35000.0,38400.0,24667.0,27667.0,28750.0,31000.0,32000.0,35000.0,29600.0,29750.0,27667.0,32667.0,30000.0,37500.0,33000.0,28500.0,25000.0,37500.0,27500.0,34333.0,37500.0,25500.0,30667.0,33500.0,36000.0,32500.0,31333.0,36000.0,35500.0,32000.0,32700.0,33333.0,31167.0
2025-01-27,28000.0,30000.0,27000.0,30000.0,41000.0,35000.0,39000.0,24667.0,27667.0,28750.0,31000.0,31750.0,35000.0,29600.0,29750.0,27667.0,32667.0,30000.0,37500.0,33000.0,28500.0,25000.0,37500.0,27500.0,34333.0,36000.0,25500.0,30667.0,34250.0,36000.0,30000.0,31333.0,36000.0,35500.0,32000.0,32100.0,34000.0,32000.0
2025-01-28,28000.0,30000.0,27000.0,30000.0,41500.0,35000.0,39000.0,24667.0,27667.0,28750.0,31000.0,31750.0,35000.0,29200.0,29750.0,27667.0,33333.0,30000.0,37500.0,32000.0,28500.0,25000.0,37500.0,27500.0,33333.0,36000.0,25500.0,28333.0,33000.0,36000.0,32500.0,30000.0,36000.0,35500.0,32000.0,32100.0,30667.0,31167.0
2025-01-29,28000.0,30000.0,27000.0,30000.0,42125.0,33333.0,39000.0,24667.0,27667.0,28750.0,31000.0,31750.0,35000.0,29200.0,29750.0,26333.0,33333.0,29667.0,37500.0,32333.0,28500.0,25000.0,37500.0,28500.0,33333.0,36000.0,25500.0,28333.0,31750.0,36750.0,31500.0,30000.0,36000.0,35333.0,32000.0,32100.0,31000.0,31167.0
2025-01-30,27000.0,30000.0,26500.0,30000.0,39250.0,33333.0,36600.0,24667.0,27667.0,23750.0,22833.0,29500.0,34333.0,29200.0,29750.0,25333.0,30000.0,29667.0,37500.0,32333.0,26500.0,25000.0,37500.0,28500.0,33333.0,30000.0,25500.0,28333.0,31750.0,34750.0,31500.0,30000.0,36000.0,35333.0,30000.0,31100.0,30667.0,31167.0
2025-01-31,27000.0,30000.0,26500.0,30000.0,39250.0,33333.0,35800.0,24667.0,27667.0,22500.0,23500.0,27625.0,34333.0,29200.0,23250.0,25333.0,28000.0,29667.0,35000.0,31667.0,26500.0,25000.0,32500.0,27500.0,33333.0,30000.0,25500.0,28333.0,31750.0,33500.0,31500.0,30000.0,36000.0,35333.0,29000.0,31100.0,30000.0,28667.0
2025-02-01,27000.0,29600.0,26500.0,30000.0,39500.0,33333.0,35600.0,24667.0,28000.0,22500.0,23833.0,27625.0,34333.0,29200.0,23250.0,25333.0,28000.0,29667.0,35000.0,32000.0,26500.0,25000.0,32500.0,27500.0,33333.0,30000.0,25500.0,28333.0,31750.0,30500.0,31500.0,29000.0,36000.0,35333.0,29000.0,31100.0,29000.0,27667.0
2025-02-02,27000.0,29200.0,26500.0,30000.0,39625.0,33333.0,35600.0,24667.0,28000.0,22500.0,23833.0,27000.0,34333.0,29200.0,22250.0,25333.0,28000.0,29667.0,35000.0,30333.0,26500.0,25000.0,32500.0,27500.0,32667.0,30000.0,25500.0,28333.0,32000.0,31500.0,31500.0,28000.0,36000.0,35167.0,29000.0,31100.0,30000.0,27667.0
2025-02-03,27000.0,28800.0,25500.0,25000.0,28750.0,33333.0,35800.0,22667.0,24667.0,22500.0,23833.0,25500.0,33667.0,28800.0,23625.0,25333.0,28000.0,29667.0,22500.0,30667.0,26500.0,25000.0,35000.0,27500.0,32667.0,28500.0,25500.0,26000.0,31500.0,28000.0,31500.0,28000.0,30667.0,36333.0,29000.0,31100.0,31000.0,27667.0
2025-02-04,27000.0,28000.0,25500.0,25000.0,29375.0,30667.0,35800.0,22667.0,24667.0,22500.0,23833.0,24750.0,33667.0,28800.0,23125.0,25333.0,28000.0,29667.0,22500.0,32333.0,26500.0,25000.0,35000.0,27500.0,32667.0,28500.0,26500.0,25000.0,31500.0,28000.0,29000.0,27333.0,30667.0,36333.0,29000.0,31100.0,31000.0,29333.0
2025-02-05,27000.0,27600.0,27000.0,25000.0,29750.0,30000.0,34000.0,22667.0,24667.0,22500.0,23833.0,25250.0,33667.0,28000.0,23125.0,24333.0,28000.0,29667.0,22500.0,31000.0,26500.0,25000.0,35000.0,27500.0,32667.0,28500.0,26500.0,25000.0,31250.0,28500.0,29000.0,27667.0,30667.0,36333.0,29000.0,31100.0,29000.0,28000.0
2025-02-06,27000.0,27000.0,26000.0,25000.0,28000.0,30000.0,32200.0,22667.0,25000.0,22500.0,24167.0,25250.0,33667.0,28000.0,24375.0,24333.0,28000.0,30667.0,22500.0,30667.0,26500.0,25000.0,35000.0,27500.0,32667.0,29000.0,25500.0,25000.0,30750.0,28500.0,27500.0,26333.0,30000.0,36333.0,29000.0,31100.0,30000.0,28250.0
2025-02-07,27000.0,27000.0,26000.0,25000.0,28375.0,30000.0,32200.0,22667.0,25000.0,22500.0,23500.0,26000.0,33667.0,26600.0,24375.0,24333.0,28000.0,30667.0,22500.0,30667.0,26500.0,25000.0,40000.0,27500.0,32667.0,29000.0,24500.0,25000.0,30750.0,28750.0,28000.0,27333.0,30000.0,36333.0,28500.0,31100.0,30000.0,28250.0
2025-02-08,27000.0,27400.0,26000.0,25000.0,28500.0,30000.0,32200.0,22667.0,25000.0,22500.0,23500.0,26000.0,33667.0,26600.0,24375.0,24333.0,28000.0,30667.0,22500.0,30667.0,25000.0,25000.0,40000.0,27500.0,32667.0,29000.0,24500.0,25000.0,30750.0,29000.0,28000.0,27000.0,30000.0,36333.0,28500.0,31100.0,31000.0,27833.0
2025-02-09,27000.0,27200.0,26000.0,25000.0,28625.0,30000.0,32200.0,22667.0,25000.0,22500.0,23833.0,26000.0,33667.0,25000.0,24375.0,24333.0,28000.0,30667.0,22500.0,30667.0,25000.0,25000.0,40000.0,28500.0,32667.0,29000.0,24500.0,25000.0,30750.0,29000.0,28000.0,26667.0,30000.0,36333.0,27500.0,31100.0,30333.0,28667.0
2025-02-10,27000.0,26000.0,25500.0,25000.0,26750.0,30667.0,31200.0,22667.0,25000.0,22500.0,23833.0,26000.0,30000.0,26400.0,24375.0,24333.0,28000.0,29333.0,22500.0,31000.0,25000.0,25000.0,33500.0,27500.0,32667.0,28000.0,24500.0,25000.0,30750.0,29000.0,28000.0,28000.0,31667.0,35167.0,26500.0,30450.0,30333.0,27833.0
2025-02-11,27000.0,26000.0,25500.0,25000.0,27250.0,30667.0,31200.0,22667.0,25333.0,22500.0,23833.0,24500.0,30000.0,26400.0,24375.0,23000.0,28000.0,27000.0,25000.0,30667.0,25000.0,25000.0,33500.0,27500.0,32667.0,28000.0,23000.0,25000.0,28750.0,30000.0,26500.0,27667.0,31667.0,35167.0,26500.0,29600.0,31000.0,28333.0
2025-02-12,27000.0,26000.0,25500.0,25000.0,27500.0,30667.0,30800.0,22667.0,25000.0,22500.0,23500.0,24500.0,27667.0,26800.0,24000.0,23000.0,28000.0,26000.0,25000.0,28000.0,25000.0,25000.0,33500.0,27500.0,32667.0,28000.0,23000.0,25000.0,28750.0,30000.0,26500.0,28000.0,31667.0,35167.0,26500.0,29600.0,30000.0,28833.0
2025-02-13,27000.0,26400.0,25000.0,25000.0,25250.0,30667.0,30400.0,22667.0,25000.0,23750.0,24167.0,26500.0,27667.0,27200.0,24250.0,21333.0,28000.0,27333.0,25000.0,27667.0,25000.0,25000.0,33500.0,26500.0,32667.0,28000.0,23000.0,25000.0,28750.0,30000.0,26500.0,28333.0,30333.0,34667.0,26000.0,29100.0,30000.0,28333.0
2025-02-14,27000.0,26400.0,25000.0,25000.0,25625.0,30000.0,30800.0,22667.0,25333.0,24500.0,25167.0,26500.0,27667.0,26200.0,24250.0,22000.0,28000.0,27333.0,25000.0,29000.0,25000.0,25000.0,33500.0,26500.0,32667.0,28000.0,23500.0,25000.0,28750.0,30000.0,28000.0,28667.0,30333.0,34667.0,26500.0,29100.0,30000.0,25833.0
2025-02-15,27000.0,26800.0,25000.0,25000.0,26125.0,30000.0,30800.0,22667.0,25667.0,24500.0,25167.0,26500.0,27667.0,26200.0,24250.0,22000.0,28000.0,27333.0,25000.0,29167.0,25000.0,25000.0,33500.0,26500.0,32667.0,28000.0,23500.0,25000.0,29500.0,30000.0,28000.0,28000.0,30333.0,34667.0,26500.0,29100.0,30000.0,25833.0
2025-02-16,27000.0,26000.0,25000.0,25000.0,26875.0,30000.0,30800.0,22667.0,25667.0,24500.0,25167.0,26000.0,27667.0,26800.0,24250.0,22000.0,28000.0,26000.0,25000.0,29167.0,25000.0,25000.0,33500.0,26500.0,32667.0,28000.0,23500.0,25000.0,29500.0,30000.0,26500.0,28000.0,30333.0,34667.0,26500.0,29100.0,30000.0,25833.0
2025-02-17,27000.0,26000.0,28000.0,25000.0,25250.0,30000.0,31000.0,23000.0,26000.0,25750.0,24500.0,26000.0,26667.0,26800.0,24250.0,22000.0,28000.0,26000.0,25000.0,29000.0,25000.0,25667.0,40000.0,27500.0,32667.0,24500.0,23000.0,25000.0,28500.0,28250.0,26500.0,28333.0,30333.0,34500.0,26500.0,29100.0,30000.0,27000.0
2025-02-18,23000.0,25400.0,28000.0,25000.0,25875.0,26000.0,31200.0,23333.0,26000.0,25750.0,24500.0,26000.0,26667.0,26800.0,24250.0,22000.0,28000.0,25000.0,25000.0,28667.0,25000.0,25667.0,40000.0,27500.0,32667.0,24500.0,23000.0,25000.0,28500.0,29000.0,28000.0,27667.0,30667.0,34500.0,26500.0,29100.0,31000.0,27000.0
2025-02-19,23000.0,25800.0,28000.0,25000.0,26375.0,26000.0,31200.0,23333.0,26000.0,27000.0,24500.0,25000.0,27667.0,26200.0,23000.0,22000.0,28000.0,25333.0,25000.0,30333.0,25000.0,25667.0,44000.0,27500.0,32667.0,24500.0,24000.0,25000.0,28500.0,29000.0,25500.0,28333.0,30667.0,34500.0,27000.0,29100.0,31000.0,27000.0
2025-02-20,23000.0,25800.0,28000.0,25000.0,25500.0,25000.0,31200.0,23333.0,26000.0,27750.0,24500.0,26250.0,27667.0,26200.0,23000.0,22000.0,28000.0,25333.0,25000.0,29667.0,25000.0,25000.0,44000.0,27500.0,32667.0,24500.0,24500.0,26667.0,29000.0,29750.0,26000.0,28000.0,30667.0,34500.0,26500.0,29100.0,31000.0,27000.0
2025-02-21,23000.0,25800.0,28000.0,25000.0,26000.0,25000.0,30200.0,23333.0,26000.0,28250.0,24500.0,26250.0,27667.0,26200.0,23000.0,22000.0,28000.0,26000.0,25000.0,30167.0,25000.0,25000.0,26500.0,30000.0,32667.0,24500.0,24500.0,26667.0,31000.0,28250.0,28000.0,28667.0,31667.0,34500.0,26500.0,27950.0,30000.0,29667.0
2025-02-22,23000.0,25800.0,28000.0,25000.0,26250.0,25000.0,29800.0,23333.0,26000.0,28250.0,25833.0,26250.0,27667.0,26200.0,23000.0,22000.0,28000.0,26333.0,27500.0,30167.0,25000.0,25000.0,26500.0,30000.0,32667.0,24500.0,24500.0,29000.0,31000.0,28250.0,28000.0,28667.0,31667.0,34500.0,26500.0,27950.0,30000.0,29667.0
2025-02-23,23000.0,26200.0,28000.0,25000.0,26500.0,25000.0,29800.0,23333.0,26000.0,28250.0,26167.0,25500.0,27667.0,26200.0,23000.0,22000.0,31000.0,26333.0,27500.0,30833.0,25000.0,25000.0,26500.0,30000.0,32667.0,24500.0,24500.0,29000.0,31000.0,29750.0,29000.0,30000.0,31667.0,34500.0,26500.0,27950.0,30000.0,30500.0
2025-02-24,23000.0,27600.0,28000.0,25000.0,25250.0,26667.0,30200.0,32667.0,32000.0,30500.0,32333.0,26750.0,30000.0,28200.0,22988.0,28000.0,33333.0,26333.0,28500.0,31833.0,25000.0,25000.0,40000.0,32500.0,32667.0,29000.0,28500.0,30000.0,31000.0,31750.0,30000.0,32333.0,31667.0,33833.0,29000.0,30950.0,33333.0,32667.0
2025-02-25,23000.0,28600.0,28000.0,25000.0,25750.0,26667.0,30200.0,32667.0,32333.0,30500.0,32333.0,26750.0,30000.0,28200.0,22988.0,28000.0,35000.0,26333.0,28500.0,32500.0,31500.0,25000.0,40000.0,32500.0,32667.0,29000.0,30500.0,31333.0,30250.0,31750.0,31500.0,32667.0,34667.0,33833.0,31000.0,32600.0,30000.0,32667.0
2025-02-26,23000.0,30000.0,28000.0,27500.0,26125.0,35000.0,30200.0,32667.0,32333.0,30500.0,32333.0,27250.0,30000.0,29600.0,22988.0,28000.0,34000.0,27333.0,29500.0,34333.0,31500.0,25000.0,43500.0,32500.0,32667.0,31500.0,30500.0,32000.0,30250.0,30500.0,31500.0,32667.0,34667.0,33833.0,30000.0,32600.0,33333.0,32667.0
2025-02-27,23000.0,30800.0,28000.0,27500.0,30500.0,35000.0,30200.0,32667.0,32333.0,30500.0,32333.0,27250.0,30000.0,29600.0,26488.0,28000.0,34333.0,27333.0,31000.0,35667.0,31500.0,25000.0,43500.0,32500.0,31667.0,31500.0,30500.0,32000.0,29750.0,30500.0,31500.0,36000.0,38333.0,33833.0,31000.0,32600.0,33333.0,32000.0
2025-02-28,23000.0,30800.0,30000.0,27500.0,30750.0,35000.0,31200.0,32667.0,32333.0,30500.0,32333.0,27250.0,30000.0,30000.0,26488.0,28667.0,34333.0,29667.0,33500.0,35000.0,31500.0,25000.0,37500.0,32500.0,31000.0,35000.0,30500.0,32000.0,29750.0,31500.0,32000.0,36000.0,39667.0,34500.0,32000.0,33600.0,37000.0,32833.0
2025-03-01,23000.0,32000.0,30000.0,27500.0,30750.0,35000.0,33200.0,32667.0,32333.0,31250.0,32333.0,27250.0,30000.0,32000.0,26488.0,28667.0,34333.0,29667.0,33500.0,35000.0,31500.0,25667.0,37500.0,32500.0,31667.0,35000.0,30500.0,32000.0,31000.0,30750.0,32000.0,36667.0,39667.0,34500.0,33000.0,33600.0,37333.0,32833.0
2025-03-02,23000.0,32000.0,30000.0,27500.0,31000.0,35000.0,33200.0,32667.0,32333.0,31250.0,32333.0,27250.0,30000.0,32000.0,26488.0,28667.0,35000.0,29667.0,33500.0,36667.0,31500.0,25667.0,37500.0,32500.0,31667.0,35000.0,30500.0,32000.0,32250.0,33250.0,32000.0,36667.0,39333.0,34500.0,33000.0,33600.0,37333.0,32333.0
2025-03-03,23000.0,32000.0,37500.0,40000.0,34250.0,36667.0,37800.0,34333.0,33000.0,37250.0,32333.0,28250.0,33333.0,32000.0,28488.0,28667.0,36667.0,29000.0,32500.0,36667.0,31500.0,25667.0,41000.0,40000.0,31667.0,37500.0,36000.0,34000.0,35000.0,32500.0,32000.0,36000.0,37333.0,36167.0,33500.0,33600.0,37000.0,33167.0
2025-03-04,23000.0,32600.0,37500.0,40000.0,34625.0,36667.0,38200.0,34333.0,37000.0,37250.0,33667.0,28250.0,34333.0,32800.0,28738.0,35333.0,37667.0,33333.0,32500.0,37333.0,31500.0,25667.0,41000.0,40000.0,31667.0,37500.0,38500.0,35000.0,35000.0,31250.0,40500.0,38333.0,37000.0,36333.0,32500.0,33600.0,37667.0,34000.0
2025-03-05,23000.0,33200.0,37500.0,40000.0,35000.0,38333.0,37600.0,37667.0,37000.0,37250.0,33333.0,30000.0,37667.0,33400.0,28738.0,36000.0,37667.0,35000.0,32500.0,41167.0,35000.0,25667.0,40000.0,40000.0,31667.0,38000.0,41000.0,35333.0,37500.0,33000.0,39000.0,41667.0,37333.0,36333.0,34000.0,33600.0,37667.0,34167.0
2025-03-06,23000.0,33600.0,38500.0,40000.0,36500.0,38333.0,39400.0,40667.0,37000.0,37250.0,33333.0,31750.0,41000.0,33400.0,28738.0,40000.0,43667.0,35000.0,32500.0,42000.0,35000.0,25667.0,40000.0,37500.0,31667.0,39000.0,42500.0,35333.0,41250.0,33000.0,42000.0,41667.0,37667.0,35500.0,39500.0,35450.0,38333.0,35000.0
2025-03-07,23000.0,33600.0,38500.0,40000.0,36625.0,38333.0,40800.0,41333.0,37000.0,37250.0,32667.0,32500.0,42333.0,35000.0,29738.0,40000.0,43667.0,39000.0,35000.0,42667.0,35000.0,25667.0,42500.0,42500.0,33000.0,40000.0,47500.0,40000.0,50000.0,32500.0,44000.0,49000.0,37667.0,35500.0,39500.0,35450.0,39333.0,36833.0
2025-03-08,23000.0,34600.0,38000.0,40000.0,36625.0,38333.0,40800.0,41333.0,40000.0,37250.0,32667.0,32500.0,42333.0,35000.0,29738.0,40000.0,45333.0,38333.0,35000.0,44333.0,35000.0,25667.0,42500.0,42544.0,33000.0,40000.0,47500.0,40000.0,46750.0,31750.0,44000.0,49333.0,37667.0,35333.0,39500.0,35450.0,38000.0,38667.0
2025-03-09,23000.0,34600.0,38000.0,41000.0,36625.0,38333.0,40800.0,41333.0,40000.0,37750.0,32667.0,33500.0,42333.0,35000.0,29738.0,40000.0,45333.0,38333.0,37500.0,44333.0,35000.0,25667.0,42500.0,42500.0,33000.0,40000.0,49000.0,40000.0,45500.0,31750.0,44000.0,46667.0,37667.0,35333.0,39500.0,35450.0,39333.0,37333.0
2025-03-10,23000.0,34200.0,39500.0,40000.0,39500.0,39333.0,41200.0,41333.0,40000.0,37750.0,32667.0,37500.0,43000.0,35400.0,30238.0,40000.0,45667.0,37667.0,37500.0,43333.0,35000.0,25667.0,46500.0,42500.0,33000.0,44500.0,49000.0,44000.0,46750.0,31750.0,44000.0,45667.0,46000.0,36500.0,41000.0,35450.0,38667.0,37833.0
2025-03-11,23000.0,35600.0,39000.0,42500.0,39875.0,39333.0,41200.0,41333.0,39333.0,40000.0,33333.0,38250.0,43000.0,35800.0,29988.0,40000.0,45333.0,37000.0,37500.0,43333.0,36500.0,25667.0,46500.0,42500.0,33000.0,44500.0,44000.0,45000.0,45250.0,31750.0,44000.0,45000.0,46000.0,36500.0,40000.0,35450.0,38667.0,37833.0
2025-03-12,23000.0,38400.0,39000.0,42500.0,40125.0,41667.0,41200.0,41333.0,38667.0,42500.0,33333.0,38250.0,43000.0,35800.0,30312.0,40000.0,45333.0,37000.0,40000.0,43667.0,36500.0,26333.0,44500.0,44000.0,33000.0,44500.0,44000.0,45000.0,46250.0,31750.0,45000.0,45667.0,44333.0,36500.0,39000.0,37150.0,39333.0,37833.0
2025-03-13,23000.0,37800.0,38000.0,42500.0,40500.0,41667.0,41600.0,41333.0,38667.0,42500.0,33000.0,38250.0,43000.0,38000.0,30312.0,42333.0,45000.0,37000.0,41500.0,44000.0,36500.0,27000.0,44500.0,44000.0,33000.0,44500.0,41000.0,45000.0,46250.0,33000.0,42500.0,45667.0,44333.0,37000.0,41000.0,37150.0,40000.0,36167.0
2025-03-14,23000.0,38400.0,38000.0,42500.0,40750.0,41667.0,43400.0,41333.0,38667.0,42500.0,33333.0,38250.0,43000.0,38000.0,33312.0,42333.0,45333.0,37000.0,41500.0,44000.0,36500.0,27333.0,46500.0,44000.0,34333.0,44500.0,40000.0,45000.0,47250.0,35625.0,42000.0,46667.0,44333.0,37000.0,40000.0,37150.0,42000.0,41167.0
2025-03-15,23000.0,40800.0,38000.0,42500.0,40875.0,41667.0,43400.0,41333.0,39333.0,41250.0,33333.0,38500.0,43000.0,38000.0,33312.0,42333.0,46333.0,36000.0,41500.0,44000.0,36500.0,27333.0,46500.0,44000.0,34333.0,44500.0,40000.0,45000.0,47250.0,36625.0,42000.0,45667.0,44333.0,37667.0,40000.0,37150.0,41000.0,40333.0
2025-03-16,23000.0,42000.0,38000.0,42500.0,40875.0,41667.0,43400.0,41333.0,39333.0,41250.0,33333.0,38500.0,43000.0,38000.0,33312.0,42333.0,47000.0,36000.0,41500.0,44000.0,36500.0,27333.0,46500.0,44000.0,34333.0,44500.0,40000.0,45000.0,47250.0,35875.0,42000.0,45667.0,45333.0,37667.0,40000.0,37150.0,41000.0,40333.0
2025-03-17,23000.0,42800.0,40000.0,45000.0,41250.0,41667.0,43200.0,40000.0,40000.0,41250.0,34667.0,38500.0,43000.0,38000.0,33312.0,43000.0,47000.0,36000.0,41500.0,44000.0,36500.0,28000.0,49000.0,44000.0,34333.0,50000.0,46000.0,45000.0,46250.0,36875.0,42000.0,48333.0,47333.0,38333.0,42000.0,37150.0,42333.0,40167.0
2025-03-18,23000.0,43200.0,41000.0,45000.0,41125.0,41667.0,43200.0,40000.0,40000.0,41250.0,34333.0,39000.0,43000.0,38000.0,33062.0,43000.0,46333.0,37000.0,45000.0,44000.0,36500.0,28000.0,49000.0,44000.0,34333.0,50000.0,45500.0,45000.0,46250.0,36875.0,42000.0,47667.0,48000.0,37500.0,43000.0,37150.0,41667.0,40333.0
2025-03-19,23000.0,43200.0,41000.0,45000.0,41000.0,41667.0,42800.0,40000.0,40000.0,41250.0,34333.0,39000.0,43000.0,39000.0,33062.0,38000.0,44000.0,38333.0,45000.0,44000.0,37000.0,28667.0,45000.0,44000.0,34333.0,50000.0,45500.0,45000.0,46250.0,39375.0,41000.0,47333.0,47333.0,38000.0,41500.0,37150.0,41667.0,40333.0
2025-03-20,23000.0,43200.0,38000.0,45000.0,42500.0,41667.0,43000.0,41667.0,41333.0,41250.0,34333.0,39000.0,43000.0,39600.0,33062.0,37667.0,44000.0,38333.0,45000.0,44000.0,37000.0,28667.0,45000.0,44000.0,34333.0,50000.0,41000.0,44000.0,46250.0,40000.0,41000.0,44667.0,47333.0,38167.0,40500.0,37150.0,41667.0,41667.0
2025-03-21,23000.0,43200.0,38500.0,45000.0,42500.0,41667.0,42800.0,41667.0,43000.0,41250.0,34333.0,39000.0,43000.0,39600.0,33000.0,37667.0,44000.0,38333.0,45000.0,45000.0,37000.0,28667.0,45000.0,44000.0,34333.0,50000.0,41000.0,42333.0,46250.0,40000.0,41000.0,47667.0,47333.0,38167.0,42000.0,37150.0,43333.0,39500.0
2025-03-22,23000.0,43200.0,38500.0,45000.0,42500.0,41667.0,42800.0,41667.0,43000.0,41250.0,34333.0,39250.0,43000.0,39600.0,33000.0,36667.0,44333.0,38333.0,45000.0,46333.0,37000.0,28667.0,45000.0,42500.0,33333.0,50000.0,41000.0,41333.0,46250.0,40500.0,41000.0,46000.0,47333.0,38167.0,41000.0,37150.0,42333.0,39500.0
2025-03-23,23000.0,43200.0,38500.0,45000.0,42500.0,41667.0,42800.0,41667.0,43000.0,41250.0,34333.0,39250.0,43000.0,39600.0,33000.0,35667.0,44333.0,38333.0,45000.0,45000.0,37000.0,28000.0,45000.0,42500.0,33333.0,50000.0,41000.0,41333.0,46250.0,40500.0,41000.0,46667.0,47333.0,38167.0,42000.0,37150.0,43333.0,40333.0
2025-03-24,23000.0,42800.0,38500.0,47500.0,42500.0,41667.0,44200.0,40667.0,43000.0,41250.0,34667.0,39750.0,43000.0,39600.0,33250.0,35333.0,43333.0,38333.0,45000.0,45000.0,41500.0,28000.0,52500.0,42500.0,33333.0,50000.0,41000.0,44000.0,45500.0,40500.0,40000.0,46000.0,47333.0,38167.0,43500.0,40300.0,42333.0,39833.0
2025-03-25,23000.0,43200.0,42500.0,47500.0,42500.0,41667.0,44400.0,37667.0,43000.0,42500.0,34667.0,39750.0,43000.0,39600.0,33375.0,34667.0,44000.0,38333.0,45000.0,44333.0,41500.0,27667.0,52500.0,42500.0,33333.0,49000.0,43500.0,43000.0,45500.0,40000.0,40000.0,45000.0,47333.0,38167.0,42500.0,40300.0,43333.0,41667.0
2025-03-26,23000.0,44400.0,41000.0,47500.0,42500.0,43333.0,44200.0,37667.0,43000.0,42500.0,34333.0,40500.0,43000.0,39600.0,33375.0,35333.0,44000.0,38333.0,45000.0,44667.0,41500.0,28000.0,55000.0,43500.0,33333.0,49000.0,43500.0,43000.0,46000.0,40000.0,40000.0,46667.0,47333.0,38167.0,40500.0,40700.0,43333.0,42333.0
2025-03-27,23000.0,46000.0,41000.0,45000.0,44000.0,43333.0,44600.0,37667.0,43000.0,42500.0,34333.0,41000.0,43000.0,39600.0,33375.0,35333.0,45000.0,38333.0,45000.0,44333.0,41500.0,28000.0,55000.0,43500.0,33333.0,49000.0,42000.0,43000.0,46500.0,40000.0,37500.0,45000.0,47333.0,38167.0,41500.0,40700.0,41667.0,42333.0
2025-03-28,23000.0,46000.0,41000.0,43500.0,44125.0,43333.0,43600.0,37667.0,43000.0,42500.0,33000.0,41000.0,43000.0,39600.0,33375.0,35333.0,45000.0,39333.0,45000.0,44333.0,41500.0,28000.0,57500.0,43500.0,33333.0,50000.0,42000.0,44000.0,45750.0,40500.0,37500.0,45000.0,47333.0,38167.0,41500.0,40700.0,43667.0,43833.0
2025-03-29,23000.0,46000.0,41000.0,43500.0,44125.0,43333.0,43600.0,38667.0,43000.0,43250.0,33000.0,40500.0,43000.0,39600.0,33375.0,35000.0,45000.0,39333.0,45000.0,44333.0,41500.0,28000.0,57500.0,43500.0,34667.0,50000.0,42000.0,44000.0,45750.0,40500.0,37500.0,46667.0,47333.0,39000.0,42500.0,45700.0,42333.0,43833.0
2025-03-30,23000.0,46800.0,41000.0,41000.0,44125.0,43333.0,43600.0,38667.0,43000.0,43250.0,33000.0,40500.0,43000.0,39600.0,33375.0,35333.0,45000.0,39333.0,45000.0,44667.0,41500.0,28000.0,57500.0,43500.0,34667.0,50000.0,42000.0,44000.0,46250.0,40500.0,40000.0,51667.0,47333.0,39000.0,43000.0,46200.0,44000.0,43000.0
2025-03-31,23000.0,46800.0,41000.0,41000.0,44125.0,43333.0,43600.0,38667.0,43000.0,43250.0,33000.0,40500.0,43000.0,39600.0,33375.0,35333.0,45000.0,39333.0,45000.0,45000.0,41500.0,28000.0,57500.0,43500.0,34667.0,50000.0,42000.0,44000.0,46250.0,40500.0,40000.0,51667.0,47333.0,39000.0,42500.0,46200.0,44000.0,43000.0
2025-04-01,23000.0,47000.0,41000.0,41000.0,44125.0,43333.0,43600.0,38667.0,43000.0,43250.0,33000.0,40500.0,43000.0,39600.0,33375.0,35333.0,45000.0,39333.0,45000.0,45333.0,41500.0,28000.0,57500.0,43500.0,34667.0,50000.0,42000.0,44000.0,46250.0,39500.0,40000.0,51667.0,47333.0,39000.0,41500.0,46200.0,44000.0,43000.0
2025-04-02,23000.0,47000.0,41000.0,40000.0,44125.0,43333.0,43600.0,38667.0,43000.0,43250.0,33000.0,40500.0,43000.0,39600.0,33375.0,35333.0,44000.0,39333.0,45000.0,45667.0,41500.0,28000.0,57500.0,43500.0,34667.0,50000.0,38500.0,44000.0,46250.0,39500.0,40000.0,45333.0,47333.0,39000.0,41500.0,46200.0,42333.0,43000.0
2025-04-03,23000.0,47000.0,41000.0,45000.0,44125.0,43333.0,43600.0,38667.0,45000.0,43250.0,33000.0,40500.0,43000.0,39600.0,33375.0,35333.0,46000.0,39333.0,45000.0,48333.0,41500.0,28000.0,57500.0,43500.0,34667.0,50000.0,37500.0,46000.0,47500.0,39500.0,42000.0,44333.0,46667.0,39167.0,41500.0,46200.0,46000.0,49000.0
2025-04-04,23000.0,47000.0,40000.0,40000.0,44125.0,43333.0,43600.0,38667.0,45000.0,43250.0,33000.0,40500.0,43000.0,39600.0,33375.0,35333.0,45000.0,39333.0,45000.0,48333.0,41500.0,28000.0,57500.0,43500.0,34000.0,50000.0,37500.0,44333.0,47500.0,38750.0,42000.0,47667.0,45667.0,39167.0,42500.0,45400.0,45000.0,46500.0
2025-04-05,23000.0,48200.0,40000.0,45000.0,44125.0,43333.0,48200.0,38667.0,45000.0,43250.0,35667.0,40500.0,43000.0,39600.0,33375.0,35333.0,45000.0,39333.0,45000.0,48333.0,41500.0,28000.0,57500.0,43500.0,34000.0,50000.0,40000.0,42667.0,47500.0,38750.0,42000.0,48333.0,44000.0,39167.0,41000.0,45400.0,42333.0,46500.0
2025-04-06,23000.0,48200.0,40000.0,42500.0,44125.0,43333.0,47000.0,38333.0,45000.0,43250.0,39333.0,40500.0,43000.0,40000.0,33375.0,35333.0,45000.0,40667.0,45000.0,48333.0,41500.0,24167.0,57500.0,43500.0,34000.0,50000.0,42500.0,41667.0,47500.0,38750.0,42000.0,47667.0,42333.0,38833.0,41000.0,45400.0,44000.0,45667.0
2025-04-07,23000.0,46200.0,40000.0,45000.0,44125.0,43333.0,47000.0,38333.0,45000.0,43250.0,39333.0,41750.0,43000.0,40000.0,33375.0,35333.0,45000.0,40667.0,45000.0,48333.0,41500.0,24667.0,57500.0,40000.0,34000.0,50000.0,42500.0,41667.0,47500.0,38750.0,42000.0,46000.0,48333.0,38833.0,41000.0,45400.0,43333.0,47500.0
2025-04-08,23000.0,46200.0,39000.0,42500.0,43875.0,43333.0,47800.0,38333.0,45000.0,43250.0,39000.0,41750.0,43000.0,40000.0,34625.0,35333.0,47667.0,38667.0,45000.0,46667.0,41500.0,25000.0,57500.0,42000.0,34000.0,50000.0,43500.0,45667.0,46250.0,42500.0,42000.0,48333.0,48333.0,38833.0,42000.0,46400.0,41667.0,47833.0
2025-04-09,23000.0,45800.0,39000.0,42500.0,45375.0,43333.0,46800.0,38333.0,45000.0,43250.0,40000.0,42250.0,43000.0,42400.0,33875.0,36000.0,48667.0,38667.0,45000.0,46667.0,45500.0,25333.0,52500.0,42000.0,34000.0,50000.0,43000.0,45667.0,47500.0,44875.0,41000.0,46667.0,48333.0,39667.0,42500.0,46400.0,44333.0,48333.0
2025-04-10,23000.0,44400.0,41000.0,45000.0,44500.0,44000.0,46600.0,40000.0,45000.0,43250.0,40000.0,41750.0,43000.0,42400.0,33875.0,36000.0,48667.0,38667.0,45000.0,46667.0,45500.0,25333.0,52500.0,44500.0,35667.0,50000.0,44500.0,45667.0,46250.0,48125.0,42000.0,45000.0,48333.0,39667.0,42000.0,46400.0,45000.0,48333.0
2025-04-11,23000.0,45400.0,43500.0,45000.0,44500.0,44667.0,46600.0,40000.0,45000.0,43250.0,40000.0,41750.0,43000.0,42400.0,33500.0,36000.0,48667.0,43333.0,45000.0,47167.0,45500.0,25333.0,47500.0,44500.0,35667.0,50000.0,44500.0,45667.0,46250.0,48125.0,42000.0,49333.0,48333.0,39667.0,41500.0,46400.0,44333.0,48333.0
2025-04-12,23000.0,43800.0,43500.0,45000.0,44375.0,44667.0,46200.0,40000.0,45000.0,43250.0,39333.0,41750.0,43000.0,42400.0,33500.0,36000.0,47667.0,42000.0,45000.0,47167.0,45500.0,25333.0,47500.0,44500.0,36667.0,50000.0,44500.0,45667.0,46250.0,49375.0,42000.0,48667.0,48333.0,39667.0,41500.0,46400.0,45667.0,48333.0
2025-04-13,23000.0,43400.0,43500.0,45000.0,44375.0,44667.0,46200.0,40000.0,45000.0,43250.0,39333.0,41750.0,44000.0,42400.0,33500.0,35333.0,47000.0,42333.0,45000.0,47833.0,45500.0,25333.0,47500.0,44500.0,36667.0,50000.0,44500.0,45667.0,48250.0,48125.0,42000.0,49333.0,48333.0,40667.0,42500.0,46400.0,43000.0,49500.0
2025-04-14,23000.0,43200.0,43000.0,42500.0,44000.0,44667.0,46800.0,40000.0,47333.0,43250.0,39333.0,42250.0,43333.0,42600.0,34750.0,35333.0,48000.0,40333.0,45000.0,48000.0,45500.0,25333.0,47500.0,46000.0,36667.0,50000.0,46000.0,45000.0,47500.0,46875.0,42000.0,48333.0,48333.0,40667.0,41500.0,46400.0,44000.0,49167.0
2025-04-15,23000.0,43200.0,44000.0,42500.0,44000.0,41333.0,47200.0,40000.0,47333.0,43250.0,40667.0,42250.0,43333.0,40200.0,36000.0,35333.0,46333.0,38000.0,45000.0,45667.0,45500.0,25667.0,47500.0,46000.0,36667.0,48500.0,46000.0,43667.0,47500.0,46875.0,42000.0,48333.0,48333.0,40833.0,43500.0,46400.0,44000.0,48833.0
2025-04-16,23000.0,42200.0,45000.0,42500.0,44125.0,41333.0,47200.0,39333.0,47667.0,43250.0,41333.0,42750.0,43333.0,41600.0,35250.0,35333.0,45333.0,37667.0,45000.0,45667.0,45500.0,25667.0,62500.0,46000.0,37333.0,48500.0,46000.0,44000.0,46750.0,46875.0,42000.0,49667.0,48333.0,40833.0,42500.0,46400.0,44000.0,48833.0
2025-04-17,23000.0,42200.0,45000.0,42500.0,43750.0,41333.0,47200.0,39333.0,47667.0,42000.0,41333.0,42250.0,43333.0,41600.0,35250.0,35333.0,45667.0,37667.0,42500.0,45667.0,45500.0,26333.0,62500.0,44000.0,36667.0,48500.0,45500.0,44000.0,46000.0,46875.0,42000.0,49667.0,48333.0,40833.0,42000.0,46400.0,45667.0,48000.0
2025-04-18,23000.0,41800.0,45000.0,42500.0,43750.0,41333.0,46600.0,39333.0,46000.0,42000.0,41333.0,42250.0,43333.0,41600.0,35250.0,35333.0,45667.0,40667.0,42500.0,46000.0,45500.0,26333.0,45000.0,44000.0,36667.0,48500.0,45500.0,44000.0,46000.0,45625.0,42000.0,46667.0,48333.0,40833.0,44000.0,46400.0,44000.0,48500.0
2025-04-19,23000.0,41800.0,45000.0,42500.0,43750.0,41333.0,46600.0,39333.0,46000.0,42000.0,41333.0,42250.0,43333.0,41600.0,35250.0,35333.0,45667.0,40667.0,42500.0,45000.0,45500.0,27000.0,45000.0,44000.0,36667.0,48500.0,45500.0,44000.0,46000.0,46125.0,42000.0,48333.0,48333.0,40833.0,43500.0,46400.0,43333.0,48833.0
2025-04-20,23000.0,42200.0,45000.0,42500.0,43750.0,41333.0,46600.0,39333.0,44333.0,41250.0,41000.0,42250.0,43333.0,41200.0,35250.0,35333.0,45667.0,40667.0,42500.0,44000.0,44000.0,28000.0,45000.0,42500.0,36667.0,48500.0,45500.0,44000.0,45500.0,46125.0,42000.0,48333.0,48333.0,40833.0,42000.0,46400.0,48333.0,47500.0
2025-04-21,23000.0,42200.0,42500.0,42500.0,41750.0,41333.0,45400.0,36000.0,44333.0,41250.0,41000.0,42250.0,43333.0,40800.0,35250.0,35333.0,45333.0,38667.0,42500.0,44000.0,44000.0,29667.0,45000.0,42500.0,36667.0,47500.0,39000.0,43000.0,45000.0,46125.0,42000.0,46667.0,48333.0,40500.0,42000.0,43100.0,48333.0,45000.0
2025-04-22,23000.0,42200.0,41500.0,42500.0,41875.0,42000.0,44600.0,35000.0,44000.0,41250.0,41000.0,42250.0,43333.0,40800.0,34750.0,35333.0,45333.0,38667.0,42500.0,44000.0,44000.0,29667.0,45000.0,42500.0,36667.0,47500.0,39000.0,42667.0,44500.0,43625.0,39500.0,46667.0,48333.0,40500.0,42000.0,43100.0,45667.0,44167.0
2025-04-23,23000.0,42600.0,41500.0,37500.0,41875.0,41667.0,41800.0,35000.0,43333.0,40000.0,39667.0,42250.0,43333.0,40800.0,34750.0,35333.0,45333.0,40000.0,40000.0,41333.0,42500.0,29667.0,40000.0,41500.0,36667.0,47500.0,38000.0,36000.0,43750.0,43625.0,37500.0,46667.0,48333.0,40667.0,42500.0,43100.0,44000.0,41667.0
2025-04-24,23000.0,42200.0,41500.0,37500.0,40000.0,43000.0,41000.0,33333.0,38667.0,40000.0,39333.0,42250.0,43333.0,41200.0,34750.0,35333.0,45333.0,39333.0,40000.0,41333.0,41500.0,29667.0,40000.0,41500.0,36667.0,41000.0,39000.0,36000.0,43750.0,43625.0,37500.0,46667.0,48333.0,40000.0,41500.0,43100.0,44000.0,40833.0
2025-04-25,23000.0,41600.0,44000.0,37500.0,40250.0,43000.0,41600.0,33333.0,38667.0,40000.0,39333.0,42250.0,43333.0,41200.0,34962.0,33667.0,45333.0,39333.0,40000.0,40667.0,41500.0,29667.0,47500.0,41500.0,37333.0,41000.0,39000.0,36667.0,43000.0,45625.0,37000.0,45000.0,50000.0,39000.0,41500.0,41600.0,43000.0,41667.0
2025-04-26,23000.0,42400.0,44000.0,37500.0,40250.0,43000.0,41600.0,33333.0,38333.0,40000.0,36000.0,42250.0,43333.0,41200.0,34962.0,34333.0,45333.0,39333.0,40000.0,40667.0,41500.0,31333.0,47500.0,41500.0,38000.0,41000.0,39000.0,37333.0,43000.0,45625.0,37000.0,45000.0,50000.0,39000.0,41500.0,41600.0,43000.0,40500.0
2025-04-27,23000.0,42000.0,44000.0,37500.0,40250.0,43000.0,41600.0,33333.0,38333.0,40000.0,36000.0,40000.0,43333.0,40000.0,34962.0,34333.0,43667.0,38333.0,40000.0,40667.0,41500.0,31333.0,47500.0,41500.0,38000.0,41000.0,39000.0,37333.0,42500.0,45625.0,37000.0,45000.0,50000.0,40667.0,43000.0,41600.0,42333.0,40833.0
2025-04-28,23000.0,41000.0,39000.0,40000.0,39500.0,41333.0,39600.0,31667.0,38333.0,35000.0,36333.0,40000.0,39000.0,39600.0,34962.0,34333.0,43667.0,37000.0,40000.0,39667.0,36500.0,31333.0,50000.0,41500.0,38000.0,41000.0,37500.0,36000.0,40750.0,44250.0,36000.0,41333.0,43333.0,43333.0,41500.0,33000.0,43333.0,40000.0
2025-04-29,23000.0,41400.0,38000.0,40000.0,39625.0,41333.0,39200.0,31667.0,38333.0,35000.0,36333.0,38500.0,39000.0,38600.0,33212.0,34333.0,41667.0,37000.0,40000.0,39000.0,36500.0,32000.0,50000.0,38500.0,38000.0,41000.0,37500.0,37333.0,40750.0,44250.0,35500.0,41333.0,43333.0,43333.0,41500.0,33000.0,42333.0,40000.0
2025-04-30,23000.0,41400.0,38000.0,40000.0,39750.0,40000.0,39200.0,31667.0,38333.0,33250.0,36333.0,38900.0,39000.0,37800.0,31962.0,34333.0,41667.0,37000.0,40000.0,39000.0,36500.0,32000.0,49000.0,38500.0,38000.0,41000.0,36000.0,34333.0,40750.0,45500.0,35500.0,41667.0,43333.0,43333.0,42500.0,33000.0,41667.0,39167.0
2025-05-01,23000.0,41600.0,38000.0,40000.0,39750.0,40000.0,39200.0,31667.0,38333.0,33250.0,35667.0,37750.0,39000.0,37800.0,31962.0,34333.0,42333.0,37000.0,40000.0,39000.0,36500.0,30667.0,49000.0,37500.0,36667.0,41000.0,36000.0,34333.0,39750.0,44750.0,35500.0,41000.0,43333.0,43333.0,41500.0,33000.0,40000.0,39167.0
2025-05-02,23000.0,40400.0,37000.0,37500.0,39625.0,40000.0,39200.0,30000.0,35667.0,33250.0,35000.0,36750.0,39000.0,37400.0,31962.0,34333.0,42333.0,36000.0,40000.0,41000.0,36500.0,30667.0,41500.0,37500.0,36667.0,41000.0,36000.0,34333.0,39750.0,44750.0,35500.0,40000.0,43333.0,43333.0,40000.0,33000.0,40000.0,39167.0
2025-05-03,23000.0,39600.0,37000.0,37500.0,39750.0,40000.0,39200.0,30000.0,35667.0,35750.0,35000.0,36000.0,39000.0,37400.0,31962.0,34333.0,42333.0,36000.0,40000.0,39333.0,35000.0,31333.0,41500.0,37500.0,36667.0,40000.0,35000.0,34333.0,39750.0,43750.0,35500.0,41667.0,43333.0,43333.0,40000.0,33000.0,40000.0,40333.0
2025-05-04,23000.0,38800.0,37000.0,37500.0,39750.0,40000.0,39400.0,30000.0,35667.0,35750.0,35000.0,36000.0,39000.0,37400.0,31962.0,33000.0,41333.0,35000.0,40000.0,39333.0,35000.0,31333.0,41500.0,37500.0,36667.0,40000.0,35500.0,34333.0,39750.0,43250.0,35500.0,41667.0,43333.0,43333.0,40000.0,33000.0,38667.0,40833.0
2025-05-05,23000.0,37000.0,35000.0,40000.0,40000.0,40000.0,38400.0,30000.0,35667.0,37000.0,35000.0,35750.0,35667.0,37200.0,34212.0,33000.0,40667.0,35667.0,40000.0,39333.0,35000.0,28667.0,40000.0,33500.0,36000.0,40000.0,35500.0,35667.0,39000.0,43250.0,35500.0,40000.0,43333.0,42500.0,37500.0,33000.0,38333.0,41333.0
2025-05-06,23000.0,37000.0,35000.0,40000.0,39875.0,40000.0,36800.0,30000.0,34000.0,37000.0,33667.0,35750.0,35667.0,36600.0,34212.0,33000.0,40000.0,35667.0,40000.0,39333.0,35000.0,28667.0,40000.0,33500.0,36000.0,40000.0,34000.0,36000.0,39000.0,41500.0,35500.0,38333.0,43333.0,42500.0,37500.0,33000.0,38333.0,41333.0
2025-05-07,23000.0,36800.0,36000.0,37500.0,39750.0,40000.0,38000.0,31333.0,35333.0,35750.0,33667.0,35250.0,35000.0,35000.0,34212.0,32000.0,40000.0,35667.0,40000.0,39333.0,35000.0,28667.0,40000.0,33500.0,35667.0,40000.0,34000.0,36000.0,37750.0,36500.0,35500.0,40000.0,43333.0,42500.0,36500.0,33000.0,41333.0,38167.0
2025-05-08,23000.0,35400.0,36500.0,37500.0,40000.0,40000.0,37800.0,31333.0,35000.0,35750.0,33333.0,35250.0,35000.0,35000.0,33462.0,32667.0,39333.0,35667.0,40000.0,39333.0,35000.0,28667.0,40000.0,33500.0,35667.0,37000.0,33500.0,36000.0,37250.0,36500.0,35500.0,36333.0,43333.0,41833.0,36500.0,33000.0,40000.0,36500.0
2025-05-09,23000.0,34800.0,36500.0,37500.0,40000.0,40000.0,37000.0,31333.0,35000.0,36250.0,33333.0,35000.0,35000.0,35000.0,33462.0,32667.0,39333.0,35000.0,40000.0,39333.0,35000.0,28667.0,37500.0,33500.0,35667.0,37000.0,33500.0,36000.0,38000.0,34500.0,36000.0,36667.0,43333.0,41833.0,37500.0,33000.0,39333.0,37333.0
2025-05-10,23000.0,34800.0,36500.0,37500.0,40000.0,40000.0,37000.0,31333.0,35000.0,36250.0,32667.0,35000.0,35000.0,35000.0,33462.0,32667.0,39333.0,34000.0,40000.0,39333.0,35000.0,30000.0,37500.0,38000.0,35000.0,37000.0,33500.0,36000.0,38000.0,33750.0,36000.0,36667.0,43333.0,41833.0,37500.0,33000.0,38667.0,36500.0
2025-05-11,23000.0,34800.0,36500.0,37500.0,40000.0,40000.0,37000.0,31333.0,35000.0,36250.0,32667.0,35000.0,35000.0,35200.0,33462.0,32667.0,39333.0,34000.0,40000.0,39333.0,33500.0,30000.0,37500.0,38000.0,35000.0,37000.0,33500.0,36000.0,38000.0,33875.0,35500.0,37333.0,43333.0,41833.0,36500.0,33000.0,38333.0,36500.0
2025-05-12,23000.0,34800.0,36500.0,37500.0,40000.0,40000.0,37000.0,31333.0,35667.0,36250.0,32667.0,35000.0,35000.0,35200.0,33462.0,32667.0,39333.0,33333.0,40000.0,39333.0,33500.0,30000.0,40000.0,38000.0,35000.0,37000.0,33500.0,36000.0,38000.0,33875.0,36500.0,37000.0,43333.0,41833.0,36500.0,33000.0,37667.0,35667.0
2025-05-13,23000.0,34800.0,36500.0,37500.0,40125.0,40000.0,37000.0,30667.0,35667.0,36250.0,32000.0,35000.0,35000.0,35200.0,33462.0,32667.0,39333.0,32667.0,40000.0,39333.0,28500.0,30667.0,40000.0,37500.0,35000.0,39000.0,33500.0,36000.0,38000.0,34125.0,34000.0,37000.0,43333.0,41000.0,35500.0,33000.0,36000.0,35667.0
2025-05-14,23000.0,34400.0,36500.0,37500.0,39750.0,38333.0,36600.0,30667.0,35333.0,33750.0,32000.0,35250.0,35667.0,34400.0,34200.0,32667.0,39333.0,33333.0,39000.0,39333.0,28500.0,31667.0,40000.0,37500.0,35000.0,39000.0,34500.0,35000.0,36750.0,34625.0,34000.0,36000.0,41667.0,41000.0,36500.0,33000.0,33333.0,35667.0
2025-05-15,23000.0,34400.0,36500.0,37500.0,37750.0,38333.0,36400.0,30000.0,35333.0,33750.0,32333.0,35250.0,35667.0,34400.0,34200.0,32667.0,38667.0,33333.0,39000.0,39333.0,28500.0,32667.0,40000.0,37500.0,35000.0,39000.0,34500.0,35000.0,36250.0,38750.0,34000.0,36000.0,43333.0,41000.0,35000.0,33000.0,33333.0,36500.0
2025-05-16,23000.0,34400.0,36500.0,37500.0,37875.0,38333.0,36800.0,30000.0,35333.0,33750.0,32333.0,35250.0,35667.0,34400.0,34200.0,32667.0,38000.0,31333.0,39000.0,39333.0,28500.0,32667.0,36000.0,37000.0,35000.0,39000.0,34500.0,36667.0,36250.0,40000.0,34000.0,37667.0,43333.0,41000.0,35500.0,33000.0,35000.0,35833.0
2025-05-17,23000.0,34200.0,36500.0,37500.0,37750.0,38333.0,36800.0,30000.0,35333.0,33750.0,32333.0,35250.0,35667.0,34400.0,34200.0,32667.0,37667.0,31333.0,39000.0,39333.0,28500.0,32667.0,36000.0,37000.0,35000.0,39000.0,34500.0,35000.0,35250.0,40000.0,34000.0,37667.0,43333.0,41000.0,35500.0,33000.0,35000.0,35833.0
2025-05-18,23000.0,33800.0,36500.0,32500.0,38500.0,38333.0,36600.0,30000.0,33000.0,33750.0,32333.0,35250.0,35667.0,34400.0,32200.0,32667.0,37667.0,31333.0,39000.0,39333.0,28500.0,32667.0,36000.0,37000.0,35000.0,39000.0,34500.0,35000.0,35250.0,35500.0,34000.0,37000.0,43333.0,41000.0,34500.0,33000.0,32667.0,35667.0
2025-05-19,23000.0,34000.0,32500.0,34000.0,34750.0,38333.0,35000.0,30000.0,33000.0,32250.0,32333.0,34250.0,35667.0,32800.0,32450.0,30000.0,37333.0,32000.0,39000.0,36667.0,33500.0,32667.0,36000.0,37000.0,35000.0,37000.0,34500.0,35667.0,34500.0,35500.0,34500.0,36333.0,40333.0,41000.0,35000.0,33000.0,35000.0,34833.0
2025-05-20,23000.0,33400.0,31500.0,34000.0,34875.0,38333.0,35600.0,30000.0,32333.0,32250.0,32333.0,33500.0,35667.0,32800.0,33700.0,30000.0,37333.0,32000.0,39000.0,36667.0,33500.0,32000.0,36000.0,37000.0,32000.0,37000.0,34500.0,34333.0,34500.0,35500.0,32500.0,34667.0,40333.0,41000.0,35500.0,33000.0,32333.0,34833.0
2025-05-21,23000.0,32800.0,34500.0,34000.0,34875.0,36667.0,32200.0,29333.0,32333.0,32250.0,32333.0,32500.0,35667.0,32600.0,33188.0,30000.0,37333.0,32000.0,39000.0,36000.0,33500.0,32000.0,34500.0,37000.0,32000.0,36500.0,34000.0,34667.0,34500.0,34000.0,32500.0,34667.0,40333.0,37833.0,35500.0,33000.0,34000.0,33500.0
2025-05-22,23000.0,33000.0,34500.0,34000.0,33500.0,36667.0,33600.0,29333.0,32333.0,32250.0,32333.0,33000.0,35667.0,30400.0,33438.0,30000.0,37333.0,30667.0,39000.0,37333.0,33500.0,32000.0,34500.0,37000.0,32000.0,36500.0,33500.0,33667.0,33000.0,33000.0,32000.0,34333.0,40333.0,37833.0,33500.0,33000.0,34333.0,34333.0
2025-05-23,23000.0,33000.0,33000.0,32500.0,33875.0,36667.0,32400.0,29333.0,31000.0,32750.0,32000.0,32750.0,35667.0,30400.0,30175.0,27667.0,37333.0,30667.0,39000.0,37333.0,33500.0,32000.0,34500.0,37000.0,32000.0,36500.0,33500.0,34333.0,32500.0,32000.0,32000.0,33333.0,38667.0,37333.0,34500.0,33000.0,33333.0,33500.0
2025-05-24,23000.0,32800.0,33000.0,32500.0,33875.0,36667.0,32400.0,29333.0,31000.0,32750.0,32000.0,33250.0,35667.0,30600.0,30175.0,26667.0,36333.0,30667.0,39000.0,37333.0,33500.0,32000.0,34500.0,37000.0,32000.0,36500.0,33500.0,34333.0,32500.0,32000.0,31000.0,33000.0,38667.0,37333.0,34500.0,33000.0,34000.0,33500.0
2025-05-25,23000.0,32400.0,33000.0,32500.0,34500.0,36667.0,32400.0,29333.0,30333.0,32750.0,32000.0,33250.0,35667.0,30600.0,30175.0,26667.0,36333.0,30667.0,37500.0,36667.0,33500.0,32000.0,34500.0,36500.0,32000.0,36500.0,33500.0,34333.0,32500.0,32750.0,31000.0,34333.0,38667.0,36833.0,34500.0,33000.0,34000.0,33500.0
2025-05-26,23000.0,31200.0,30500.0,30000.0,33000.0,36667.0,32000.0,28667.0,29333.0,28750.0,32000.0,33250.0,34333.0,29800.0,30175.0,26667.0,37000.0,30667.0,37500.0,35000.0,35000.0,32000.0,35000.0,32500.0,32000.0,36000.0,30000.0,34333.0,32000.0,31750.0,30000.0,32333.0,39333.0,37833.0,32000.0,31900.0,32333.0,33833.0
2025-05-27,23000.0,30800.0,30500.0,30000.0,33250.0,38667.0,31600.0,28000.0,29333.0,28750.0,32000.0,33250.0,34333.0,30200.0,30175.0,26667.0,33667.0,30000.0,37500.0,35000.0,35000.0,32000.0,35000.0,32500.0,32000.0,36000.0,32500.0,34333.0,32000.0,31750.0,30000.0,32333.0,39333.0,37000.0,32000.0,31900.0,33000.0,33833.0
2025-05-28,23000.0,30600.0,30000.0,30000.0,33875.0,35667.0,31600.0,28000.0,30000.0,28250.0,32000.0,33000.0,34333.0,30200.0,30175.0,27333.0,33667.0,30000.0,37500.0,34000.0,35000.0,32000.0,35500.0,32500.0,30333.0,36000.0,32000.0,31333.0,31500.0,31750.0,30000.0,32667.0,39333.0,37000.0,31000.0,32700.0,33333.0,34000.0
2025-05-29,23000.0,30600.0,30000.0,30000.0,33875.0,35667.0,31600.0,28000.0,30000.0,28250.0,32000.0,33000.0,34333.0,30200.0,30175.0,28667.0,35000.0,30000.0,37500.0,35667.0,35000.0,32000.0,35500.0,32500.0,29667.0,36000.0,32000.0,31333.0,31500.0,31500.0,32000.0,32667.0,39333.0,37000.0,31000.0,31700.0,31667.0,33833.0
2025-05-30,23000.0,30600.0,30000.0,30000.0,33875.0,35667.0,31600.0,28667.0,30000.0,28250.0,31667.0,33000.0,34333.0,30200.0,30175.0,28667.0,34333.0,30000.0,37500.0,34333.0,35000.0,32000.0,35500.0,32500.0,29667.0,36000.0,32000.0,31333.0,33500.0,31500.0,32000.0,32000.0,39333.0,37000.0,31000.0,31700.0,33333.0,33833.0
2025-05-31,23000.0,30200.0,30000.0,30000.0,33875.0,35667.0,31600.0,28667.0,30667.0,28250.0,31667.0,33000.0,34333.0,30200.0,30175.0,28667.0,36000.0,30000.0,39000.0,35000.0,35000.0,32000.0,35500.0,32500.0,29667.0,36000.0,32000.0,31333.0,33750.0,31500.0,35000.0,32333.0,39333.0,37000.0,30000.0,30850.0,36667.0,33833.0
2025-06-01,23000.0,30200.0,30000.0,30000.0,33875.0,35667.0,31600.0,28667.0,33333.0,28750.0,31667.0,31750.0,34333.0,31000.0,30175.0,28667.0,36667.0,32667.0,39000.0,35000.0,35000.0,32000.0,35500.0,32500.0,29667.0,36000.0,32000.0,31333.0,33750.0,30000.0,35000.0,33000.0,39333.0,37000.0,30000.0,30850.0,36667.0,33500.0
2025-06-02,23000.0,30200.0,30000.0,32500.0,37375.0,35667.0,31200.0,32333.0,33333.0,30000.0,31667.0,33250.0,35000.0,31400.0,30425.0,28667.0,36667.0,32667.0,39000.0,36667.0,35000.0,32000.0,40000.0,36000.0,30333.0,40000.0,34500.0,34333.0,33750.0,30500.0,35000.0,35667.0,38333.0,35333.0,32500.0,30850.0,36667.0,34833.0
2025-06-03,23000.0,32400.0,30000.0,35500.0,37625.0,37333.0,33200.0,34667.0,36000.0,34500.0,31667.0,34250.0,35000.0,31400.0,29675.0,28667.0,37333.0,33000.0,38000.0,35667.0,35500.0,32000.0,40000.0,36000.0,30333.0,40000.0,35500.0,35000.0,33750.0,30500.0,35000.0,39667.0,36667.0,35667.0,32000.0,30850.0,36667.0,38500.0
2025-06-04,23000.0,34400.0,31000.0,35500.0,37875.0,38667.0,34400.0,34667.0,36000.0,34500.0,32000.0,34250.0,35000.0,32000.0,29750.0,28667.0,37333.0,33000.0,39000.0,35667.0,35500.0,32000.0,43500.0,39000.0,29667.0,40000.0,35000.0,36000.0,32500.0,32750.0,35000.0,37000.0,36667.0,35667.0,33500.0,30000.0,38333.0,38000.0
2025-06-05,23000.0,34400.0,31000.0,35500.0,35750.0,38667.0,33600.0,35000.0,35000.0,35000.0,32000.0,33500.0,35000.0,32600.0,29750.0,28667.0,37333.0,33000.0,39000.0,38000.0,35500.0,32000.0,43500.0,39000.0,29667.0,40000.0,34500.0,38000.0,32500.0,33000.0,35000.0,36000.0,36667.0,35500.0,32500.0,30000.0,36667.0,37667.0
2025-06-06,23000.0,34400.0,31000.0,35500.0,36250.0,38667.0,33600.0,35000.0,35000.0,35000.0,32333.0,33500.0,35000.0,32600.0,29750.0,28667.0,37333.0,33000.0,39000.0,38000.0,35500.0,32000.0,43500.0,39000.0,29667.0,40000.0,34500.0,38000.0,32500.0,34250.0,35000.0,37000.0,36667.0,35500.0,33500.0,30000.0,36667.0,37667.0
2025-06-07,23000.0,35000.0,31000.0,35500.0,36250.0,38667.0,33600.0,35000.0,35667.0,35000.0,32333.0,33750.0,35000.0,32600.0,29750.0,28667.0,37333.0,33000.0,39000.0,37667.0,35500.0,32000.0,43500.0,39000.0,29667.0,40000.0,34500.0,37333.0,34250.0,34250.0,35500.0,36000.0,35000.0,35500.0,33500.0,32000.0,38333.0,38167.0
2025-06-08,23000.0,34800.0,32500.0,35500.0,36250.0,38667.0,33600.0,30000.0,35667.0,35000.0,32333.0,33750.0,35000.0,32600.0,29750.0,28667.0,39333.0,34000.0,41500.0,38333.0,35500.0,32000.0,43500.0,39000.0,29667.0,40000.0,34500.0,37333.0,36250.0,34250.0,35500.0,35000.0,35000.0,35500.0,32500.0,32000.0,38333.0,38167.0
2025-06-09,23000.0,35000.0,32500.0,35500.0,36250.0,38667.0,34000.0,30000.0,36333.0,35000.0,32333.0,34500.0,35000.0,32600.0,29750.0,28667.0,39333.0,34000.0,39000.0,40000.0,35500.0,32000.0,40000.0,39000.0,29333.0,40000.0,34500.0,37333.0,36750.0,34250.0,35500.0,39333.0,37667.0,35500.0,33500.0,32000.0,36000.0,38000.0
2025-06-10,23000.0,35000.0,34000.0,35500.0,36250.0,38667.0,34600.0,30000.0,37333.0,35000.0,32333.0,34500.0,35333.0,35200.0,29500.0,28667.0,42667.0,34000.0,44000.0,40333.0,35500.0,32000.0,40000.0,37500.0,29333.0,40000.0,33500.0,40000.0,38000.0,32500.0,35500.0,38333.0,37667.0,35500.0,31500.0,32000.0,35667.0,37833.0
2025-06-11,23000.0,39000.0,34000.0,35500.0,36625.0,38667.0,33600.0,30000.0,37667.0,37500.0,32333.0,35250.0,35333.0,35400.0,30250.0,29667.0,43333.0,33333.0,45000.0,40333.0,35500.0,32000.0,45000.0,37500.0,29333.0,40000.0,35000.0,38667.0,38000.0,34000.0,38500.0,38333.0,37667.0,35500.0,31500.0,32000.0,36667.0,38833.0
2025-06-12,23000.0,38600.0,36000.0,35500.0,36625.0,42000.0,34400.0,31333.0,41000.0,40000.0,32333.0,35500.0,35333.0,36800.0,31000.0,29667.0,47000.0,33333.0,45000.0,41667.0,35500.0,32000.0,45000.0,35000.0,30667.0,40000.0,40000.0,38667.0,39250.0,34000.0,41000.0,41333.0,37667.0,35500.0,32500.0,32000.0,40000.0,38000.0
2025-06-13,23000.0,39800.0,37500.0,35500.0,37125.0,42000.0,34600.0,31333.0,42667.0,40000.0,32333.0,37000.0,35333.0,36800.0,30988.0,29667.0,45000.0,34000.0,42500.0,41667.0,41500.0,32000.0,42500.0,35000.0,30667.0,40000.0,44000.0,38667.0,39250.0,34750.0,40000.0,44000.0,39333.0,36667.0,32500.0,32000.0,44333.0,40833.0
2025-06-14,23000.0,44400.0,37500.0,35500.0,37125.0,42000.0,34600.0,33333.0,43333.0,40000.0,32667.0,39750.0,35333.0,36800.0,30988.0,30000.0,45000.0,34000.0,42500.0,41667.0,41500.0,32000.0,42500.0,35000.0,30667.0,40000.0,44000.0,38667.0,39750.0,34750.0,40000.0,45000.0,39333.0,38500.0,32500.0,32000.0,38333.0,40167.0
2025-06-15,23000.0,46000.0,37500.0,35500.0,37125.0,42000.0,34800.0,33333.0,47333.0,40000.0,32667.0,39750.0,35333.0,36800.0,30988.0,30000.0,46000.0,34000.0,42500.0,45333.0,41500.0,32000.0,42500.0,35000.0,30667.0,40000.0,44000.0,38667.0,41000.0,37000.0,40000.0,48333.0,39333.0,38500.0,33500.0,32000.0,40000.0,40167.0
2025-06-16,23000.0,46800.0,37500.0,38000.0,41750.0,43333.0,41400.0,36000.0,47330.0,41250.0,32667.0,43750.0,46667.0,37400.0,30988.0,30000.0,48333.0,34000.0,42500.0,44000.0,41500.0,32000.0,47500.0,39500.0,31333.0,43500.0,42500.0,40667.0,43500.0,38500.0,46500.0,46667.0,43333.0,38500.0,37500.0,35000.0,44667.0,40000.0
2025-06-17,23000.0,47000.0,38500.0,42500.0,41875.0,44000.0,43200.0,39333.0,47333.0,41250.0,32333.0,43750.0,46667.0,37400.0,30988.0,30000.0,48333.0,35000.0,42500.0,44333.0,41500.0,32000.0,47500.0,39500.0,32333.0,45000.0,41000.0,40000.0,44000.0,43000.0,44500.0,45667.0,43333.0,38833.0,38500.0,35000.0,43333.0,40833.0
2025-06-18,23000.0,46400.0,38500.0,42500.0,41875.0,44667.0,45200.0,39333.0,47333.0,41250.0,32333.0,45000.0,46667.0,37400.0,32238.0,32333.0,48333.0,35000.0,42500.0,44333.0,47500.0,32000.0,42500.0,39500.0,32333.0,45000.0,40000.0,42333.0,44000.0,43000.0,42500.0,47667.0,48333.0,40500.0,41000.0,35000.0,41667.0,39833.0
2025-06-19,23000.0,46400.0,40000.0,40000.0,42500.0,43000.0,45600.0,39333.0,44000.0,40000.0,32333.0,45000.0,46667.0,37600.0,33238.0,32333.0,48667.0,35000.0,42500.0,43333.0,47500.0,32000.0,42500.0,48500.0,32333.0,45000.0,39000.0,42333.0,44000.0,44000.0,40000.0,46333.0,50000.0,40500.0,42000.0,35000.0,37667.0,39500.0
2025-06-20,23000.0,46400.0,40000.0,40000.0,42500.0,42667.0,44000.0,38000.0,44000.0,40000.0,32333.0,42500.0,48333.0,37600.0,33238.0,32333.0,48667.0,35000.0,42500.0,44333.0,47500.0,32000.0,48500.0,49500.0,32333.0,45000.0,39000.0,36667.0,44250.0,46500.0,41000.0,44667.0,50000.0,40500.0,42000.0,35000.0,37667.0,40167.0
2025-06-21,23000.0,46400.0,40000.0,40000.0,42500.0,42667.0,44000.0,38000.0,44000.0,40000.0,33333.0,42500.0,48333.0,37600.0,33238.0,32333.0,48667.0,35000.0,44000.0,45000.0,47500.0,32000.0,48500.0,49500.0,32333.0,45000.0,39000.0,36000.0,43250.0,46500.0,41000.0,42333.0,50000.0,40500.0,42500.0,35000.0,38333.0,41500.0
2025-06-22,23000.0,45400.0,40000.0,40000.0,42750.0,42667.0,44000.0,38000.0,44000.0,40000.0,33333.0,42500.0,48333.0,37600.0,33238.0,32333.0,49333.0,35000.0,44000.0,43333.0,47500.0,32000.0,48500.0,49500.0,32333.0,45000.0,39000.0,36000.0,43250.0,46500.0,40000.0,43333.0,48333.0,40500.0,42000.0,35000.0,38333.0,41500.0
2025-06-23,23000.0,44600.0,42500.0,40000.0,42500.0,42000.0,41600.0,33667.0,39000.0,38750.0,34333.0,40750.0,47667.0,37200.0,33250.0,32333.0,50000.0,35000.0,45000.0,43000.0,47500.0,32000.0,49000.0,44500.0,32333.0,42500.0,39000.0,38333.0,42000.0,43750.0,40000.0,44000.0,44333.0,40167.0,40000.0,35000.0,35000.0,40667.0
2025-06-24,25000.0,40800.0,45000.0,37500.0,42625.0,42000.0,38600.0,33667.0,40000.0,37500.0,34333.0,38750.0,47667.0,37200.0,33250.0,32333.0,48333.0,35000.0,45000.0,43000.0,47500.0,32333.0,49000.0,34500.0,32333.0,41000.0,38000.0,38667.0,42000.0,41750.0,35500.0,43333.0,42667.0,40167.0,40000.0,35000.0,35000.0,40667.0
2025-06-25,25000.0,38000.0,45000.0,37500.0,42750.0,40000.0,38600.0,33667.0,40000.0,36250.0,34333.0,38750.0,41000.0,37200.0,33000.0,32333.0,48333.0,35333.0,45000.0,42000.0,47500.0,32333.0,41000.0,39000.0,31667.0,41000.0,39000.0,38667.0,42000.0,43750.0,37000.0,43333.0,41000.0,40333.0,39500.0,35000.0,39000.0,40667.0
2025-06-26,25000.0,37800.0,45000.0,37500.0,41250.0,40000.0,38600.0,31667.0,40000.0,36250.0,34333.0,38750.0,41000.0,37200.0,33000.0,32333.0,46667.0,34000.0,45000.0,42000.0,47500.0,32333.0,41000.0,44000.0,31667.0,41000.0,36000.0,38667.0,41500.0,44500.0,36000.0,43333.0,41000.0,39500.0,40000.0,35000.0,39333.0,39500.0
2025-06-27,25000.0,37400.0,45000.0,37500.0,41250.0,40000.0,38600.0,31667.0,40000.0,36250.0,34333.0,40000.0,41000.0,37200.0,33000.0,32333.0,45000.0,34000.0,45000.0,44000.0,47500.0,32333.0,41000.0,44000.0,31667.0,41000.0,36000.0,38667.0,41500.0,44500.0,33500.0,43333.0,41000.0,39500.0,40000.0,35000.0,36000.0,38833.0
2025-06-28,25000.0,37400.0,45000.0,37500.0,42000.0,40000.0,38800.0,31667.0,39333.0,36250.0,34333.0,40000.0,41000.0,37200.0,33000.0,32333.0,41667.0,34000.0,45000.0,44000.0,47500.0,32333.0,41000.0,44000.0,31667.0,41000.0,36000.0,38667.0,41250.0,44000.0,35000.0,41667.0,41000.0,39500.0,40000.0,35000.0,37333.0,39833.0
2025-06-29,25000.0,36800.0,45000.0,37500.0,42000.0,40000.0,38800.0,31667.0,39333.0,36250.0,34333.0,40000.0,41000.0,37200.0,33000.0,32333.0,41667.0,34000.0,45000.0,44000.0,47500.0,32333.0,41000.0,44000.0,32000.0,41000.0,36000.0,38667.0,41250.0,44000.0,35000.0,41667.0,42667.0,39500.0,40000.0,35000.0,39000.0,39000.0
2025-06-30,25000.0,37000.0,42500.0,37500.0,40000.0,40667.0,38600.0,31000.0,39333.0,35250.0,33333.0,40000.0,40000.0,31000.0,32250.0,32333.0,41667.0,33333.0,42000.0,44667.0,42500.0,32333.0,41500.0,48000.0,32000.0,41000.0,38000.0,38000.0,40000.0,43250.0,35500.0,41000.0,45000.0,40333.0,37500.0,35000.0,38000.0,40667.0
2025-07-01,25000.0,35250.0,42500.0,37500.0,40250.0,40667.0,36800.0,31000.0,40000.0,34000.0,32333.0,40000.0,40000.0,37000.0,31000.0,32333.0,41667.0,32000.0,42000.0,44667.0,42500.0,32333.0,41500.0,48000.0,31667.0,41000.0,35000.0,38333.0,40000.0,43250.0,35500.0,39000.0,45000.0,40333.0,37500.0,35000.0,35000.0,39500.0
2025-07-02,25000.0,35250.0,35500.0,37500.0,40250.0,40667.0,36800.0,31000.0,40000.0,32750.0,32333.0,40000.0,38667.0,37000.0,30238.0,32333.0,41667.0,32000.0,41000.0,41333.0,42500.0,32333.0,41500.0,44500.0,31667.0,41000.0,37000.0,37333.0,40250.0,43250.0,35500.0,39333.0,43333.0,40833.0,37500.0,35000.0,34000.0,39500.0
2025-07-03,25000.0,35250.0,35500.0,37500.0,40000.0,39333.0,36800.0,31000.0,40000.0,32000.0,32333.0,40000.0,38667.0,37000.0,30238.0,32333.0,41667.0,32000.0,41000.0,41333.0,42500.0,32333.0,41500.0,44500.0,31667.0,41000.0,37000.0,37333.0,40250.0,42250.0,38000.0,39333.0,43333.0,40833.0,37500.0,35000.0,36333.0,38667.0
2025-07-04,25000.0,35000.0,35500.0,37500.0,40250.0,39333.0,36400.0,31000.0,40000.0,32000.0,32333.0,40000.0,38667.0,37000.0,30238.0,32333.0,43333.0,32000.0,44000.0,41333.0,42500.0,32333.0,40000.0,44500.0,31667.0,41000.0,38000.0,37333.0,40250.0,42250.0,36500.0,41000.0,42667.0,41667.0,37500.0,35000.0,35333.0,39500.0
2025-07-05,25000.0,35500.0,35500.0,37500.0,40500.0,39333.0,36400.0,31000.0,39333.0,32000.0,32333.0,39000.0,38667.0,37000.0,30238.0,32000.0,45000.0,32000.0,44000.0,41333.0,40000.0,32333.0,40000.0,44500.0,31667.0,41000.0,38000.0,37333.0,40250.0,41500.0,36500.0,41667.0,42667.0,41667.0,37500.0,35000.0,36333.0,39500.0
2025-07-06,25000.0,34800.0,35500.0,37500.0,40750.0,39333.0,36800.0,31000.0,39333.0,32000.0,32667.0,38000.0,38667.0,37000.0,30238.0,32000.0,45000.0,32000.0,41000.0,41333.0,40000.0,32333.0,40000.0,44500.0,31667.0,41000.0,38000.0,37333.0,40250.0,41500.0,36500.0,42667.0,42667.0,41667.0,37500.0,35000.0,37333.0,40333.0
2025-07-07,25000.0,34600.0,35500.0,40000.0,39250.0,41000.0,36800.0,31000.0,39333.0,32000.0,32667.0,37625.0,38000.0,36600.0,31738.0,32000.0,45000.0,31667.0,41000.0,41333.0,40000.0,32333.0,43500.0,38750.0,31667.0,41000.0,37000.0,38667.0,40250.0,42500.0,36500.0,42333.0,42667.0,41667.0,39000.0,35000.0,36667.0,37500.0
2025-07-08,25000.0,36400.0,32500.0,40000.0,39500.0,41000.0,37200.0,32333.0,40333.0,32500.0,34000.0,37625.0,38000.0,36600.0,31738.0,32000.0,45000.0,32667.0,41000.0,41333.0,40000.0,32333.0,43500.0,39500.0,31667.0,42000.0,38000.0,38667.0,39500.0,43250.0,36500.0,45000.0,42667.0,41667.0,39000.0,35000.0,35000.0,37500.0
2025-07-09,25000.0,36400.0,35000.0,40000.0,39625.0,41000.0,36800.0,37000.0,41667.0,35000.0,34000.0,37625.0,38000.0,36600.0,34738.0,33000.0,45000.0,32667.0,41000.0,41000.0,40000.0,32333.0,43500.0,39500.0,34000.0,42000.0,40000.0,38667.0,40500.0,43250.0,36500.0,43333.0,42667.0,41667.0,39000.0,35000.0,35667.0,37000.0
2025-07-10,25000.0,37000.0,35000.0,41000.0,38750.0,39333.0,36800.0,38000.0,41000.0,38250.0,32000.0,38500.0,38000.0,36600.0,34738.0,35000.0,45000.0,32667.0,38500.0,40000.0,40000.0,32333.0,43500.0,41000.0,34667.0,42000.0,39500.0,38667.0,40500.0,43750.0,36500.0,43333.0,42667.0,42167.0,39000.0,35000.0,36667.0,37667.0
2025-07-11,25000.0,38000.0,37000.0,41000.0,38750.0,39333.0,36800.0,38000.0,41000.0,38250.0,34000.0,38500.0,37000.0,36600.0,34750.0,35000.0,43333.0,33667.0,38500.0,40000.0,40000.0,32333.0,45000.0,41000.0,34667.0,42000.0,41000.0,38667.0,40500.0,43000.0,38500.0,45000.0,42667.0,42500.0,40000.0,35000.0,38333.0,39333.0
2025-07-12,25000.0,39000.0,37000.0,41000.0,38750.0,39333.0,36800.0,38000.0,41667.0,38250.0,36000.0,38500.0,37000.0,36600.0,34750.0,35000.0,43333.0,33667.0,38500.0,40000.0,40000.0,32333.0,45000.0,41000.0,36333.0,42000.0,41000.0,38667.0,40500.0,43000.0,38500.0,45333.0,42667.0,42500.0,40000.0,35000.0,37333.0,38500.0
2025-07-13,25000.0,39000.0,37000.0,41000.0,39000.0,39333.0,36800.0,38000.0,41667.0,38250.0,36000.0,39000.0,37000.0,36600.0,34750.0,35000.0,45000.0,33667.0,38500.0,40000.0,40000.0,32333.0,45000.0,41500.0,37667.0,42000.0,41000.0,38667.0,40500.0,42500.0,38500.0,45333.0,42667.0,42500.0,39000.0,35000.0,38000.0,40167.0
2025-07-14,25000.0,38000.0,37500.0,42000.0,41000.0,39333.0,38000.0,40333.0,41667.0,41250.0,36000.0,39000.0,37000.0,36600.0,35750.0,35000.0,45667.0,33667.0,38500.0,42000.0,40000.0,32333.0,48500.0,37500.0,37667.0,43000.0,41000.0,38667.0,42000.0,42500.0,40000.0,45000.0,42667.0,42500.0,39500.0,35000.0,38333.0,40167.0
2025-07-15,25000.0,38000.0,40000.0,42000.0,41000.0,39333.0,38000.0,40333.0,41667.0,41250.0,37333.0,39000.0,37000.0,36600.0,35500.0,37667.0,46667.0,33667.0,39500.0,42000.0,40000.0,32333.0,48500.0,37500.0,37667.0,43000.0,40000.0,38667.0,42750.0,44500.0,40000.0,45333.0,41000.0,42500.0,39500.0,35000.0,38667.0,42667.0
2025-07-16,25000.0,38400.0,41000.0,42000.0,40875.0,41667.0,40000.0,39333.0,41667.0,40000.0,37333.0,39000.0,37000.0,36600.0,39750.0,39333.0,47333.0,34333.0,39500.0,43667.0,40000.0,32333.0,48500.0,42500.0,37667.0,43000.0,40000.0,38667.0,42750.0,45250.0,40000.0,46667.0,41000.0,42833.0,39500.0,35000.0,38000.0,41833.0
2025-07-17,25000.0,38000.0,41000.0,42000.0,40875.0,43333.0,40000.0,36000.0,43000.0,40000.0,37333.0,39000.0,37000.0,36600.0,39000.0,39333.0,47333.0,34333.0,39500.0,45000.0,40000.0,32333.0,48500.0,42500.0,37667.0,43000.0,40000.0,38333.0,42750.0,45750.0,41000.0,46000.0,42667.0,42167.0,39500.0,35000.0,39333.0,42333.0
2025-07-18,25000.0,38400.0,42000.0,42000.0,41000.0,43333.0,39800.0,37666.0,43000.0,40000.0,37333.0,38000.0,37667.0,36000.0,40000.0,39333.0,47333.0,34333.0,45500.0,45333.0,40000.0,32333.0,48500.0,42500.0,37667.0,43000.0,40000.0,38333.0,42750.0,45750.0,41000.0,46000.0,42667.0,42167.0,39500.0,35000.0,40000.0,42333.0
2025-07-19,25000.0,39400.0,42000.0,42000.0,41250.0,43333.0,39800.0,37666.0,45000.0,40000.0,37333.0,38000.0,37667.0,36000.0,40000.0,39333.0,49333.0,34333.0,45500.0,45333.0,40000.0,32333.0,48500.0,42500.0,37333.0,43000.0,40000.0,38333.0,42750.0,45750.0,42000.0,47000.0,42667.0,42167.0,39500.0,35000.0,39333.0,42333.0
2025-07-20,25000.0,40800.0,42000.0,42000.0,41125.0,43333.0,39800.0,37666.0,45000.0,40000.0,37333.0,38000.0,37667.0,36000.0,40000.0,39333.0,49000.0,34333.0,45500.0,45333.0,40000.0,32333.0,48500.0,42500.0,37333.0,43000.0,40000.0,38333.0,42750.0,45750.0,42000.0,47667.0,41000.0,42167.0,39500.0,35000.0,39333.0,44000.0
2025-07-21,25000.0,43000.0,45000.0,46000.0,41500.0,43333.0,39800.0,38333.0,45000.0,44750.0,37667.0,38250.0,38667.0,36000.0,40250.0,40667.0,48333.0,34333.0,45500.0,45667.0,40000.0,32333.0,52500.0,43500.0,36000.0,47500.0,41000.0,44000.0,42750.0,45750.0,46000.0,48667.0,41000.0,42500.0,40000.0,38000.0,39333.0,44000.0
2025-07-22,25000.0,43400.0,45000.0,46000.0,41625.0,44333.0,41400.0,38333.0,45000.0,46250.0,38333.0,38250.0,38667.0,36000.0,41750.0,40667.0,48333.0,36667.0,45500.0,46000.0,40000.0,32333.0,52500.0,46500.0,36667.0,47500.0,43000.0,44000.0,42750.0,45750.0,46000.0,48667.0,42667.0,42500.0,40000.0,38000.0,40000.0,43167.0
2025-07-23,25000.0,42400.0,47000.0,47000.0,41750.0,48667.0,42400.0,42667.0,53000.0,46250.0,38333.0,38250.0,38667.0,36000.0,41750.0,42333.0,49000.0,42000.0,45500.0,47000.0,40000.0,32333.0,52500.0,49000.0,36333.0,47500.0,44000.0,46000.0,43750.0,48250.0,47000.0,51000.0,44333.0,43000.0,40000.0,38000.0,40000.0,44333.0
2025-07-24,25000.0,42400.0,45500.0,47000.0,41750.0,48667.0,43200.0,46000.0,54000.0,46250.0,38333.0,40000.0,38667.0,36000.0,41750.0,42333.0,48333.0,42000.0,45500.0,47000.0,40000.0,32333.0,52500.0,49000.0,36333.0,50000.0,44000.0,46667.0,46000.0,48250.0,47000.0,51000.0,44333.0,43000.0,46500.0,38000.0,40000.0,43833.0
2025-07-25,25000.0,44000.0,46500.0,47000.0,41750.0,49667.0,47200.0,46000.0,53000.0,52500.0,38333.0,41500.0,40000.0,36000.0,42500.0,47333.0,48333.0,42000.0,47500.0,47667.0,40000.0,37667.0,60000.0,50000.0,36333.0,50000.0,47000.0,50000.0,49000.0,47000.0,50000.0,53333.0,44333.0,43000.0,46500.0,38000.0,44667.0,46500.0
2025-07-26,25000.0,48400.0,46500.0,47000.0,41000.0,49667.0,48200.0,46000.0,53000.0,52500.0,38333.0,42500.0,40000.0,36600.0,42500.0,47333.0,47667.0,43333.0,47500.0,47667.0,40000.0,37667.0,60000.0,50000.0,36333.0,50000.0,47000.0,51667.0,51000.0,47000.0,50000.0,53333.0,44333.0,43000.0,46500.0,38000.0,46333.0,46500.0
2025-07-27,25000.0,47400.0,46500.0,47000.0,41000.0,49667.0,48200.0,46000.0,53000.0,52500.0,38333.0,43750.0,40000.0,36600.0,42500.0,48000.0,47667.0,43333.0,52500.0,53000.0,40000.0,39333.0,60000.0,50000.0,36333.0,50000.0,47000.0,51667.0,51000.0,48250.0,51000.0,55000.0,44333.0,43000.0,46500.0,40000.0,50333.0,46500.0
2025-07-28,27000.0,52000.0,47500.0,55000.0,46250.0,51333.0,48600.0,53333.0,55667.0,52500.0,38333.0,50000.0,52333.0,41600.0,43000.0,48000.0,52000.0,47000.0,52500.0,53667.0,40000.0,39333.0,58500.0,53500.0,37667.0,51000.0,48000.0,52333.0,51000.0,48750.0,50000.0,57333.0,47000.0,48833.0,45500.0,40000.0,51667.0,49500.0
2025-07-29,27000.0,53000.0,51000.0,55000.0,46250.0,51333.0,50200.0,53333.0,55667.0,52500.0,41000.0,51250.0,52333.0,42400.0,43500.0,47667.0,52667.0,47000.0,55000.0,52000.0,40000.0,39333.0,58500.0,53500.0,40333.0,51000.0,50000.0,56000.0,51000.0,48750.0,50000.0,55667.0,47000.0,50833.0,46500.0,40000.0,53333.0,49333.0
2025-07-30,27000.0,54000.0,51000.0,55000.0,46000.0,49333.0,50200.0,53333.0,56333.0,52500.0,45000.0,49500.0,55333.0,43000.0,43000.0,48000.0,52667.0,47000.0,55000.0,52000.0,40000.0,39333.0,58000.0,53500.0,42667.0,51000.0,52000.0,54333.0,51500.0,52375.0,52000.0,55000.0,47000.0,52500.0,46500.0,45000.0,51000.0,52333.0
2025-07-31,31000.0,54000.0,51000.0,55000.0,47000.0,49333.0,50600.0,53333.0,56333.0,52500.0,45000.0,49500.0,55833.0,44600.0,43000.0,48000.0,58333.0,47000.0,60000.0,52333.0,40000.0,39333.0,58000.0,53500.0,44000.0,51000.0,51000.0,55000.0,51500.0,52625.0,52000.0,54000.0,47000.0,52333.0,45500.0,45000.0,51000.0,51833.0
2025-08-01,31000.0,54000.0,51000.0,55000.0,46500.0,49333.0,52400.0,46667.0,56333.0,52500.0,45000.0,50000.0,55333.0,44600.0,43500.0,48000.0,58333.0,48000.0,60000.0,50667.0,40000.0,39333.0,55500.0,53500.0,44333.0,51000.0,52000.0,55000.0,52750.0,53625.0,52000.0,53000.0,47000.0,52333.0,45500.0,45000.0,50000.0,52500.0
2025-08-02,31000.0,53600.0,51000.0,55000.0,46375.0,49333.0,52400.0,48333.0,56333.0,52500.0,43000.0,50000.0,55333.0,44600.0,43500.0,48000.0,60000.0,48000.0,60000.0,51667.0,40000.0,39333.0,55500.0,53500.0,44333.0,51000.0,52000.0,55000.0,52750.0,53125.0,51000.0,51667.0,47000.0,52333.0,45500.0,45000.0,48333.0,51667.0
2025-08-03,31000.0,50000.0,51000.0,55000.0,46125.0,49333.0,52400.0,48333.0,56333.0,52500.0,43000.0,50000.0,55333.0,44600.0,43500.0,46667.0,60000.0,48000.0,60000.0,51333.0,40000.0,39667.0,55500.0,52500.0,44333.0,51000.0,52000.0,55000.0,52750.0,53375.0,51000.0,51667.0,47000.0,52333.0,45500.0,45000.0,49000.0,52167.0
2025-08-04,32000.0,51200.0,51000.0,55000.0,50500.0,49333.0,52400.0,43999.0,54000.0,51250.0,42667.0,50000.0,53333.0,45000.0,46000.0,47000.0,60000.0,45333.0,60000.0,51333.0,40000.0,39667.0,55000.0,52500.0,44333.0,55000.0,47000.0,50667.0,51500.0,54000.0,50000.0,49667.0,47000.0,52667.0,46500.0,45000.0,48333.0,52167.0
2025-08-05,32000.0,50600.0,51000.0,55000.0,50500.0,49333.0,53600.0,43999.0,53000.0,51250.0,42000.0,48750.0,53333.0,42200.0,46000.0,47000.0,60000.0,41000.0,60000.0,51333.0,40000.0,38000.0,55000.0,52500.0,43333.0,55000.0,47000.0,50667.0,51500.0,54500.0,50000.0,50667.0,51667.0,52667.0,45500.0,50000.0,47333.0,49000.0
2025-08-06,32000.0,50200.0,50000.0,55000.0,50375.0,50000.0,53400.0,43999.0,53000.0,51250.0,42000.0,50000.0,53333.0,42200.0,46250.0,42333.0,60000.0,41000.0,58000.0,53000.0,40000.0,38000.0,55000.0,52500.0,46333.0,55000.0,45500.0,50667.0,51500.0,55250.0,49000.0,51000.0,51667.0,53500.0,45500.0,50000.0,47667.0,49833.0
2025-08-07,32000.0,50200.0,50000.0,55000.0,50500.0,51667.0,53400.0,43999.0,53000.0,50000.0,42000.0,50750.0,53333.0,42200.0,45750.0,42333.0,56667.0,41000.0,58000.0,52667.0,51500.0,38000.0,55000.0,50000.0,46333.0,55000.0,45500.0,50000.0,51500.0,55250.0,49000.0,51000.0,51667.0,53500.0,44500.0,50000.0,50000.0,49500.0
2025-08-08,32000.0,49800.0,47500.0,55000.0,50500.0,51667.0,53600.0,42333.0,52333.0,50000.0,38000.0,50250.0,53333.0,42200.0,45500.0,42333.0,56667.0,41000.0,58000.0,51000.0,51500.0,38000.0,53500.0,50000.0,46333.0,53500.0,45500.0,50000.0,51500.0,55250.0,47000.0,50333.0,51667.0,53167.0,45500.0,50000.0,53333.0,51000.0
2025-08-09,32000.0,48800.0,47500.0,55000.0,50250.0,51667.0,52600.0,42333.0,52333.0,50000.0,38000.0,49000.0,53333.0,43400.0,45500.0,41667.0,56000.0,44333.0,58000.0,50333.0,51500.0,44333.0,53500.0,50000.0,46333.0,53500.0,45500.0,50000.0,51500.0,55750.0,47000.0,50333.0,51667.0,53167.0,45500.0,50000.0,55000.0,50500.0
2025-08-10,32000.0,50200.0,47500.0,55000.0,50000.0,51667.0,52600.0,42333.0,52333.0,50000.0,38000.0,49000.0,53333.0,43400.0,45500.0,41667.0,56000.0,43667.0,58000.0,50667.0,51500.0,44333.0,53500.0,50000.0,47667.0,53500.0,45500.0,50000.0,51500.0,56500.0,47000.0,51000.0,51667.0,53167.0,45500.0,50000.0,55667.0,49667.0
2025-08-11,32000.0,50600.0,47500.0,49000.0,50500.0,49000.0,51800.0,42333.0,52333.0,49250.0,46000.0,48500.0,53333.0,43400.0,41500.0,40000.0,57667.0,43000.0,58000.0,50333.0,51500.0,43667.0,50000.0,50000.0,48333.0,53500.0,45500.0,50000.0,51500.0,56500.0,46000.0,49667.0,51667.0,53167.0,45500.0,50000.0,53333.0,50500.0
2025-08-12,32000.0,50600.0,47500.0,49000.0,50500.0,49000.0,52200.0,42333.0,52333.0,49250.0,46000.0,48500.0,53333.0,43400.0,41500.0,40000.0,57667.0,42333.0,58000.0,50333.0,51500.0,43667.0,50000.0,50000.0,48333.0,53500.0,43500.0,50000.0,50500.0,56500.0,46000.0,49333.0,51667.0,53167.0,46500.0,50000.0,53333.0,50167.0
2025-08-13,32000.0,51000.0,47500.0,49000.0,50500.0,49000.0,52200.0,43333.0,50000.0,48000.0,46667.0,48500.0,53333.0,43400.0,41500.0,40000.0,51667.0,43333.0,58000.0,50333.0,51500.0,43667.0,50000.0,50000.0,48333.0,51000.0,40500.0,50000.0,50500.0,56500.0,43000.0,45333.0,51667.0,53167.0,45500.0,50000.0,53333.0,48500.0
2025-08-14,32000.0,51400.0,47500.0,45000.0,50250.0,49000.0,48600.0,43333.0,49333.0,44500.0,50667.0,47000.0,53333.0,43400.0,41500.0,40000.0,51667.0,43333.0,58000.0,49333.0,51500.0,43667.0,50000.0,50000.0,47667.0,51000.0,40500.0,45000.0,50500.0,56500.0,43000.0,44000.0,51667.0,53167.0,41500.0,50000.0,51667.0,48500.0
2025-08-15,32000.0,49600.0,44000.0,45000.0,50000.0,49000.0,48800.0,39000.0,49333.0,44500.0,50667.0,46250.0,53333.0,43400.0,41000.0,34333.0,51667.0,42667.0,58000.0,49333.0,51500.0,43667.0,47500.0,45000.0,48333.0,51000.0,40500.0,45000.0,48500.0,55000.0,43000.0,44667.0,51667.0,53167.0,40000.0,50000.0,51667.0,46167.0
2025-08-16,32000.0,50200.0,44000.0,45000.0,50000.0,49000.0,46800.0,39000.0,49333.0,44500.0,50667.0,46250.0,53333.0,41200.0,41000.0,34333.0,49000.0,42667.0,58000.0,49333.0,51500.0,43667.0,47500.0,49000.0,47667.0,51000.0,40500.0,45000.0,48500.0,52500.0,42500.0,44000.0,51667.0,53167.0,40000.0,50000.0,51667.0,47000.0
2025-08-17,32000.0,49600.0,44000.0,45000.0,50000.0,49000.0,46800.0,39000.0,46000.0,44500.0,50667.0,44500.0,53333.0,39600.0,41000.0,34000.0,49000.0,40333.0,58000.0,47667.0,51500.0,43667.0,47500.0,49000.0,46000.0,51000.0,40500.0,45000.0,47500.0,52500.0,42500.0,43333.0,51667.0,53167.0,40000.0,50000.0,49000.0,47000.0
2025-08-18,32000.0,48200.0,44000.0,42500.0,50000.0,49000.0,46800.0,39000.0,46000.0,44500.0,50667.0,43500.0,53333.0,39600.0,41000.0,34000.0,49000.0,38667.0,58000.0,47667.0,51500.0,43667.0,45000.0,49000.0,46000.0,51000.0,37000.0,44000.0,43750.0,53000.0,40000.0,42333.0,51000.0,53167.0,40000.0,50000.0,41667.0,45333.0
2025-08-19,32000.0,42800.0,39000.0,37500.0,46250.0,46333.0,43800.0,36667.0,41000.0,39500.0,27000.0,43500.0,40000.0,36400.0,40250.0,29000.0,48333.0,31333.0,42500.0,46333.0,51500.0,43667.0,45000.0,45000.0,43667.0,46000.0,35250.0,34000.0,41250.0,54000.0,35500.0,39000.0,51000.0,52667.0,37500.0,50000.0,41667.0,39167.0
2025-08-20,32000.0,42000.0,40000.0,37500.0,46250.0,42667.0,40000.0,36667.0,41000.0,39500.0,27000.0,39500.0,40000.0,36400.0,39250.0,29000.0,45667.0,31333.0,42500.0,40000.0,47500.0,40667.0,45000.0,40000.0,43667.0,43500.0,32000.0,33333.0,37500.0,52750.0,35500.0,38333.0,51000.0,52667.0,38500.0,40000.0,41667.0,39167.0
2025-08-21,32000.0,42000.0,40000.0,37500.0,40000.0,42667.0,38600.0,36667.0,40000.0,39500.0,27000.0,39500.0,38333.0,35900.0,34250.0,29000.0,44000.0,31333.0,42500.0,40000.0,47500.0,40667.0,45000.0,40000.0,45333.0,42500.0,31000.0,34667.0,36500.0,51500.0,34000.0,39333.0,51000.0,50667.0,37500.0,40000.0,41667.0,39167.0
2025-08-22,32000.0,41200.0,40000.0,37500.0,39875.0,42667.0,34200.0,36667.0,38333.0,39500.0,26667.0,37000.0,38333.0,35900.0,34125.0,29000.0,44000.0,32667.0,42500.0,40000.0,47500.0,40667.0,36000.0,40000.0,43667.0,42500.0,32000.0,34667.0,36500.0,50000.0,35500.0,39333.0,51000.0,48500.0,36500.0,40000.0,41667.0,39000.0
2025-08-23,32000.0,41200.0,37500.0,37500.0,39875.0,42667.0,34600.0,36667.0,39000.0,39500.0,26667.0,36250.0,38333.0,35900.0,34125.0,29000.0,44000.0,32000.0,42500.0,40000.0,47500.0,40667.0,36000.0,40000.0,43667.0,42500.0,32000.0,34667.0,35250.0,50000.0,35500.0,39333.0,48333.0,48500.0,35000.0,40000.0,43333.0,39000.0
2025-08-24,32000.0,40800.0,37500.0,37500.0,39750.0,42667.0,34600.0,36667.0,38667.0,39500.0,26000.0,36250.0,38333.0,35900.0,34125.0,29000.0,44000.0,32000.0,42500.0,40000.0,47500.0,40667.0,36000.0,40000.0,43000.0,42500.0,32000.0,34667.0,35250.0,48750.0,35500.0,38667.0,48333.0,46667.0,35000.0,40000.0,43333.0,38500.0
2025-08-25,32000.0,39200.0,37500.0,35000.0,33250.0,35333.0,34800.0,31667.0,38000.0,39500.0,26000.0,35750.0,38333.0,35700.0,33750.0,28000.0,43333.0,32000.0,42500.0,40000.0,47500.0,40000.0,36000.0,39000.0,42000.0,41000.0,32000.0,34667.0,35250.0,48750.0,35500.0,34667.0,48333.0,44667.0,36500.0,38000.0,41667.0,36333.0
2025-08-26,33000.0,37400.0,37500.0,35000.0,33250.0,35000.0,35800.0,31667.0,36000.0,39500.0,25333.0,35000.0,38333.0,35700.0,32750.0,28000.0,43333.0,32000.0,42500.0,39333.0,47500.0,40000.0,37500.0,39000.0,42000.0,41000.0,32000.0,34667.0,34750.0,46250.0,32000.0,34667.0,44333.0,43000.0,37500.0,38000.0,41667.0,36000.0
2025-08-27,33000.0,35400.0,36500.0,35000.0,33375.0,35000.0,35400.0,31667.0,36000.0,35000.0,25333.0,35000.0,36167.0,35700.0,32750.0,28000.0,43333.0,31667.0,42500.0,37667.0,40000.0,40000.0,37500.0,39000.0,41333.0,41000.0,31500.0,35000.0,34750.0,43750.0,32000.0,34333.0,44333.0,43000.0,37500.0,38000.0,40000.0,34833.0
2025-08-28,33000.0,36000.0,34000.0,35000.0,34750.0,35000.0,34800.0,31667.0,36000.0,34250.0,25000.0,35000.0,36167.0,34400.0,33500.0,28000.0,43333.0,31667.0,42000.0,37667.0,40000.0,35000.0,36000.0,38000.0,41333.0,41000.0,32000.0,35000.0,35750.0,43750.0,33000.0,35000.0,44333.0,42667.0,36500.0,38000.0,40000.0,33833.0
2025-08-29,33000.0,36000.0,34000.0,35000.0,35000.0,35000.0,34800.0,31667.0,36000.0,34250.0,25000.0,35000.0,36167.0,34400.0,30500.0,28000.0,43333.0,31000.0,42000.0,37667.0,40000.0,35000.0,38500.0,39000.0,41000.0,41000.0,32000.0,35000.0,35000.0,42500.0,33000.0,35000.0,43333.0,42667.0,34500.0,38000.0,41667.0,33500.0
2025-08-30,33000.0,36200.0,34000.0,35000.0,35000.0,35000.0,34800.0,31667.0,35000.0,34250.0,25000.0,34250.0,36167.0,34400.0,30500.0,28000.0,41667.0,31000.0,42000.0,37667.0,40000.0,35000.0,38500.0,39000.0,40000.0,41000.0,32000.0,35000.0,35000.0,42500.0,32000.0,34000.0,43333.0,42667.0,34500.0,38000.0,41667.0,33500.0
2025-08-31,33000.0,35800.0,34000.0,35000.0,35000.0,35000.0,34800.0,31667.0,34667.0,34250.0,25000.0,34250.0,36167.0,34400.0,30500.0,28000.0,40000.0,31333.0,42000.0,37667.0,40000.0,35000.0,38500.0,39000.0,40000.0,41000.0,32000.0,35000.0,35000.0,43750.0,32000.0,34000.0,43333.0,42667.0,34500.0,38000.0,41667.0,33500.0
2025-09-01,33000.0,35800.0,36000.0,35000.0,34750.0,35000.0,34800.0,31667.0,34000.0,32000.0,25000.0,32250.0,36167.0,34200.0,30500.0,28667.0,38333.0,31333.0,40000.0,37500.0,38500.0,35000.0,37000.0,39000.0,40000.0,40000.0,31000.0,35000.0,35000.0,43750.0,32000.0,34000.0,43333.0,42667.0,34000.0,35000.0,38333.0,34000.0
2025-09-02,32667.0,36000.0,36000.0,35000.0,34750.0,35000.0,35200.0,31667.0,34000.0,32000.0,25000.0,33000.0,36167.0,34400.0,30375.0,26333.0,38333.0,31000.0,40000.0,37500.0,38500.0,35000.0,37000.0,40000.0,40000.0,40000.0,31000.0,35000.0,34500.0,41250.0,31000.0,34000.0,43333.0,42667.0,32500.0,35000.0,36667.0,33167.0
2025-09-03,33667.0,36000.0,36000.0,35000.0,35000.0,35000.0,35600.0,31667.0,34000.0,32000.0,25000.0,33000.0,35500.0,34400.0,30375.0,26333.0,38333.0,31000.0,40000.0,37500.0,38500.0,35000.0,37500.0,40000.0,39333.0,40000.0,31000.0,35000.0,34500.0,40000.0,31000.0,34333.0,43333.0,42667.0,34000.0,35000.0,38333.0,33167.0
2025-09-04,35000.0,36000.0,36500.0,35000.0,35250.0,35000.0,35600.0,31667.0,32667.0,32000.0,25000.0,33500.0,35500.0,34600.0,30750.0,26333.0,38333.0,31000.0,40000.0,37500.0,38500.0,35000.0,37500.0,40000.0,36667.0,39000.0,31000.0,35000.0,34500.0,40000.0,31000.0,34333.0,41667.0,41667.0,33500.0,35000.0,35667.0,33167.0
2025-09-05,35000.0,35600.0,36500.0,35000.0,35375.0,35000.0,35600.0,31667.0,32667.0,32000.0,28667.0,33500.0,35500.0,34600.0,30750.0,26333.0,38333.0,31667.0,40000.0,37333.0,38500.0,35000.0,37500.0,40000.0,36667.0,39000.0,31000.0,35000.0,34500.0,40500.0,31000.0,34333.0,41667.0,41667.0,33500.0,35000.0,36667.0,33167.0
2025-09-06,35000.0,36000.0,36500.0,32500.0,35250.0,35000.0,35600.0,31667.0,32333.0,32000.0,28667.0,31250.0,35500.0,34600.0,30750.0,26333.0,37000.0,31667.0,40000.0,38333.0,38500.0,35000.0,37500.0,40000.0,36667.0,39000.0,31000.0,35000.0,34500.0,40500.0,30000.0,34333.0,41667.0,41667.0,33500.0,35000.0,36667.0,33167.0
2025-09-07,35000.0,35600.0,36500.0,32500.0,35125.0,35000.0,35600.0,31667.0,32333.0,32000.0,28667.0,30750.0,35500.0,34600.0,30750.0,26333.0,37000.0,31667.0,40000.0,37333.0,38500.0,35000.0,37500.0,40000.0,36000.0,39000.0,31000.0,35000.0,34500.0,39750.0,30000.0,34333.0,41667.0,41667.0,33500.0,35000.0,36667.0,33167.0
2025-09-08,35000.0,34400.0,35500.0,32500.0,35250.0,35000.0,35200.0,30000.0,32000.0,30750.0,28333.0,33250.0,34167.0,33400.0,30750.0,26333.0,36667.0,31667.0,40000.0,37333.0,38500.0,35000.0,37500.0,34000.0,35333.0,36500.0,31000.0,35000.0,33250.0,39250.0,30000.0,33333.0,41667.0,40333.0,34000.0,35000.0,35000.0,32917.0
2025-09-09,35000.0,33800.0,34000.0,32500.0,35375.0,35000.0,35200.0,30000.0,32000.0,30750.0,28333.0,33250.0,34167.0,33400.0,31000.0,26333.0,36667.0,31000.0,40000.0,37000.0,38500.0,35000.0,37000.0,34000.0,35333.0,36500.0,31000.0,35000.0,33250.0,38625.0,30000.0,33000.0,41667.0,40000.0,34000.0,35000.0,36667.0,32917.0
2025-09-10,35000.0,33800.0,33500.0,32500.0,35375.0,35000.0,35200.0,30000.0,32000.0,30750.0,28667.0,32000.0,34167.0,33800.0,31000.0,26333.0,36667.0,31000.0,37500.0,37000.0,38500.0,35000.0,37000.0,34000.0,35333.0,36500.0,31000.0,33667.0,32250.0,38625.0,30000.0,33000.0,41667.0,40000.0,33500.0,35000.0,38333.0,32500.0
2025-09-11,35000.0,33800.0,33500.0,32500.0,36000.0,35000.0,35200.0,30000.0,31333.0,30750.0,28667.0,31500.0,34167.0,33800.0,30500.0,26000.0,36667.0,31667.0,37500.0,36667.0,38500.0,35000.0,37000.0,34000.0,35333.0,36500.0,30000.0,34333.0,32250.0,38875.0,30000.0,34000.0,41667.0,40000.0,33000.0,35000.0,36667.0,32500.0
2025-09-12,35000.0,33800.0,33000.0,32500.0,36000.0,35000.0,35200.0,30000.0,31333.0,30750.0,28667.0,31000.0,34167.0,33800.0,30500.0,26000.0,36667.0,30000.0,37500.0,36667.0,38500.0,35000.0,37500.0,32000.0,35333.0,36500.0,30000.0,34000.0,32250.0,39375.0,30000.0,33333.0,41667.0,39667.0,32000.0,35000.0,38333.0,32833.0
2025-09-13,35000.0,33800.0,33000.0,32500.0,36000.0,35000.0,35200.0,30000.0,31333.0,30750.0,28667.0,31500.0,34167.0,33800.0,30500.0,26000.0,36000.0,30000.0,37500.0,37000.0,38500.0,35000.0,37500.0,31000.0,35333.0,36500.0,30000.0,33333.0,32250.0,39500.0,30000.0,32000.0,41667.0,39667.0,32000.0,32000.0,38333.0,33333.0
2025-09-14,35000.0,33800.0,33000.0,32500.0,36000.0,35000.0,35200.0,30000.0,31333.0,30750.0,28667.0,31500.0,34167.0,33800.0,30000.0,26000.0,36000.0,30000.0,37500.0,37000.0,38500.0,35000.0,37500.0,31000.0,35333.0,36500.0,30000.0,33333.0,32250.0,40000.0,30000.0,33333.0,40000.0,39667.0,32000.0,32000.0,36667.0,33333.0
2025-09-15,32000.0,32400.0,33000.0,30000.0,35750.0,34333.0,34800.0,29333.0,31000.0,29250.0,28667.0,31500.0,34833.0,33200.0,29488.0,26667.0,35667.0,30000.0,37500.0,37000.0,38500.0,35000.0,33500.0,32000.0,35333.0,35000.0,30000.0,33333.0,32250.0,40000.0,30000.0,34333.0,35667.0,39667.0,32000.0,32000.0,34333.0,32833.0
2025-09-16,32000.0,33400.0,33000.0,30000.0,35625.0,34333.0,34400.0,29333.0,30333.0,29250.0,28667.0,31500.0,34833.0,32400.0,29488.0,26667.0,35667.0,29333.0,37500.0,36333.0,38500.0,35000.0,33500.0,31000.0,36000.0,35000.0,30000.0,33333.0,32250.0,40000.0,30000.0,33667.0,35667.0,39333.0,31000.0,32000.0,36000.0,34833.0
2025-09-17,32000.0,32400.0,31500.0,30000.0,35500.0,34333.0,34400.0,29333.0,30000.0,29250.0,28667.0,31000.0,34833.0,32400.0,29738.0,26667.0,35667.0,29333.0,37500.0,35333.0,38500.0,35000.0,31000.0,31000.0,36000.0,35000.0,30000.0,32333.0,32250.0,39000.0,30000.0,32333.0,35667.0,39333.0,31000.0,32000.0,36000.0,32833.0
2025-09-18,32000.0,32400.0,30500.0,30000.0,35750.0,34333.0,34400.0,29333.0,30000.0,29250.0,28667.0,29000.0,35167.0,32400.0,30238.0,26000.0,34000.0,29333.0,30000.0,35333.0,32000.0,35000.0,31000.0,35000.0,36000.0,35000.0,29500.0,32333.0,32250.0,38500.0,31000.0,31667.0,35667.0,39333.0,31000.0,30000.0,36000.0,32833.0
2025-09-19,32000.0,32000.0,30000.0,30000.0,35000.0,34333.0,34400.0,29333.0,30000.0,29250.0,28667.0,29000.0,35167.0,32600.0,30238.0,26333.0,34000.0,29333.0,30000.0,35333.0,32000.0,35000.0,32000.0,35000.0,36000.0,35000.0,29500.0,32333.0,32250.0,38500.0,31000.0,32667.0,35667.0,39333.0,31000.0,30000.0,35333.0,32833.0
2025-09-20,32000.0,31000.0,30000.0,30000.0,34875.0,34333.0,34400.0,29333.0,30000.0,29250.0,28667.0,29000.0,35167.0,32600.0,30238.0,26333.0,34000.0,29333.0,30000.0,35333.0,33500.0,35000.0,32000.0,35000.0,36000.0,35000.0,29500.0,32333.0,32250.0,37250.0,31000.0,33000.0,35667.0,39333.0,31000.0,30000.0,37000.0,32833.0
2025-09-21,32000.0,31200.0,30000.0,30000.0,35000.0,34333.0,34400.0,29333.0,30000.0,29250.0,28667.0,29000.0,35167.0,32600.0,30238.0,26333.0,34000.0,29333.0,32500.0,35000.0,33500.0,35000.0,32000.0,35000.0,36000.0,35000.0,29500.0,32333.0,32250.0,37250.0,31000.0,33000.0,35667.0,39333.0,30000.0,30000.0,37000.0,32833.0
2025-09-22,32000.0,31000.0,31500.0,30000.0,34750.0,33333.0,34000.0,29333.0,30333.0,32500.0,28667.0,30000.0,35167.0,32400.0,31488.0,26333.0,35000.0,30667.0,32500.0,35667.0,33500.0,32333.0,31000.0,32000.0,36000.0,33500.0,29000.0,33000.0,32750.0,35750.0,31000.0,32667.0,35000.0,38667.0,30000.0,30000.0,36000.0,34667.0
2025-09-23,32000.0,31000.0,31500.0,30000.0,34625.0,33333.0,34000.0,29333.0,30333.0,32500.0,30667.0,30000.0,35167.0,32400.0,31225.0,26333.0,35000.0,30667.0,30000.0,35667.0,33500.0,31333.0,31000.0,33500.0,36000.0,33500.0,28000.0,32333.0,32750.0,35625.0,31000.0,31667.0,35000.0,39000.0,30000.0,30000.0,37667.0,34500.0
2025-09-24,32000.0,30800.0,31500.0,30000.0,34625.0,33333.0,34000.0,29333.0,30333.0,32500.0,30667.0,30500.0,35167.0,32400.0,31225.0,26333.0,35000.0,30667.0,30000.0,35667.0,33500.0,31333.0,30500.0,33500.0,36000.0,33000.0,28000.0,32333.0,32750.0,36875.0,31000.0,31000.0,35000.0,39000.0,30000.0,30000.0,34333.0,34500.0
2025-09-25,32000.0,30600.0,31500.0,31000.0,34000.0,33333.0,33000.0,29333.0,30333.0,32500.0,30667.0,30500.0,35000.0,32800.0,31725.0,26333.0,36667.0,30667.0,37500.0,35667.0,33500.0,31333.0,30500.0,33500.0,36000.0,33000.0,28000.0,32333.0,32750.0,36875.0,30000.0,31667.0,35000.0,38000.0,31000.0,30000.0,34333.0,34500.0
2025-09-26,32000.0,30600.0,31500.0,31000.0,34000.0,33333.0,33000.0,29333.0,31000.0,32500.0,30667.0,30750.0,35000.0,32000.0,31725.0,26333.0,36667.0,30667.0,37500.0,34667.0,33500.0,31333.0,34500.0,33500.0,36000.0,32000.0,28000.0,32333.0,32750.0,37875.0,30000.0,31667.0,35000.0,36667.0,31000.0,30000.0,33333.0,34500.0
2025-09-27,32000.0,30800.0,31500.0,31000.0,34125.0,33333.0,33000.0,29333.0,31333.0,32500.0,30667.0,30000.0,35000.0,32000.0,31725.0,26333.0,36667.0,30667.0,38000.0,34667.0,33500.0,31333.0,34500.0,33500.0,36000.0,32000.0,28000.0,32333.0,32750.0,36750.0,30000.0,31000.0,35000.0,36667.0,31000.0,30000.0,33333.0,34167.0
2025-09-28,32000.0,30000.0,31500.0,31000.0,34125.0,33333.0,33000.0,29333.0,31333.0,32500.0,30667.0,30000.0,35000.0,32000.0,31725.0,26333.0,36667.0,30667.0,38000.0,34000.0,33500.0,31333.0,34500.0,34000.0,36000.0,32000.0,28000.0,32333.0,32750.0,36750.0,30000.0,30333.0,35000.0,36667.0,30000.0,30000.0,33333.0,33667.0
2025-09-29,32000.0,29600.0,31500.0,30000.0,32250.0,33333.0,32400.0,28667.0,31333.0,33250.0,30667.0,29750.0,35000.0,32000.0,31975.0,26000.0,36667.0,31333.0,38000.0,34000.0,33500.0,31333.0,34500.0,31500.0,36000.0,32000.0,29000.0,32333.0,32750.0,36750.0,30000.0,30000.0,36667.0,36667.0,31500.0,30000.0,34000.0,35833.0
2025-09-30,32000.0,29600.0,31500.0,30000.0,32250.0,33333.0,32000.0,28667.0,31333.0,33250.0,30667.0,29750.0,35000.0,31200.0,31962.0,26000.0,34667.0,31333.0,38000.0,34000.0,33500.0,31333.0,34500.0,34000.0,36000.0,31000.0,29000.0,32333.0,32750.0,37250.0,30000.0,30000.0,36667.0,36167.0,30500.0,30000.0,34000.0,35833.0
2025-10-01,32000.0,29200.0,31000.0,30000.0,32375.0,33333.0,33000.0,28667.0,31333.0,33250.0,30333.0,29500.0,34000.0,31200.0,31962.0,26000.0,34667.0,31333.0,38000.0,34000.0,33500.0,31333.0,34500.0,34000.0,36000.0,31000.0,29000.0,32333.0,33250.0,37250.0,30000.0,30000.0,36667.0,35833.0,30500.0,30000.0,33333.0,34833.0
2025-10-02,32000.0,29200.0,32000.0,30000.0,34000.0,33333.0,32600.0,28000.0,31333.0,32500.0,30333.0,29500.0,34000.0,30200.0,31962.0,26000.0,34667.0,31333.0,38000.0,34667.0,33500.0,31333.0,34500.0,34000.0,36000.0,31000.0,29000.0,32333.0,33250.0,37250.0,30000.0,30667.0,36667.0,35333.0,31500.0,30000.0,32667.0,32333.0
2025-10-03,32000.0,29200.0,32000.0,30000.0,34000.0,33333.0,31600.0,28000.0,31333.0,32250.0,30333.0,29750.0,33667.0,30200.0,31962.0,26000.0,34667.0,31333.0,38000.0,34667.0,33500.0,31333.0,34000.0,34000.0,36000.0,31000.0,29000.0,32333.0,33250.0,38500.0,30000.0,32333.0,36667.0,35333.0,31500.0,30000.0,31667.0,32500.0
2025-10-04,32000.0,30600.0,32000.0,30000.0,34000.0,33333.0,31600.0,28000.0,32000.0,32250.0,30333.0,30750.0,33667.0,30200.0,31962.0,26000.0,34667.0,31333.0,38000.0,34667.0,33500.0,31333.0,34000.0,34000.0,36000.0,31000.0,29000.0,32333.0,33250.0,37250.0,30000.0,31667.0,36667.0,35333.0,31500.0,30000.0,30000.0,32667.0
2025-10-05,32000.0,31400.0,32000.0,30000.0,34250.0,33333.0,31600.0,28000.0,32000.0,32250.0,30333.0,31250.0,33667.0,30200.0,31962.0,26000.0,34667.0,30667.0,38000.0,34667.0,33500.0,31333.0,34000.0,34000.0,36000.0,31000.0,29000.0,32333.0,33250.0,37250.0,31000.0,32333.0,36667.0,35333.0,31500.0,30000.0,30000.0,32167.0
2025-10-06,32000.0,31600.0,31500.0,30000.0,32500.0,36000.0,32000.0,28000.0,32000.0,32250.0,30333.0,30500.0,34000.0,30600.0,31962.0,26000.0,34667.0,31333.0,38000.0,38000.0,31500.0,31333.0,35000.0,34000.0,35333.0,32500.0,31500.0,32333.0,33250.0,34750.0,33000.0,34000.0,36667.0,35333.0,31500.0,28000.0,32333.0,33667.0
2025-10-07,32000.0,31600.0,31500.0,30000.0,32500.0,36000.0,32000.0,28000.0,32000.0,33000.0,30333.0,30500.0,34000.0,30600.0,31962.0,28000.0,34667.0,31333.0,38000.0,38000.0,31500.0,31333.0,35000.0,34000.0,35333.0,34500.0,32500.0,32333.0,32750.0,36000.0,32000.0,34333.0,36667.0,35833.0,31500.0,28000.0,33000.0,33667.0
2025-10-08,32000.0,32000.0,32000.0,30000.0,32500.0,36000.0,32000.0,30333.0,32000.0,33250.0,30333.0,30500.0,34000.0,30600.0,31962.0,31333.0,34667.0,31667.0,38000.0,38000.0,34500.0,35000.0,35000.0,34000.0,35333.0,34500.0,33000.0,32667.0,32750.0,36000.0,32000.0,34000.0,36667.0,35833.0,31500.0,28000.0,35000.0,34500.0
2025-10-09,32000.0,32400.0,32000.0,30000.0,33000.0,36667.0,33600.0,30333.0,32667.0,33750.0,30333.0,30750.0,35000.0,30600.0,30700.0,31333.0,35000.0,31667.0,38000.0,38333.0,34500.0,35000.0,35000.0,34000.0,35333.0,34500.0,34000.0,32667.0,32750.0,38000.0,32000.0,35000.0,36667.0,36167.0,32000.0,28000.0,35000.0,34500.0
2025-10-10,32000.0,32400.0,32000.0,30000.0,33250.0,36667.0,33600.0,30333.0,32667.0,33750.0,29667.0,30750.0,35000.0,30600.0,30700.0,31333.0,35000.0,31667.0,38000.0,38333.0,34500.0,35000.0,36500.0,34000.0,35333.0,35000.0,34000.0,32667.0,33250.0,39250.0,32000.0,35000.0,36667.0,36167.0,32000.0,33000.0,37333.0,35000.0
2025-10-11,32000.0,33000.0,32000.0,30000.0,33250.0,36667.0,33600.0,30333.0,32667.0,33750.0,29667.0,30500.0,35000.0,30600.0,30700.0,31333.0,35000.0,31667.0,38000.0,38333.0,34500.0,35000.0,36500.0,34000.0,35333.0,35000.0,34000.0,32667.0,33250.0,39250.0,34500.0,36000.0,36667.0,36167.0,32000.0,33000.0,35667.0,35000.0
2025-10-12,32000.0,33400.0,32000.0,34500.0,33250.0,36667.0,33600.0,30333.0,32667.0,33750.0,30000.0,30500.0,35000.0,30600.0,30700.0,31333.0,35000.0,31667.0,38000.0,38333.0,34500.0,35000.0,36500.0,34000.0,35333.0,35000.0,34000.0,32667.0,33250.0,39250.0,34500.0,36000.0,36667.0,36167.0,32000.0,33000.0,36667.0,36333.0
2025-10-13,32000.0,34600.0,32000.0,35500.0,36750.0,37667.0,33600.0,36000.0,33000.0,35000.0,30000.0,30500.0,35667.0,31800.0,31700.0,31333.0,35000.0,31667.0,38000.0,38333.0,34500.0,35000.0,34000.0,34000.0,34000.0,35000.0,34500.0,35333.0,33750.0,37875.0,34500.0,35000.0,38000.0,36167.0,32000.0,33000.0,35000.0,35833.0
2025-10-14,33667.0,34600.0,33000.0,35500.0,36750.0,37667.0,34200.0,36000.0,33000.0,36500.0,30000.0,32500.0,35667.0,31600.0,32950.0,32000.0,35000.0,31667.0,38000.0,38333.0,34500.0,35000.0,34000.0,35000.0,34000.0,35000.0,34500.0,35333.0,34250.0,37875.0,35500.0,35667.0,37667.0,36167.0,33500.0,33000.0,35000.0,35833.0
2025-10-15,33667.0,35200.0,33000.0,35500.0,37000.0,37667.0,34200.0,36000.0,33000.0,37000.0,30000.0,33250.0,36333.0,31200.0,32950.0,32000.0,35000.0,31667.0,38000.0,38333.0,34500.0,35000.0,34000.0,35000.0,34000.0,35500.0,35000.0,36000.0,34250.0,36625.0,34500.0,36000.0,37667.0,36500.0,34500.0,33000.0,35000.0,36167.0
2025-10-16,33667.0,35600.0,33000.0,35500.0,36000.0,37667.0,34200.0,36000.0,33000.0,37000.0,29667.0,34250.0,36333.0,31200.0,32950.0,32000.0,35000.0,32000.0,40000.0,38667.0,34500.0,35000.0,34000.0,35000.0,34333.0,35500.0,35000.0,36000.0,34250.0,36625.0,34500.0,35333.0,37667.0,36500.0,34500.0,33000.0,35000.0,37167.0
2025-10-17,33667.0,34600.0,33000.0,35500.0,36000.0,37667.0,34200.0,36000.0,32667.0,37000.0,29667.0,34250.0,36667.0,31200.0,32950.0,32000.0,35000.0,32000.0,40000.0,38667.0,34500.0,35000.0,35000.0,35000.0,34333.0,35500.0,35000.0,36000.0,34250.0,35875.0,34500.0,35333.0,37667.0,36500.0,34500.0,33000.0,35000.0,37167.0
2025-10-18,33667.0,34600.0,33000.0,35500.0,36000.0,37667.0,34200.0,36000.0,32667.0,37000.0,29667.0,34250.0,36667.0,31200.0,32950.0,32000.0,35000.0,32000.0,40000.0,38667.0,34500.0,35000.0,35000.0,35000.0,34333.0,35500.0,35000.0,36000.0,34750.0,36500.0,34500.0,37333.0,37667.0,36500.0,34500.0,35500.0,35000.0,37167.0
2025-10-19,33667.0,34600.0,33000.0,35500.0,36000.0,37667.0,34200.0,36000.0,32667.0,37000.0,29667.0,34250.0,36667.0,31400.0,32950.0,32000.0,35000.0,32333.0,40000.0,39000.0,34500.0,35000.0,35000.0,35000.0,34333.0,35500.0,35000.0,36000.0,34750.0,36500.0,36000.0,37667.0,37667.0,36500.0,33500.0,36000.0,35000.0,37167.0
2025-10-20,33667.0,34600.0,35500.0,35500.0,38500.0,37667.0,34000.0,36667.0,33000.0,36250.0,30000.0,33500.0,36667.0,31400.0,32962.0,32000.0,40000.0,32333.0,40000.0,39000.0,35500.0,35000.0,35000.0,38000.0,34333.0,39000.0,35500.0,36333.0,34750.0,37250.0,36000.0,39333.0,37667.0,37333.0,34000.0,36000.0,34000.0,39000.0
2025-10-21,33667.0,35200.0,35500.0,35500.0,38750.0,36667.0,34000.0,36667.0,33333.0,36250.0,30000.0,33500.0,36667.0,31600.0,32962.0,32000.0,40000.0,32333.0,40000.0,39000.0,35500.0,35000.0,35000.0,39000.0,34333.0,39000.0,35500.0,36333.0,34750.0,37250.0,34500.0,38667.0,36000.0,37333.0,35000.0,36000.0,38333.0,38667.0
2025-10-22,33667.0,35200.0,35500.0,35500.0,38750.0,36667.0,34600.0,36667.0,35000.0,36250.0,30000.0,34250.0,36167.0,31600.0,32462.0,32000.0,40000.0,32333.0,40000.0,39000.0,35500.0,35000.0,35000.0,38000.0,34333.0,39000.0,35500.0,35667.0,34750.0,37250.0,34500.0,38667.0,36000.0,37167.0,34000.0,36000.0,35667.0,37500.0
2025-10-23,33667.0,34800.0,34500.0,35500.0,37000.0,36667.0,35000.0,34667.0,35000.0,36250.0,29667.0,34250.0,36167.0,31600.0,32462.0,32000.0,40000.0,33000.0,40000.0,39000.0,35500.0,35000.0,35000.0,36500.0,34333.0,39000.0,35000.0,35667.0,34750.0,37250.0,34500.0,38000.0,36667.0,37167.0,35000.0,36000.0,34000.0,38167.0
2025-10-24,33667.0,34400.0,34500.0,35500.0,37250.0,36667.0,35000.0,34667.0,36667.0,36250.0,29667.0,34250.0,36167.0,31600.0,32462.0,32000.0,40000.0,32667.0,40000.0,39000.0,35500.0,35000.0,33500.0,36500.0,34333.0,39000.0,35000.0,35667.0,34750.0,37000.0,34000.0,38000.0,36667.0,36833.0,35000.0,36000.0,34000.0,38167.0
2025-10-25,33667.0,34400.0,34500.0,35500.0,37250.0,36667.0,35000.0,34667.0,36667.0,36250.0,29667.0,34250.0,36167.0,31600.0,32462.0,32000.0,39333.0,33000.0,40000.0,39000.0,35500.0,35000.0,33500.0,36500.0,34333.0,39000.0,35000.0,36000.0,34750.0,37000.0,34000.0,38000.0,36667.0,36833.0,35000.0,36000.0,36667.0,39000.0
2025-10-26,33667.0,34400.0,34500.0,35500.0,37250.0,36667.0,35000.0,34667.0,37000.0,36250.0,30000.0,34000.0,36167.0,31600.0,32462.0,32000.0,39333.0,33000.0,40000.0,39000.0,35500.0,35000.0,33500.0,36500.0,34333.0,39000.0,35000.0,36000.0,34750.0,37000.0,34000.0,37333.0,36667.0,36833.0,35000.0,36000.0,36667.0,37667.0
2025-10-27,33667.0,34400.0,36000.0,35500.0,37500.0,36667.0,35000.0,34667.0,37000.0,36250.0,30000.0,34500.0,36167.0,31600.0,33212.0,32000.0,40000.0,33667.0,40000.0,39333.0,35500.0,35000.0,36000.0,36500.0,34333.0,39000.0,36500.0,36333.0,36000.0,37250.0,36000.0,38667.0,38333.0,36833.0,35000.0,36000.0,35667.0,37667.0
2025-10-28,33667.0,33800.0,36000.0,35500.0,37500.0,36667.0,35000.0,34000.0,37000.0,36250.0,30000.0,35250.0,36167.0,31600.0,33212.0,32000.0,37667.0,33667.0,40000.0,39333.0,35500.0,35000.0,36000.0,36500.0,34333.0,39000.0,35000.0,36000.0,36000.0,37250.0,36000.0,37333.0,38333.0,36833.0,35000.0,36000.0,35000.0,37667.0
2025-10-29,33667.0,33800.0,34500.0,35500.0,37500.0,36667.0,35000.0,34000.0,37000.0,36250.0,30000.0,35500.0,36167.0,32400.0,33950.0,32667.0,37667.0,34000.0,40000.0,39333.0,35500.0,35000.0,36000.0,36500.0,34333.0,38000.0,36500.0,36000.0,36000.0,37250.0,36000.0,38667.0,38333.0,37167.0,35000.0,36000.0,36000.0,38000.0
2025-10-30,33667.0,34600.0,33500.0,35500.0,36500.0,37667.0,35800.0,34000.0,37000.0,37500.0,30000.0,35250.0,36167.0,33000.0,33950.0,34000.0,37667.0,34000.0,40000.0,39333.0,37000.0,35000.0,36000.0,37500.0,35667.0,38000.0,37500.0,37333.0,36000.0,37750.0,36000.0,41667.0,38333.0,37167.0,35000.0,36000.0,37000.0,38000.0
2025-10-31,33667.0,34600.0,33500.0,35500.0,36500.0,38000.0,36600.0,34000.0,37333.0,37500.0,30000.0,33000.0,36167.0,33000.0,32450.0,34667.0,37667.0,35000.0,40000.0,39333.0,37000.0,35000.0,35000.0,37500.0,35667.0,38000.0,38000.0,37333.0,36000.0,37750.0,38500.0,43333.0,39333.0,37167.0,35000.0,36000.0,36333.0,37667.0
2025-11-01,33667.0,35600.0,33500.0,37500.0,36625.0,38000.0,36600.0,34000.0,38000.0,37500.0,30000.0,35750.0,36167.0,33000.0,32450.0,34667.0,37667.0,36000.0,40000.0,39333.0,37000.0,35000.0,35000.0,37500.0,35667.0,38000.0,38000.0,37333.0,36000.0,37250.0,38500.0,43333.0,39333.0,37167.0,35000.0,36000.0,37000.0,37667.0
2025-11-02,33667.0,35600.0,33500.0,37500.0,36625.0,38000.0,36600.0,34000.0,38000.0,37500.0,30000.0,35000.0,36167.0,33000.0,32450.0,34667.0,37667.0,36000.0,40000.0,39333.0,37000.0,35000.0,35000.0,37500.0,35667.0,38000.0,38000.0,37333.0,36000.0,36500.0,38500.0,43333.0,39333.0,37167.0,35000.0,36000.0,37667.0,37500.0
2025-11-03,33667.0,38200.0,36500.0,37500.0,37125.0,38000.0,38600.0,34667.0,42000.0,36750.0,30333.0,35750.0,36167.0,34000.0,32950.0,34667.0,38333.0,38333.0,42500.0,39333.0,37000.0,35000.0,38500.0,37500.0,35667.0,39000.0,38500.0,37667.0,36250.0,36500.0,36000.0,44333.0,41000.0,37167.0,34000.0,36000.0,37667.0,38833.0
2025-11-04,33667.0,38200.0,36500.0,37500.0,37000.0,39667.0,38600.0,34667.0,42000.0,36750.0,31000.0,36250.0,36167.0,34800.0,33200.0,34667.0,38333.0,38333.0,40000.0,39333.0,37000.0,35000.0,38500.0,37500.0,35667.0,39000.0,39500.0,37667.0,36250.0,36500.0,36000.0,44333.0,39000.0,37833.0,35000.0,36000.0,40000.0,38833.0
2025-11-05,33667.0,38200.0,36500.0,37500.0,37000.0,39667.0,39200.0,34000.0,42000.0,36750.0,31000.0,35750.0,36167.0,34800.0,33200.0,34667.0,40000.0,37667.0,40000.0,39333.0,37000.0,35000.0,37500.0,37500.0,37000.0,39000.0,37000.0,37667.0,36250.0,37750.0,36000.0,42333.0,39000.0,37833.0,36000.0,36000.0,40000.0,38000.0
2025-11-06,33667.0,37800.0,36500.0,37500.0,37000.0,40333.0,39200.0,34000.0,42667.0,37750.0,31000.0,35750.0,36167.0,34400.0,33212.0,34667.0,40000.0,37667.0,40000.0,39333.0,37000.0,35000.0,37500.0,38000.0,37000.0,39000.0,38000.0,37667.0,36750.0,37750.0,36000.0,43000.0,39000.0,37833.0,37000.0,37000.0,40000.0,37333.0
2025-11-07,33667.0,37800.0,36500.0,36500.0,37000.0,40333.0,39600.0,33333.0,42667.0,38000.0,31000.0,35750.0,36167.0,34400.0,33212.0,34667.0,40000.0,37667.0,40000.0,38667.0,37000.0,35000.0,37500.0,38000.0,37000.0,39000.0,37000.0,37667.0,36750.0,37750.0,36000.0,41333.0,39000.0,39333.0,37000.0,37000.0,40667.0,37333.0
2025-11-08,33667.0,37600.0,36500.0,36500.0,37000.0,40333.0,40000.0,33333.0,42667.0,38000.0,31000.0,35750.0,36167.0,34800.0,33212.0,33333.0,40000.0,38667.0,40000.0,39333.0,37000.0,35000.0,37500.0,38000.0,37000.0,39000.0,37000.0,37667.0,36750.0,38250.0,36000.0,41333.0,39000.0,41000.0,37000.0,37000.0,40000.0,37333.0
2025-11-09,33667.0,37600.0,36500.0,36500.0,37000.0,40333.0,40000.0,33333.0,42667.0,38000.0,31000.0,36250.0,36167.0,34800.0,33212.0,33333.0,40000.0,38667.0,40000.0,39333.0,37000.0,35000.0,37500.0,38000.0,37000.0,39000.0,37000.0,37667.0,36750.0,38250.0,36000.0,40667.0,39000.0,41000.0,37000.0,37000.0,40000.0,37500.0
2025-11-10,33667.0,37000.0,37500.0,37500.0,37500.0,40333.0,40000.0,33333.0,42667.0,38000.0,31000.0,35750.0,37833.0,35000.0,33212.0,33667.0,40000.0,38333.0,40000.0,39333.0,37000.0,35000.0,38500.0,37000.0,37667.0,39000.0,37000.0,38000.0,37500.0,38250.0,36000.0,38667.0,37333.0,41500.0,37000.0,37000.0,40667.0,37167.0
2025-11-11,33667.0,37000.0,38000.0,37500.0,37500.0,40333.0,40600.0,33333.0,36333.0,37500.0,31000.0,35750.0,37833.0,35000.0,33712.0,33667.0,40000.0,38333.0,40000.0,39333.0,37000.0,35000.0,38500.0,37000.0,37000.0,39000.0,37000.0,38000.0,37500.0,39750.0,35500.0,38333.0,37333.0,41500.0,36000.0,37000.0,37000.0,37167.0
2025-11-12,33667.0,37000.0,37500.0,37500.0,37625.0,40333.0,40600.0,33333.0,36333.0,36750.0,31000.0,34500.0,37833.0,35000.0,33462.0,33667.0,40000.0,37667.0,40000.0,39333.0,37000.0,35000.0,37500.0,37000.0,37000.0,39000.0,37000.0,38000.0,37000.0,39750.0,35500.0,38333.0,38333.0,41833.0,37000.0,37000.0,37000.0,38000.0
2025-11-13,33667.0,36800.0,37500.0,37500.0,38000.0,40333.0,40000.0,33333.0,36333.0,37500.0,30667.0,34500.0,37833.0,35600.0,33462.0,33667.0,40000.0,36333.0,40000.0,39333.0,38000.0,35000.0,37500.0,38000.0,37667.0,39000.0,37000.0,38000.0,37000.0,39750.0,37500.0,38333.0,38333.0,41833.0,37000.0,37000.0,39333.0,36833.0
2025-11-14,33667.0,36800.0,37500.0,37500.0,38125.0,40333.0,40400.0,33333.0,36333.0,37500.0,30667.0,35000.0,37833.0,35600.0,32962.0,33667.0,40000.0,36333.0,40000.0,39333.0,38000.0,35000.0,37500.0,38000.0,37667.0,39000.0,37000.0,38000.0,37000.0,36250.0,37500.0,38333.0,38333.0,41833.0,37000.0,37000.0,39333.0,37667.0
2025-11-15,33667.0,37400.0,37500.0,37500.0,38125.0,40333.0,40400.0,33333.0,36333.0,37500.0,30667.0,34250.0,37833.0,35600.0,32962.0,34000.0,40000.0,35667.0,40000.0,39333.0,38000.0,35000.0,37500.0,39000.0,37667.0,39000.0,37000.0,38000.0,37000.0,37250.0,37500.0,39333.0,38333.0,41333.0,37000.0,37000.0,40667.0,37667.0
2025-11-16,33667.0,37400.0,37500.0,37500.0,38125.0,40333.0,40400.0,33333.0,36333.0,37500.0,30333.0,34750.0,37833.0,35600.0,32962.0,34000.0,40000.0,35667.0,40000.0,39333.0,38000.0,35000.0,37500.0,39000.0,37667.0,39000.0,37500.0,38000.0,37000.0,39750.0,37500.0,39333.0,38333.0,41333.0,37000.0,37000.0,40000.0,37667.0
2025-11-17,33667.0,37400.0,37000.0,35500.0,38000.0,40000.0,40000.0,33333.0,36333.0,37500.0,30667.0,34750.0,37833.0,36000.0,32962.0,34000.0,40000.0,36333.0,40000.0,39667.0,38000.0,35000.0,37500.0,39000.0,37667.0,39000.0,38000.0,38000.0,37000.0,40250.0,36500.0,39333.0,38333.0,41333.0,37500.0,38000.0,40000.0,38500.0
2025-11-18,33667.0,37600.0,35000.0,34000.0,38000.0,40000.0,40000.0,33333.0,36333.0,37500.0,30333.0,34500.0,37833.0,36000.0,32962.0,34000.0,40000.0,37000.0,40000.0,39667.0,38000.0,35000.0,37500.0,39000.0,37667.0,39000.0,38000.0,38000.0,37750.0,39750.0,36500.0,39333.0,38333.0,41333.0,36500.0,38000.0,38667.0,38333.0
2025-11-19,33667.0,37600.0,35000.0,39000.0,38000.0,40000.0,40000.0,33333.0,36000.0,37500.0,30333.0,35250.0,37833.0,36000.0,32962.0,34000.0,40000.0,38000.0,40000.0,39667.0,38000.0,35000.0,37500.0,36500.0,37667.0,39000.0,38000.0,38000.0,37750.0,39750.0,36500.0,40667.0,39333.0,41333.0,36500.0,38000.0,38667.0,38333.0
2025-11-20,33667.0,37600.0,36000.0,39000.0,38000.0,40000.0,40000.0,35000.0,39333.0,33750.0,30667.0,36900.0,37833.0,36000.0,32950.0,34000.0,40000.0,38667.0,40000.0,39667.0,38000.0,33333.0,37500.0,39000.0,37667.0,39000.0,37500.0,38000.0,37750.0,38750.0,37500.0,41333.0,39333.0,41000.0,36500.0,38000.0,38667.0,39000.0
2025-11-21,33667.0,37600.0,36000.0,39000.0,37875.0,40000.0,40800.0,35000.0,39333.0,33750.0,30667.0,36900.0,37833.0,36000.0,32700.0,34000.0,40000.0,38667.0,40000.0,39667.0,38000.0,33333.0,38000.0,40000.0,37667.0,39000.0,37500.0,38000.0,37500.0,38750.0,40000.0,42333.0,39333.0,41000.0,36500.0,38000.0,40000.0,38833.0
2025-11-22,33667.0,38400.0,36000.0,39000.0,37875.0,40000.0,40800.0,35000.0,39333.0,33750.0,30667.0,36750.0,37833.0,36000.0,32700.0,34000.0,40000.0,38667.0,40000.0,39667.0,38000.0,33333.0,38000.0,40000.0,37667.0,39000.0,37500.0,38000.0,38250.0,37750.0,39000.0,42333.0,39333.0,41000.0,36500.0,38000.0,40000.0,38833.0
2025-11-23,33667.0,38400.0,36000.0,39000.0,37875.0,40000.0,40800.0,35000.0,39333.0,33750.0,30667.0,36750.0,37833.0,36000.0,32700.0,34000.0,40000.0,38667.0,40000.0,40333.0,38000.0,33333.0,38000.0,40000.0,38333.0,39000.0,37500.0,38000.0,38250.0,38500.0,39000.0,42333.0,39333.0,41000.0,36500.0,38000.0,40667.0,38833.0
2025-11-24,36000.0,38400.0,36000.0,39000.0,40250.0,43000.0,40800.0,35000.0,39333.0,38750.0,30667.0,36250.0,38500.0,36000.0,32700.0,34000.0,40000.0,37000.0,41000.0,42000.0,38000.0,33333.0,38000.0,40000.0,38333.0,39000.0,40000.0,38000.0,38000.0,38875.0,37500.0,42333.0,38667.0,40500.0,37500.0,38000.0,40667.0,38833.0
2025-11-25,36000.0,38800.0,36000.0,39000.0,40375.0,43000.0,40800.0,35000.0,39333.0,38750.0,30000.0,36750.0,38500.0,36000.0,32700.0,34000.0,40000.0,37000.0,41000.0,43000.0,38000.0,33333.0,38000.0,40000.0,38333.0,39000.0,40000.0,38000.0,38000.0,38875.0,37500.0,42333.0,38667.0,40833.0,37500.0,38000.0,38333.0,37833.0
2025-11-26,36000.0,40800.0,39000.0,39000.0,40375.0,43000.0,42000.0,35000.0,41000.0,38750.0,30000.0,37750.0,38500.0,35800.0,32700.0,34000.0,41667.0,38667.0,41000.0,43000.0,38000.0,33333.0,38000.0,40000.0,38333.0,39000.0,39000.0,38000.0,38000.0,41375.0,37000.0,45333.0,38667.0,40833.0,37500.0,38000.0,38333.0,37833.0
2025-11-27,36000.0,41200.0,38500.0,39000.0,43000.0,41000.0,42000.0,35000.0,41333.0,38750.0,30000.0,39500.0,40000.0,36000.0,33450.0,34000.0,41667.0,38667.0,42500.0,43000.0,38000.0,33333.0,38000.0,40000.0,38667.0,41500.0,39500.0,37333.0,38000.0,41375.0,37500.0,43667.0,38667.0,42500.0,37500.0,38000.0,40000.0,38500.0
2025-11-28,36000.0,42400.0,38500.0,41000.0,43000.0,42667.0,42200.0,38333.0,41333.0,39500.0,30000.0,40250.0,41667.0,36000.0,33450.0,35333.0,41667.0,40333.0,42500.0,43000.0,38000.0,33333.0,41500.0,40000.0,38667.0,44500.0,40000.0,38667.0,39500.0,41375.0,37500.0,45000.0,38667.0,42500.0,37500.0,38000.0,40667.0,42000.0
2025-11-29,36000.0,42400.0,38500.0,41000.0,43125.0,42667.0,42200.0,38333.0,41333.0,39500.0,30000.0,39500.0,41667.0,36000.0,33450.0,35333.0,43333.0,40333.0,45000.0,43000.0,38000.0,33333.0,41500.0,42500.0,39000.0,44500.0,40000.0,39333.0,39500.0,40625.0,37500.0,43333.0,38667.0,42500.0,37500.0,38000.0,40667.0,42500.0
2025-11-30,36000.0,45200.0,38500.0,41000.0,43250.0,42667.0,42200.0,38333.0,42000.0,39500.0,30000.0,40500.0,41667.0,36000.0,33450.0,35333.0,45000.0,40333.0,45000.0,43000.0,41000.0,33333.0,41500.0,41000.0,39000.0,44500.0,40000.0,39333.0,39500.0,42375.0,40000.0,43667.0,38667.0,42500.0,37500.0,38000.0,41667.0,42000.0
2025-12-01,36000.0,48000.0,41000.0,43500.0,43750.0,44667.0,45200.0,38333.0,42333.0,43750.0,32667.0,41000.0,42333.0,36000.0,34462.0,37000.0,45000.0,42667.0,45000.0,43000.0,41000.0,33333.0,42500.0,43500.0,39000.0,46500.0,50000.0,40667.0,42750.0,42375.0,40000.0,46000.0,41667.0,42833.0,38000.0,43000.0,44333.0,42500.0
2025-12-02,38667.0,48000.0,41000.0,43500.0,43750.0,44667.0,46400.0,38333.0,43000.0,43750.0,32667.0,43000.0,42333.0,36000.0,34462.0,39000.0,45000.0,42667.0,45000.0,43333.0,41000.0,33333.0,42500.0,43500.0,39000.0,48000.0,42000.0,40667.0,42750.0,43125.0,40000.0,46667.0,41667.0,42833.0,38000.0,43000.0,41667.0,44333.0
2025-12-03,38667.0,48000.0,42500.0,45000.0,44375.0,47333.0,47400.0,38333.0,45000.0,46250.0,38000.0,44000.0,42667.0,36000.0,44750.0,42667.0,45000.0,48333.0,45000.0,44667.0,41000.0,33333.0,42500.0,49000.0,39000.0,49000.0,43000.0,40667.0,42750.0,45500.0,43500.0,50667.0,43333.0,42833.0,38500.0,43000.0,45000.0,44667.0
2025-12-04,38667.0,47000.0,47500.0,47500.0,44500.0,47333.0,50400.0,41667.0,45000.0,47500.0,38000.0,44000.0,42667.0,36000.0,44750.0,43000.0,45000.0,47667.0,45000.0,45000.0,41000.0,33333.0,42500.0,49000.0,41000.0,49000.0,44000.0,41333.0,43250.0,45500.0,43500.0,49000.0,43333.0,42833.0,40000.0,45000.0,46000.0,43833.0
2025-12-05,40000.0,49400.0,47500.0,47500.0,44625.0,47667.0,52800.0,41667.0,45000.0,47500.0,38000.0,44000.0,42667.0,36600.0,43000.0,46000.0,45000.0,48000.0,49000.0,45000.0,46000.0,33333.0,42500.0,49000.0,41000.0,51000.0,46000.0,46000.0,43250.0,44000.0,44500.0,48333.0,43333.0,42833.0,40000.0,45000.0,48333.0,43333.0
2025-12-06,40000.0,53400.0,47500.0,47500.0,44625.0,47667.0,52800.0,40000.0,48333.0,47500.0,38000.0,45250.0,42667.0,37000.0,42500.0,46000.0,53333.0,48000.0,49000.0,48667.0,46000.0,33333.0,42500.0,49000.0,41000.0,51000.0,46000.0,47000.0,43750.0,44000.0,46500.0,49000.0,43333.0,43667.0,40000.0,45000.0,49333.0,43000.0
2025-12-07,40000.0,54200.0,47500.0,45000.0,44625.0,47667.0,52800.0,40000.0,49333.0,47500.0,36000.0,45500.0,42667.0,37200.0,42500.0,49000.0,53333.0,48000.0,47000.0,50333.0,46000.0,33333.0,43500.0,49000.0,40667.0,51000.0,46000.0,47000.0,43750.0,44000.0,46500.0,52333.0,43333.0,43667.0,40000.0,45000.0,49333.0,43500.0
2025-12-08,40000.0,55600.0,47500.0,49000.0,48250.0,47667.0,54800.0,40000.0,49667.0,50000.0,36000.0,47125.0,50667.0,37600.0,42500.0,49000.0,53333.0,48000.0,47500.0,50333.0,46000.0,33333.0,47500.0,49000.0,44000.0,52000.0,46500.0,47333.0,43750.0,44875.0,51000.0,51667.0,44333.0,44833.0,42500.0,45000.0,49333.0,45833.0
2025-12-09,42000.0,58400.0,46000.0,49000.0,48500.0,48667.0,54800.0,41667.0,50333.0,50000.0,70000.0,45875.0,50667.0,41200.0,42500.0,49000.0,56667.0,48000.0,47500.0,49567.0,46000.0,33333.0,47500.0,53000.0,45333.0,51000.0,46500.0,47333.0,46250.0,44875.0,51500.0,50000.0,51000.0,44833.0,44500.0,45000.0,49333.0,45667.0
2025-12-10,44000.0,56600.0,47500.0,49000.0,48500.0,48667.0,54800.0,41667.0,50333.0,50000.0,66667.0,47875.0,50667.0,41200.0,41250.0,49000.0,60000.0,48000.0,47500.0,51000.0,49000.0,40667.0,48500.0,57500.0,46667.0,51000.0,45500.0,47333.0,46250.0,47375.0,49000.0,52667.0,51000.0,45667.0,44500.0,45000.0,52667.0,47333.0
2025-12-11,45000.0,58000.0,46000.0,46500.0,48750.0,48667.0,54800.0,41667.0,50333.0,50000.0,64667.0,47875.0,50667.0,41200.0,44250.0,49000.0,58333.0,48000.0,57500.0,51000.0,49000.0,41333.0,48500.0,57500.0,54000.0,51000.0,45500.0,47333.0,46250.0,46625.0,47500.0,52667.0,51000.0,45667.0,44500.0,47000.0,53333.0,46500.0
2025-12-12,45000.0,48080.0,46000.0,42500.0,49000.0,48667.0,55200.0,41667.0,50333.0,46250.0,59667.0,47875.0,50667.0,41200.0,44750.0,38000.0,58333.0,48000.0,57500.0,51000.0,49000.0,41333.0,48500.0,50000.0,54000.0,51000.0,44000.0,47333.0,46250.0,45875.0,51500.0,50333.0,53333.0,45667.0,46500.0,47000.0,55000.0,47333.0
2025-12-13,45000.0,56800.0,46000.0,42500.0,49000.0,48667.0,55200.0,41667.0,49000.0,46250.0,59000.0,46625.0,50667.0,41200.0,44750.0,36333.0,56667.0,48000.0,57500.0,51000.0,49000.0,41333.0,48500.0,50000.0,54000.0,51000.0,44000.0,47333.0,47250.0,45875.0,51500.0,49333.0,53333.0,45667.0,47500.0,48000.0,53333.0,47333.0
2025-12-14,45000.0,56800.0,46000.0,42500.0,48750.0,48667.0,55200.0,41667.0,47667.0,46250.0,55000.0,44500.0,50667.0,41200.0,44750.0,36000.0,56667.0,43667.0,50000.0,50333.0,49000.0,41333.0,48500.0,47500.0,53333.0,51000.0,44000.0,47333.0,47250.0,45875.0,49000.0,48667.0,53333.0,45667.0,47500.0,48000.0,51667.0,47833.0
2025-12-15,45000.0,52400.0,40000.0,39000.0,48250.0,45333.0,55200.0,41667.0,47000.0,43750.0,55000.0,43750.0,50667.0,41200.0,44712.0,36000.0,53333.0,43667.0,50000.0,47667.0,48000.0,43667.0,48500.0,48500.0,53333.0,47500.0,39000.0,46333.0,47250.0,43125.0,49000.0,48333.0,53333.0,45667.0,46000.0,48000.0,51667.0,46667.0
2025-12-16,45000.0,48600.0,38500.0,36500.0,48125.0,41667.0,55800.0,34667.0,47000.0,43750.0,54667.0,41250.0,50667.0,39400.0,44712.0,35000.0,51667.0,43667.0,55000.0,46000.0,48000.0,43333.0,48500.0,48500.0,51667.0,47500.0,39000.0,45333.0,47250.0,43125.0,42000.0,46000.0,48333.0,45667.0,46000.0,48000.0,53000.0,45000.0
2025-12-17,45000.0,47600.0,37500.0,35000.0,48125.0,41667.0,55200.0,33667.0,47000.0,42000.0,54667.0,41250.0,49000.0,38000.0,44712.0,35000.0,50667.0,43667.0,55000.0,44333.0,48000.0,43333.0,47500.0,48500.0,48667.0,47500.0,39000.0,45333.0,45000.0,48125.0,38000.0,44667.0,48333.0,44500.0,46000.0,48000.0,49000.0,41667.0
2025-12-18,45000.0,46800.0,37500.0,35000.0,48750.0,41667.0,55200.0,33667.0,47000.0,38250.0,52667.0,41250.0,49000.0,38000.0,42788.0,35000.0,50000.0,37000.0,55000.0,44333.0,48000.0,43000.0,47500.0,43500.0,47000.0,47500.0,37500.0,42667.0,45000.0,48000.0,33000.0,40333.0,48333.0,44500.0,44000.0,48000.0,48333.0,41500.0
2025-12-19,45000.0,45600.0,37500.0,35000.0,48750.0,41667.0,55200.0,33667.0,41333.0,38250.0,51000.0,41250.0,47667.0,38200.0,40500.0,35000.0,50000.0,34667.0,55000.0,44667.0,48000.0,43000.0,43500.0,40000.0,47000.0,47500.0,37500.0,40000.0,41000.0,53125.0,33000.0,42667.0,48333.0,43833.0,41500.0,48000.0,45000.0,39833.0
2025-12-20,45000.0,44000.0,37500.0,35000.0,48750.0,41667.0,55200.0,33667.0,39333.0,38250.0,51000.0,36250.0,47667.0,38200.0,40500.0,35000.0,50000.0,35000.0,52500.0,44667.0,41500.0,43000.0,43500.0,38000.0,47000.0,47500.0,37000.0,40000.0,41000.0,51875.0,33000.0,40333.0,48333.0,43333.0,39500.0,38000.0,48333.0,40000.0
2025-12-21,45000.0,43200.0,37500.0,35000.0,48750.0,41667.0,54800.0,33667.0,38667.0,38250.0,46667.0,35750.0,47667.0,36600.0,40500.0,35000.0,54000.0,35000.0,52500.0,43000.0,41500.0,43000.0,43500.0,38000.0,47000.0,47500.0,37000.0,40000.0,41000.0,51875.0,33000.0,40000.0,48333.0,43333.0,37500.0,38000.0,48333.0,40000.0
2025-12-22,40000.0,41200.0,37500.0,32500.0,47500.0,36667.0,46000.0,31333.0,38000.0,38250.0,46667.0,36500.0,45000.0,38000.0,40500.0,35000.0,41667.0,33333.0,52500.0,41333.0,41500.0,43000.0,38500.0,37500.0,47000.0,43000.0,35000.0,40667.0,41000.0,51750.0,35000.0,39333.0,43333.0,43167.0,35500.0,38000.0,49333.0,39167.0
2025-12-23,40000.0,40800.0,37500.0,32500.0,47500.0,36667.0,46000.0,30000.0,38000.0,38250.0,46667.0,35750.0,45000.0,38000.0,40500.0,35000.0,41667.0,32667.0,50000.0,41000.0,41500.0,43000.0,38500.0,35000.0,44333.0,41000.0,35000.0,37000.0,38250.0,46750.0,33500.0,38667.0,43333.0,44000.0,34500.0,38000.0,49333.0,38333.0
2025-12-24,40000.0,40600.0,37500.0,32500.0,47875.0,35667.0,44000.0,30000.0,36333.0,36250.0,43333.0,36250.0,45000.0,38000.0,39712.0,35000.0,42333.0,32667.0,50000.0,40667.0,41500.0,43000.0,38500.0,35000.0,41667.0,41000.0,34000.0,37000.0,38250.0,46250.0,33500.0,39333.0,43333.0,43333.0,34500.0,38000.0,45000.0,37333.0
2025-12-25,40000.0,39600.0,37500.0,32500.0,47625.0,35667.0,44000.0,30000.0,35667.0,36250.0,43333.0,37000.0,45000.0,38000.0,39212.0,35000.0,46667.0,32667.0,50000.0,40667.0,41500.0,41333.0,39500.0,35000.0,40667.0,41000.0,34000.0,36333.0,37250.0,46250.0,34500.0,36667.0,43333.0,43500.0,34500.0,38000.0,45000.0,37667.0
2025-12-26,40000.0,39600.0,37500.0,32500.0,47625.0,35667.0,43400.0,30000.0,35667.0,36250.0,43333.0,37000.0,45000.0,38000.0,39212.0,35000.0,43333.0,32667.0,50000.0,40000.0,41500.0,41333.0,39500.0,35000.0,40667.0,41000.0,34000.0,35333.0,37250.0,45000.0,33500.0,40333.0,45000.0,43500.0,34500.0,38000.0,45000.0,37333.0
2025-12-27,40000.0,39600.0,37500.0,32500.0,47500.0,35667.0,44600.0,30000.0,34667.0,36250.0,45000.0,37000.0,40667.0,38000.0,39212.0,35000.0,41667.0,32667.0,50000.0,40000.0,41500.0,41333.0,39500.0,35000.0,39333.0,41000.0,34000.0,34333.0,37250.0,45000.0,32000.0,38667.0,45000.0,43500.0,34500.0,38000.0,43333.0,37800.0
2025-12-28,40000.0,38400.0,37500.0,32500.0,47500.0,35667.0,42600.0,26667.0,34667.0,36250.0,43333.0,35000.0,40667.0,37000.0,39212.0,35000.0,40667.0,32667.0,50000.0,40000.0,41500.0,41333.0,39500.0,36000.0,39333.0,41000.0,32500.0,34333.0,37250.0,45000.0,32000.0,38667.0,45000.0,43500.0,32500.0,38000.0,43333.0,37000.0
2025-12-29,40000.0,37400.0,33500.0,31000.0,46000.0,34000.0,42000.0,26667.0,35333.0,35750.0,42000.0,34250.0,39000.0,37000.0,39212.0,35000.0,40000.0,32333.0,50000.0,39000.0,36500.0,41333.0,36500.0,37000.0,39333.0,39000.0,32500.0,33333.0,37250.0,43750.0,32000.0,36000.0,40000.0,42667.0,32000.0,38000.0,43333.0,36667.0
2025-12-30,40000.0,38400.0,33500.0,31000.0,46000.0,33667.0,42000.0,26667.0,35000.0,35750.0,42000.0,34500.0,39000.0,34400.0,36712.0,35000.0,38333.0,30667.0,50000.0,40667.0,36500.0,41333.0,36500.0,37500.0,39333.0,39000.0,30000.0,33333.0,37250.0,43500.0,33000.0,34000.0,40000.0,42667.0,33000.0,38000.0,40667.0,36500.0
2025-12-31,40000.0,38000.0,33500.0,31000.0,45875.0,33667.0,38000.0,26667.0,35000.0,35000.0,42000.0,33250.0,39000.0,34000.0,33462.0,35000.0,38333.0,30667.0,50000.0,40167.0,36500.0,40667.0,36500.0,38500.0,39333.0,39000.0,30000.0,34000.0,37250.0,41750.0,33000.0,34667.0,38333.0,42333.0,33000.0,38000.0,39667.0,37000.0
2026-01-01,40000.0,35600.0,33000.0,31000.0,45875.0,33667.0,38000.0,26667.0,35000.0,35000.0,42000.0,34500.0,39000.0,34000.0,33462.0,35000.0,39333.0,30667.0,50000.0,40167.0,36500.0,40667.0,36500.0,37500.0,40000.0,39000.0,30000.0,35000.0,37250.0,38250.0,33000.0,34000.0,38333.0,42333.0,33000.0,38000.0,39000.0,35500.0
2026-01-02,40000.0,36800.0,31000.0,31000.0,45625.0,34333.0,38000.0,26667.0,35000.0,35000.0,42000.0,34500.0,39000.0,34000.0,33462.0,35000.0,39333.0,30667.0,40000.0,38500.0,36500.0,40667.0,35000.0,37500.0,39333.0,38000.0,31000.0,35000.0,37250.0,37750.0,33000.0,33667.0,38333.0,42000.0,33000.0,38000.0,39000.0,35500.0
2026-01-03,40000.0,35600.0,31000.0,31000.0,45625.0,34333.0,38000.0,26667.0,35000.0,35000.0,42000.0,34500.0,39000.0,34000.0,33462.0,35000.0,39333.0,30667.0,40000.0,38500.0,36500.0,40667.0,35000.0,37500.0,39333.0,38000.0,31000.0,35000.0,37250.0,37750.0,33000.0,35333.0,35667.0,42000.0,33000.0,35000.0,38333.0,35500.0
2026-01-04,40000.0,36600.0,31000.0,31000.0,45625.0,34333.0,38000.0,26667.0,35000.0,35000.0,41667.0,35500.0,39000.0,34000.0,32962.0,35000.0,38333.0,30667.0,40000.0,38500.0,36500.0,40667.0,35000.0,37500.0,39333.0,38000.0,31000.0,35000.0,37250.0,36750.0,33000.0,34333.0,35667.0,42000.0,33000.0,35000.0,38333.0,36000.0
2026-01-05,40000.0,37600.0,31500.0,31000.0,45750.0,34333.0,38000.0,30000.0,33000.0,34500.0,43667.0,34750.0,37000.0,33400.0,33338.0,35000.0,38333.0,30667.0,35000.0,36500.0,34000.0,40000.0,36000.0,33500.0,39333.0,38000.0,30000.0,36000.0,36000.0,36750.0,33000.0,37000.0,36667.0,39000.0,32000.0,35000.0,37333.0,35667.0
2026-01-06,38333.0,36400.0,31000.0,30000.0,45750.0,34333.0,38600.0,30000.0,33000.0,34500.0,43667.0,34000.0,37000.0,33800.0,32838.0,31000.0,38333.0,30667.0,35000.0,36167.0,34000.0,40000.0,36000.0,33500.0,39333.0,37000.0,31000.0,36000.0,35250.0,35750.0,33500.0,36000.0,36667.0,39000.0,31500.0,32500.0,38333.0,35333.0
2026-01-07,38333.0,36400.0,33500.0,30000.0,45750.0,34333.0,38600.0,30000.0,33000.0,30000.0,45333.0,34500.0,36000.0,32400.0,32838.0,31000.0,38333.0,30667.0,35000.0,37333.0,34000.0,36667.0,36000.0,33500.0,39333.0,38000.0,31000.0,36000.0,35250.0,36750.0,34500.0,34667.0,36667.0,39000.0,31500.0,32500.0,36667.0,34667.0
2026-01-08,38000.0,36400.0,33500.0,31000.0,46250.0,33000.0,37800.0,31667.0,34000.0,35000.0,45333.0,33575.0,36000.0,33200.0,32838.0,30000.0,38333.0,30667.0,35000.0,37333.0,34000.0,36667.0,37000.0,34500.0,39333.0,38000.0,34000.0,36000.0,35250.0,35750.0,34500.0,34333.0,36667.0,39333.0,31500.0,32500.0,40000.0,34667.0
2026-01-09,38000.0,36600.0,32500.0,31000.0,46125.0,33000.0,37800.0,31667.0,34000.0,31750.0,45333.0,34000.0,35333.0,33400.0,32338.0,30000.0,38333.0,31333.0,35000.0,37000.0,34000.0,36000.0,37000.0,34500.0,37667.0,37000.0,34000.0,36000.0,35250.0,35750.0,34500.0,36000.0,36667.0,39333.0,31000.0,32500.0,38333.0,34167.0
2026-01-10,38000.0,36000.0,32500.0,31000.0,46125.0,33000.0,37800.0,30000.0,34333.0,31750.0,45333.0,34500.0,35333.0,34000.0,32338.0,30000.0,38333.0,31333.0,35000.0,37000.0,34000.0,36000.0,36500.0,34500.0,37667.0,37000.0,34000.0,36000.0,35750.0,35750.0,34500.0,34000.0,36667.0,39333.0,31500.0,32500.0,40000.0,33667.0
2026-01-11,38000.0,36800.0,32500.0,31000.0,46125.0,33000.0,37800.0,30000.0,34667.0,31750.0,45333.0,34500.0,35333.0,34000.0,32338.0,30000.0,37667.0,31333.0,37500.0,38667.0,34000.0,36000.0,36500.0,34500.0,37667.0,37000.0,34000.0,36000.0,35750.0,36250.0,34500.0,36000.0,36667.0,35833.0,31500.0,32500.0,41667.0,34667.0
2026-01-12,38000.0,35800.0,31500.0,30000.0,36750.0,33333.0,36600.0,30667.0,34667.0,30750.0,45333.0,34125.0,34667.0,33800.0,31838.0,30000.0,36667.0,31333.0,37500.0,38833.0,34000.0,36000.0,35000.0,34500.0,36667.0,37000.0,32500.0,35000.0,35000.0,37250.0,34500.0,35000.0,36667.0,35833.0,31500.0,32500.0,40000.0,33833.0
2026-01-13,37000.0,34800.0,32500.0,30000.0,36750.0,32333.0,36600.0,30667.0,34667.0,32500.0,45333.0,34000.0,34667.0,33600.0,31750.0,30333.0,36667.0,31333.0,37500.0,38833.0,34000.0,36000.0,35000.0,34500.0,36000.0,37000.0,32000.0,34000.0,34000.0,36750.0,34500.0,36667.0,36667.0,35833.0,31500.0,32000.0,40000.0,33833.0
2026-01-14,37000.0,34800.0,32500.0,30000.0,36750.0,32333.0,36600.0,30667.0,34667.0,33000.0,45333.0,34000.0,34667.0,32800.0,32500.0,30333.0,35000.0,31333.0,37500.0,38833.0,32500.0,36000.0,32500.0,34500.0,36000.0,37000.0,32000.0,34000.0,34000.0,35750.0,34500.0,36667.0,36667.0,35833.0,31500.0,32000.0,40000.0,33000.0
2026-01-15,37000.0,34800.0,32500.0,30000.0,37750.0,31333.0,36600.0,29333.0,34667.0,33000.0,45333.0,33500.0,34667.0,32800.0,32500.0,30333.0,35000.0,31333.0,37500.0,37167.0,32500.0,35333.0,32500.0,34500.0,36000.0,37000.0,32000.0,34667.0,34000.0,35750.0,34500.0,36000.0,36667.0,36667.0,32500.0,31000.0,39667.0,33000.0
2026-01-16,37000.0,34800.0,32500.0,30000.0,37750.0,31333.0,36600.0,29333.0,34667.0,33000.0,45000.0,33500.0,34667.0,33400.0,32500.0,30333.0,35000.0,31333.0,37500.0,37167.0,32500.0,35333.0,32500.0,35404.0,36000.0,37000.0,32000.0,33667.0,33750.0,35750.0,34500.0,31667.0,36667.0,36333.0,32500.0,31000.0,39667.0,33000.0
2026-01-17,37000.0,34800.0,32500.0,30000.0,37750.0,31333.0,36600.0,29333.0,34667.0,33000.0,45000.0,33250.0,33667.0,33400.0,32500.0,30333.0,35000.0,30667.0,37500.0,37167.0,32500.0,35333.0,32500.0,34500.0,34667.0,37000.0,32000.0,33667.0,33250.0,35750.0,34500.0,33333.0,36667.0,36333.0,32500.0,31000.0,40333.0,33333.0
2026-01-18,37000.0,34800.0,31500.0,30000.0,37750.0,31333.0,36600.0,29333.0,34667.0,33000.0,44667.0,32500.0,33667.0,33400.0,31750.0,30333.0,35000.0,30667.0,37500.0,35500.0,32500.0,35333.0,32500.0,34500.0,34667.0,37000.0,32000.0,33667.0,33250.0,36000.0,34500.0,33333.0,36667.0,36333.0,32500.0,31000.0,40333.0,33500.0
2026-01-19,37000.0,34000.0,29500.0,30000.0,36750.0,32333.0,36600.0,30000.0,34667.0,32750.0,45333.0,32500.0,33667.0,31800.0,31750.0,30333.0,35000.0,30000.0,35000.0,37167.0,31500.0,35333.0,35000.0,32500.0,34667.0,37000.0,32000.0,34000.0,32000.0,36500.0,34500.0,33000.0,36667.0,35500.0,32500.0,31000.0,38667.0,33667.0
2026-01-20,37000.0,35400.0,30000.0,30000.0,36750.0,32333.0,36200.0,30000.0,34667.0,32750.0,45333.0,32500.0,33667.0,31800.0,31750.0,30333.0,34333.0,30000.0,35000.0,37167.0,31500.0,35333.0,35000.0,33500.0,33000.0,37000.0,32500.0,34000.0,32000.0,32750.0,32000.0,32333.0,36667.0,35500.0,32500.0,31000.0,38667.0,32667.0
2026-01-21,37000.0,35400.0,30000.0,27500.0,36750.0,32333.0,36200.0,30000.0,34000.0,32750.0,45000.0,32500.0,33333.0,31600.0,31662.0,30333.0,33333.0,30000.0,35000.0,38167.0,31500.0,35333.0,36000.0,33500.0,33000.0,36500.0,32500.0,34000.0,32250.0,32750.0,32000.0,34000.0,36667.0,36833.0,32500.0,31000.0,38333.0,33000.0
2026-01-22,37000.0,35400.0,30000.0,27500.0,38750.0,32333.0,36200.0,28667.0,33333.0,32750.0,43667.0,32000.0,33333.0,31200.0,31712.0,30333.0,33333.0,31333.0,35000.0,38167.0,31500.0,34667.0,36000.0,33500.0,33000.0,35000.0,31000.0,34667.0,32250.0,32750.0,32000.0,33000.0,36667.0,36833.0,33000.0,32000.0,38000.0,33167.0
2026-01-23,37000.0,35400.0,30000.0,27500.0,38750.0,32333.0,35400.0,29333.0,33333.0,32500.0,43667.0,31500.0,33333.0,30800.0,31962.0,30333.0,33333.0,31333.0,37500.0,38167.0,31500.0,34667.0,35000.0,33500.0,33000.0,35000.0,31000.0,34667.0,32250.0,32750.0,32000.0,35000.0,35000.0,36833.0,33000.0,32000.0,37500.0,32667.0
2026-01-24,37000.0,35000.0,30000.0,27500.0,38750.0,32333.0,35400.0,29333.0,33333.0,32500.0,41667.0,31500.0,33333.0,30800.0,31962.0,30333.0,33333.0,31667.0,37500.0,39833.0,31500.0,34667.0,35000.0,34500.0,33000.0,35000.0,31000.0,34667.0,32250.0,32750.0,32000.0,35667.0,35000.0,36500.0,33000.0,32000.0,37500.0,32667.0
2026-01-25,37000.0,35000.0,30000.0,27500.0,38750.0,32333.0,35400.0,29333.0,33333.0,32500.0,41333.0,31500.0,33333.0,30800.0,31962.0,30333.0,33333.0,31667.0,40000.0,39667.0,31500.0,34667.0,35000.0,33500.0,31333.0,35000.0,31000.0,34667.0,32250.0,32750.0,32000.0,35667.0,35000.0,36500.0,33000.0,32000.0,35667.0,33000.0
2026-01-26,37000.0,34600.0,30000.0,27500.0,38000.0,33000.0,34400.0,30000.0,34000.0,31250.0,39667.0,31500.0,33333.0,31200.0,32712.0,30333.0,33333.0,32000.0,40000.0,39667.0,32000.0,34667.0,32500.0,35000.0,31000.0,35000.0,31000.0,32000.0,31750.0,31750.0,32000.0,34000.0,38333.0,36333.0,33500.0,32000.0,36667.0,32667.0
2026-01-27,37000.0,34200.0,30000.0,27500.0,38000.0,33000.0,34200.0,30000.0,34000.0,31500.0,38000.0,32250.0,33333.0,31200.0,32462.0,30333.0,35333.0,35333.0,37500.0,39333.0,32000.0,34667.0,32500.0,35000.0,30333.0,35000.0,32000.0,32000.0,31750.0,31750.0,32000.0,35000.0,38333.0,36333.0,33500.0,32000.0,36333.0,33167.0
2026-01-28,37000.0,34000.0,30000.0,28500.0,38000.0,33000.0,34200.0,30000.0,34000.0,30500.0,38000.0,33250.0,32333.0,31200.0,32462.0,30333.0,35000.0,35333.0,35500.0,37667.0,32000.0,34667.0,32500.0,35000.0,30000.0,35000.0,32000.0,32000.0,31750.0,35000.0,32000.0,35667.0,38333.0,38000.0,33500.0,32000.0,34000.0,32667.0
2026-01-29,37000.0,34000.0,30000.0,31000.0,36750.0,31667.0,34200.0,31667.0,34000.0,30500.0,35000.0,33750.0,32333.0,31200.0,33962.0,30333.0,35000.0,35333.0,35500.0,37667.0,32000.0,34667.0,32500.0,35000.0,28667.0,35000.0,32000.0,32000.0,31750.0,35250.0,32000.0,35667.0,38333.0,38000.0,34000.0,32000.0,34000.0,32500.0
2026-01-30,37000.0,33600.0,30000.0,31000.0,36750.0,31667.0,34000.0,31667.0,34000.0,31250.0,35000.0,33625.0,32333.0,31200.0,33962.0,30333.0,35000.0,33667.0,35500.0,33667.0,32000.0,34667.0,33000.0,35000.0,28000.0,35000.0,32000.0,32000.0,31750.0,35250.0,32000.0,36000.0,37667.0,38000.0,34000.0,32000.0,33167.0,33667.0
2026-01-31,37000.0,33200.0,30000.0,32500.0,36750.0,31667.0,34200.0,31667.0,34000.0,31250.0,35000.0,34125.0,33333.0,31200.0,33962.0,30333.0,35000.0,33667.0,35500.0,33667.0,32000.0,34667.0,33000.0,35000.0,28000.0,35000.0,32000.0,32000.0,31250.0,34500.0,32000.0,37000.0,38333.0,38000.0,34000.0,32000.0,33333.0,33667.0
2026-02-01,37000.0,33200.0,30000.0,32500.0,36750.0,31667.0,34200.0,31667.0,34000.0,31250.0,35000.0,34250.0,33333.0,31200.0,33962.0,30333.0,35000.0,33667.0,35500.0,37000.0,32000.0,34667.0,33000.0,35000.0,28000.0,35000.0,32000.0,32000.0,31250.0,34500.0,33500.0,37000.0,38333.0,37667.0,34000.0,32000.0,33333.0,33667.0
2026-02-02,37000.0,33600.0,30000.0,32500.0,35250.0,35000.0,34800.0,32333.0,34000.0,35500.0,35000.0,34150.0,33333.0,32600.0,33962.0,30000.0,35000.0,33667.0,35500.0,38000.0,32000.0,34667.0,34500.0,34000.0,28000.0,35000.0,34500.0,33000.0,33750.0,35250.0,32000.0,39000.0,38333.0,36000.0,34000.0,32000.0,34667.0,34500.0
2026-02-03,37000.0,34400.0,31500.0,32500.0,35250.0,35000.0,35800.0,32333.0,34000.0,35500.0,35000.0,34000.0,33333.0,32600.0,31662.0,30000.0,35000.0,33333.0,33000.0,38000.0,32000.0,34667.0,34500.0,35500.0,28000.0,35000.0,35000.0,33000.0,33750.0,35875.0,32000.0,36667.0,38333.0,36000.0,34000.0,32000.0,33333.0,35167.0
2026-02-04,37000.0,34800.0,31500.0,32500.0,35500.0,35000.0,36600.0,32333.0,34000.0,35500.0,35000.0,33250.0,33333.0,32600.0,31412.0,31667.0,35000.0,33333.0,33000.0,36333.0,32000.0,34667.0,34500.0,35000.0,28000.0,35000.0,35000.0,33000.0,32750.0,34375.0,32000.0,36667.0,38333.0,36000.0,34000.0,32000.0,33333.0,35167.0
2026-02-05,37000.0,34600.0,31500.0,32500.0,35250.0,35000.0,36600.0,32333.0,34000.0,36500.0,35000.0,34000.0,33333.0,32600.0,31412.0,31667.0,35000.0,33333.0,33500.0,36333.0,32000.0,34667.0,34500.0,35000.0,28000.0,35000.0,35000.0,32333.0,34250.0,33375.0,32000.0,37667.0,38333.0,36000.0,34000.0,32000.0,33333.0,35167.0
2026-02-06,37000.0,34200.0,31500.0,32500.0,35250.0,35000.0,36200.0,32333.0,34000.0,37750.0,35000.0,34000.0,33333.0,32200.0,31412.0,31667.0,35000.0,34333.0,33500.0,36333.0,32000.0,34667.0,33500.0,37000.0,28000.0,35000.0,35000.0,34333.0,35000.0,33875.0,32000.0,38333.0,38333.0,36000.0,34000.0,32000.0,34333.0,35000.0
2026-02-07,37000.0,34400.0,31500.0,32500.0,35250.0,35000.0,36200.0,32333.0,35000.0,37750.0,35000.0,34000.0,33333.0,32200.0,31412.0,31667.0,36000.0,34333.0,34000.0,36333.0,32000.0,34667.0,33500.0,37000.0,28000.0,35000.0,35000.0,34333.0,35250.0,33875.0,34000.0,38333.0,38333.0,36000.0,34000.0,32000.0,34333.0,35167.0
2026-02-08,37000.0,34400.0,31500.0,32500.0,35250.0,35000.0,36200.0,32333.0,35000.0,37750.0,35000.0,34000.0,33333.0,32200.0,31412.0,31667.0,37667.0,33333.0,34000.0,36333.0,32000.0,34667.0,33500.0,37000.0,28000.0,35000.0,35000.0,34333.0,35750.0,33875.0,34000.0,37667.0,38333.0,36000.0,34000.0,32000.0,35000.0,34500.0
2026-02-09,37000.0,34800.0,32000.0,37500.0,35250.0,37000.0,36000.0,33667.0,35000.0,36500.0,35000.0,34075.0,34333.0,32200.0,30662.0,31667.0,37667.0,33000.0,35000.0,36333.0,34500.0,33333.0,34000.0,38000.0,29000.0,35500.0,36500.0,38667.0,36250.0,35125.0,34000.0,37667.0,38333.0,34333.0,35500.0,32000.0,37333.0,36167.0
2026-02-10,37000.0,34600.0,32000.0,37500.0,35250.0,40000.0,36200.0,33667.0,35000.0,35250.0,35000.0,35500.0,34667.0,32200.0,30662.0,31667.0,40000.0,33000.0,35000.0,36333.0,34500.0,33333.0,34000.0,34500.0,31667.0,35500.0,36500.0,38667.0,36750.0,35000.0,34000.0,41000.0,40000.0,34333.0,36500.0,32000.0,37667.0,36667.0
2026-02-11,35000.0,34800.0,32000.0,37500.0,35250.0,41000.0,36200.0,35333.0,36000.0,36250.0,35000.0,37500.0,36000.0,32600.0,30712.0,31667.0,40000.0,34333.0,37000.0,36833.0,34500.0,33333.0,36500.0,33500.0,31667.0,35500.0,35500.0,38667.0,36750.0,33750.0,34000.0,37667.0,40000.0,34500.0,37500.0,32000.0,36667.0,37333.0
2026-02-12,35000.0,35200.0,32000.0,40000.0,35250.0,41000.0,36200.0,37000.0,37000.0,36250.0,35000.0,37500.0,36000.0,32600.0,33712.0,34000.0,40000.0,34333.0,35000.0,38500.0,36000.0,33333.0,36500.0,33500.0,31667.0,35500.0,38000.0,39333.0,38250.0,35750.0,34000.0,39333.0,42667.0,35333.0,38000.0,32000.0,35667.0,37667.0
2026-02-13,35000.0,35000.0,32000.0,40000.0,35250.0,41667.0,36200.0,38333.0,37000.0,36500.0,35000.0,37250.0,36000.0,32600.0,33712.0,34000.0,40000.0,34333.0,37000.0,38667.0,36000.0,33333.0,33500.0,33500.0,31667.0,35500.0,38000.0,39333.0,38250.0,35750.0,34000.0,40000.0,42667.0,35333.0,38000.0,32000.0,38333.0,37333.0
2026-02-14,35000.0,35200.0,32000.0,40000.0,35250.0,41667.0,36200.0,37667.0,37667.0,36500.0,35000.0,38875.0,36000.0,32600.0,35462.0,34000.0,40000.0,35000.0,37000.0,38667.0,36000.0,33333.0,33500.0,33500.0,31667.0,35000.0,38000.0,39333.0,38250.0,35750.0,34000.0,40000.0,42667.0,38667.0,38000.0,32000.0,38333.0,37667.0
2026-02-15,35000.0,36000.0,32000.0,40000.0,35250.0,41667.0,36200.0,37667.0,40000.0,36500.0,35000.0,39250.0,36000.0,32600.0,35462.0,34000.0,42333.0,35000.0,37000.0,38667.0,36000.0,33333.0,33500.0,33500.0,31667.0,35000.0,38000.0,39333.0,38250.0,35250.0,35000.0,41000.0,42667.0,38667.0,37000.0,32000.0,37333.0,37333.0
2026-02-16,37000.0,35800.0,32000.0,40000.0,38000.0,41667.0,36200.0,37667.0,40000.0,36500.0,35000.0,39250.0,36000.0,32600.0,35462.0,34000.0,42333.0,34000.0,37500.0,38667.0,36000.0,33333.0,35500.0,33500.0,31667.0,37500.0,38000.0,39333.0,38250.0,37750.0,35000.0,41000.0,43667.0,38667.0,37000.0,32000.0,37667.0,37667.0
2026-02-17,37000.0,36600.0,32000.0,40000.0,38000.0,41667.0,37200.0,37667.0,41667.0,36500.0,37000.0,38750.0,36000.0,32600.0,35462.0,34000.0,41667.0,34000.0,37000.0,42000.0,36000.0,33333.0,35500.0,33500.0,32667.0,37500.0,38000.0,39333.0,39250.0,37750.0,35000.0,42667.0,43667.0,38667.0,39500.0,32000.0,38667.0,37500.0
2026-02-18,38333.0,36600.0,33500.0,40000.0,38000.0,41667.0,38200.0,38333.0,41667.0,37000.0,37000.0,39500.0,37667.0,34800.0,35462.0,34000.0,40000.0,34000.0,37000.0,42000.0,36000.0,33333.0,36500.0,35000.0,32667.0,38000.0,37500.0,39333.0,39375.0,40000.0,35000.0,41667.0,41667.0,39000.0,39000.0,35000.0,38333.0,38500.0
2026-02-19,39333.0,36600.0,32500.0,40000.0,39750.0,41667.0,38200.0,36667.0,41000.0,37000.0,38000.0,39500.0,37667.0,34800.0,35462.0,34000.0,40667.0,34000.0,35000.0,42000.0,36000.0,29333.0,36500.0,35000.0,32667.0,41000.0,35000.0,39333.0,39750.0,40000.0,35000.0,43667.0,41000.0,39000.0,39000.0,35000.0,40000.0,37167.0
2026-02-20,39333.0,36600.0,35000.0,40000.0,39750.0,43333.0,38200.0,36667.0,40000.0,37000.0,38000.0,39500.0,38333.0,35200.0,35462.0,34000.0,40667.0,34000.0,35000.0,40333.0,36000.0,29333.0,36500.0,35000.0,32667.0,41000.0,36500.0,40000.0,38750.0,40000.0,35000.0,42667.0,41667.0,39833.0,39000.0,36500.0,40000.0,38000.0
2026-02-21,39333.0,37000.0,35000.0,40000.0,39750.0,43333.0,38200.0,36333.0,40000.0,37000.0,38000.0,38750.0,38333.0,35200.0,35462.0,34000.0,40667.0,34000.0,37500.0,40333.0,36000.0,29333.0,36500.0,37500.0,32667.0,41000.0,36500.0,40000.0,38750.0,39500.0,35000.0,42667.0,41667.0,39833.0,39000.0,36500.0,36667.0,37000.0
2026-02-22,39333.0,37000.0,35000.0,40000.0,39250.0,43333.0,38200.0,35667.0,40000.0,37000.0,38000.0,38250.0,38333.0,35200.0,35462.0,34333.0,40667.0,34000.0,37000.0,40333.0,38000.0,29333.0,36500.0,37500.0,33667.0,41000.0,36500.0,40000.0,38750.0,39500.0,35000.0,42667.0,41667.0,39833.0,39000.0,36500.0,38333.0,37167.0
2026-02-23,39333.0,36600.0,35000.0,40000.0,38000.0,42667.0,38200.0,35667.0,40000.0,37000.0,38000.0,37500.0,38333.0,35200.0,34462.0,34333.0,40667.0,34000.0,35000.0,40333.0,38000.0,29333.0,37500.0,37500.0,33667.0,40500.0,35500.0,40000.0,36250.0,41250.0,35000.0,42667.0,43333.0,40333.0,39000.0,36500.0,37000.0,37833.0
2026-02-24,38667.0,36600.0,35000.0,40000.0,38000.0,39667.0,38200.0,36000.0,39333.0,37000.0,38000.0,38000.0,38333.0,34800.0,34875.0,34333.0,40667.0,34667.0,35000.0,37333.0,38000.0,29333.0,37500.0,37500.0,33667.0,42500.0,35500.0,40000.0,36750.0,35500.0,35000.0,41667.0,43333.0,40000.0,38000.0,36500.0,36667.0,37833.0
2026-02-25,38333.0,37000.0,35000.0,40000.0,39250.0,39667.0,39600.0,36000.0,38667.0,38250.0,38000.0,38000.0,38333.0,34800.0,34875.0,34667.0,40667.0,34667.0,35000.0,37333.0,38000.0,29333.0,38500.0,37500.0,32333.0,42500.0,33000.0,40000.0,36750.0,36000.0,35000.0,41000.0,43333.0,40000.0,38000.0,36500.0,36667.0,37333.0
2026-02-26,38333.0,36200.0,35000.0,40000.0,38000.0,39667.0,39600.0,34667.0,39333.0,37000.0,38000.0,38000.0,38333.0,34800.0,34625.0,34667.0,40667.0,34667.0,35000.0,37333.0,38000.0,29333.0,38500.0,37500.0,32333.0,42500.0,31500.0,40000.0,36750.0,36750.0,35000.0,41667.0,41000.0,40000.0,38000.0,36500.0,36667.0,36333.0
2026-02-27,38333.0,36000.0,35000.0,40000.0,38000.0,39667.0,38200.0,34667.0,38667.0,37000.0,38000.0,37500.0,38333.0,34800.0,34625.0,34667.0,40667.0,34667.0,35000.0,38567.0,39000.0,29333.0,37500.0,37500.0,33000.0,42500.0,35500.0,40000.0,36750.0,36250.0,35000.0,42667.0,41667.0,39667.0,38000.0,36500.0,36667.0,36500.0
2026-02-28,38333.0,36000.0,35000.0,40000.0,38250.0,39667.0,38200.0,34667.0,38667.0,37000.0,37667.0,37250.0,38333.0,34800.0,34625.0,34000.0,40667.0,34667.0,35000.0,38567.0,39000.0,29333.0,37500.0,37500.0,33000.0,42500.0,35500.0,40000.0,36750.0,38250.0,35000.0,41667.0,41667.0,39667.0,38000.0,36500.0,36667.0,36000.0
2026-03-01,38333.0,36400.0,35000.0,40000.0,38250.0,39667.0,38200.0,34667.0,38667.0,37000.0,38000.0,37250.0,38333.0,34800.0,34625.0,34000.0,40667.0,34667.0,36000.0,38567.0,39000.0,29333.0,37500.0,37000.0,33000.0,42500.0,35500.0,40000.0,36750.0,38250.0,35000.0,41000.0,41667.0,39667.0,38000.0,36500.0,36667.0,36833.0
2026-03-02,38333.0,36400.0,35000.0,35000.0,37500.0,39333.0,38800.0,33000.0,38667.0,37125.0,37667.0,36625.0,36667.0,35400.0,33875.0,34000.0,40667.0,34667.0,36000.0,38567.0,39500.0,29333.0,35000.0,37000.0,33000.0,42500.0,35500.0,37667.0,37000.0,38250.0,35000.0,42667.0,40667.0,38000.0,38000.0,36500.0,36667.0,37167.0
2026-03-03,38333.0,36400.0,35000.0,32500.0,37500.0,39333.0,38800.0,33000.0,38667.0,37125.0,37667.0,35875.0,36667.0,35400.0,33875.0,31000.0,40000.0,34333.0,36000.0,38567.0,39500.0,29333.0,35000.0,37000.0,33000.0,42500.0,35000.0,37667.0,37000.0,35250.0,35000.0,41000.0,39000.0,38000.0,38000.0,36500.0,36667.0,37500.0
2026-03-04,38333.0,36400.0,35000.0,32500.0,37500.0,39333.0,38800.0,33000.0,38667.0,37125.0,37333.0,35875.0,36667.0,35200.0,33875.0,31000.0,40000.0,34333.0,34000.0,37333.0,39500.0,29333.0,38000.0,37000.0,33333.0,42500.0,35000.0,36000.0,38000.0,35250.0,35000.0,42667.0,39000.0,37167.0,37500.0,36500.0,36667.0,37500.0
2026-03-05,38333.0,36600.0,34000.0,32500.0,36750.0,39333.0,38800.0,33000.0,38000.0,35750.0,37333.0,34625.0,36667.0,35200.0,33838.0,31000.0,40000.0,34667.0,34000.0,37333.0,39500.0,29333.0,36500.0,37000.0,33333.0,42500.0,34000.0,36000.0,37250.0,34750.0,35000.0,41667.0,39000.0,37167.0,37500.0,36500.0,36667.0,38000.0
2026-03-06,38333.0,36200.0,32000.0,35000.0,39750.0,39333.0,38800.0,31333.0,38000.0,34750.0,37333.0,36125.0,36667.0,35200.0,34088.0,31000.0,40000.0,34667.0,34000.0,36667.0,39500.0,29333.0,35000.0,37000.0,33667.0,42500.0,38000.0,36000.0,37250.0,39000.0,35000.0,42333.0,38667.0,37167.0,37500.0,36500.0,36000.0,36667.0
2026-03-07,38333.0,36200.0,32000.0,35000.0,39750.0,39333.0,38400.0,31333.0,37333.0,34750.0,37000.0,36125.0,36667.0,35200.0,34338.0,31000.0,40000.0,34667.0,34000.0,36667.0,39500.0,29333.0,35000.0,37000.0,33667.0,42500.0,38000.0,36000.0,37250.0,39000.0,35000.0,42333.0,38667.0,37000.0,37500.0,36500.0,36000.0,36333.0
2026-03-08,38333.0,36200.0,32000.0,35000.0,39750.0,39333.0,38400.0,29333.0,37333.0,34750.0,37000.0,36125.0,36667.0,35200.0,34338.0,31000.0,40000.0,34667.0,34000.0,36667.0,39500.0,29333.0,35000.0,37000.0,33667.0,42500.0,38000.0,36000.0,37250.0,39500.0,35000.0,40333.0,38667.0,37000.0,37500.0,36500.0,36000.0,36667.0
2026-03-09,38333.0,36200.0,34000.0,35000.0,35750.0,38333.0,37200.0,30000.0,37333.0,34000.0,37000.0,36875.0,36667.0,35200.0,34338.0,31000.0,41667.0,34667.0,34000.0,36667.0,37000.0,29333.0,35000.0,36850.0,33667.0,42500.0,33000.0,35000.0,37250.0,39500.0,35000.0,40333.0,43333.0,37000.0,37000.0,36500.0,36000.0,36000.0
2026-03-10,38333.0,36200.0,34000.0,35000.0,35750.0,38333.0,37200.0,30000.0,37333.0,34000.0,37000.0,36625.0,36667.0,35000.0,34338.0,31000.0,43000.0,34667.0,34000.0,35667.0,37000.0,29333.0,35000.0,36850.0,33667.0,39000.0,33000.0,35000.0,36250.0,39500.0,35000.0,39333.0,42000.0,37000.0,36000.0,36500.0,35667.0,36000.0
2026-03-11,38333.0,36200.0,33000.0,35000.0,35750.0,38333.0,37200.0,30000.0,37333.0,34250.0,36333.0,35625.0,36667.0,35000.0,33088.0,31000.0,43000.0,34667.0,34000.0,35667.0,37000.0,29333.0,33500.0,36850.0,33667.0,39000.0,34500.0,35000.0,36250.0,38250.0,35000.0,38000.0,42000.0,37000.0,36000.0,36500.0,36667.0,35167.0
2026-03-12,38333.0,36200.0,32500.0,35000.0,35000.0,38333.0,37200.0,31000.0,37333.0,34250.0,36333.0,36875.0,36667.0,35000.0,33338.0,30667.0,43000.0,34667.0,34000.0,35667.0,37000.0,29333.0,33500.0,36850.0,33667.0,39000.0,34500.0,35000.0,36250.0,38250.0,35000.0,40333.0,45000.0,35500.0,35000.0,35000.0,36667.0,35167.0
2026-03-13,38333.0,36200.0,34000.0,35000.0,35000.0,37333.0,38200.0,30667.0,38333.0,34250.0,36333.0,36875.0,36667.0,35000.0,33338.0,29667.0,42333.0,33333.0,34000.0,39000.0,37000.0,29333.0,34000.0,36850.0,33667.0,40000.0,34500.0,35000.0,36250.0,38250.0,35000.0,39333.0,42667.0,35500.0,35000.0,35000.0,36667.0,34833.0
2026-03-14,38333.0,36200.0,34000.0,35000.0,35000.0,37333.0,38200.0,30667.0,38333.0,34250.0,36667.0,36875.0,36667.0,35000.0,33338.0,29667.0,42333.0,33333.0,34000.0,39000.0,37000.0,28333.0,34000.0,36850.0,32667.0,40000.0,34500.0,35000.0,36250.0,39000.0,35000.0,39333.0,42667.0,39667.0,35000.0,35000.0,36667.0,35000.0
2026-03-15,38333.0,36200.0,34000.0,35000.0,35000.0,37333.0,38200.0,30667.0,38000.0,34250.0,36667.0,37125.0,36667.0,35000.0,33088.0,29667.0,42333.0,33333.0,34000.0,39000.0,36500.0,30000.0,34000.0,36850.0,34000.0,40000.0,35500.0,35000.0,36250.0,39000.0,35000.0,36667.0,42667.0,39667.0,35000.0,35000.0,36667.0,34833.0
2026-03-16,38333.0,37800.0,32500.0,32500.0,36000.0,37667.0,39200.0,30667.0,38000.0,34000.0,36667.0,36625.0,36667.0,34600.0,33088.0,29667.0,40667.0,33333.0,37500.0,39000.0,36500.0,30000.0,35500.0,38000.0,34667.0,40000.0,35000.0,35000.0,36250.0,37750.0,35000.0,40333.0,45000.0,39667.0,34500.0,35000.0,36667.0,36167.0
2026-03-17,38333.0,44000.0,33000.0,32500.0,36000.0,35667.0,39200.0,30000.0,38000.0,32500.0,36667.0,36625.0,36667.0,34400.0,31588.0,29333.0,40667.0,33333.0,37500.0,39000.0,36500.0,30000.0,35500.0,39000.0,34667.0,40000.0,35500.0,35000.0,35500.0,38250.0,35000.0,40000.0,45000.0,39333.0,34000.0,36000.0,35667.0,36167.0
2026-03-18,38333.0,44000.0,33000.0,32500.0,36000.0,35667.0,39200.0,30000.0,38000.0,32500.0,36667.0,36625.0,36667.0,34400.0,31588.0,29333.0,40667.0,33333.0,37500.0,39000.0,36500.0,30000.0,37500.0,39000.0,34667.0,40000.0,35500.0,35000.0,35500.0,38750.0,35000.0,38333.0,45000.0,39333.0,34000.0,36000.0,35667.0,38667.0
2026-03-19,38333.0,44000.0,33000.0,37500.0,37250.0,35667.0,39200.0,30000.0,38000.0,32500.0,36667.0,36625.0,36667.0,34400.0,31588.0,30000.0,40667.0,33333.0,37500.0,39000.0,36500.0,30000.0,37500.0,39000.0,34667.0,40000.0,38500.0,35000.0,35500.0,38750.0,35000.0,38333.0,41667.0,39333.0,35000.0,36000.0,35667.0,38667.0
2026-03-20,38333.0,40600.0,33000.0,37500.0,37250.0,35667.0,39200.0,30000.0,38000.0,33250.0,36667.0,36625.0,36667.0,34400.0,31000.0,30000.0,40667.0,33333.0,40000.0,39000.0,36500.0,30000.0,37500.0,39000.0,34667.0,40000.0,38500.0,35000.0,35500.0,38750.0,35000.0,38333.0,40667.0,39333.0,35000.0,36000.0,36667.0,38667.0
2026-03-21,38333.0,40600.0,33000.0,37500.0,37250.0,35667.0,39200.0,30000.0,38000.0,33250.0,36667.0,36625.0,36667.0,34400.0,31000.0,30000.0,40667.0,33333.0,40000.0,39000.0,36500.0,30000.0,37500.0,39000.0,34667.0,40000.0,38500.0,35000.0,35500.0,38750.0,35000.0,38333.0,40667.0,39333.0,35000.0,36000.0,36667.0,39500.0
2026-03-22,38333.0,41200.0,33000.0,37500.0,37250.0,35667.0,39200.0,30000.0,38000.0,34500.0,36667.0,36625.0,36667.0,34400.0,31000.0,30000.0,40667.0,33333.0,40000.0,39000.0,36500.0,30000.0,37500.0,39000.0,34667.0,40000.0,38500.0,35000.0,35500.0,38750.0,35000.0,38333.0,39000.0,39333.0,35000.0,36000.0,36667.0,40333.0
2026-03-23,38333.0,42600.0,33000.0,37500.0,37250.0,35667.0,39200.0,30000.0,38000.0,34500.0,36667.0,37125.0,36667.0,34400.0,31000.0,30000.0,40667.0,33333.0,40000.0,40000.0,36500.0,30000.0,42000.0,39000.0,34667.0,40000.0,38500.0,35000.0,35500.0,38750.0,35000.0,38333.0,40000.0,40667.0,35000.0,36000.0,36667.0,41500.0
2026-03-24,38333.0,42600.0,33000.0,37500.0,37250.0,35667.0,39200.0,30000.0,37333.0,34500.0,36667.0,36875.0,36667.0,34400.0,31000.0,32000.0,40667.0,33333.0,40000.0,39000.0,36500.0,30000.0,42000.0,40000.0,34667.0,40000.0,35000.0,35000.0,35500.0,38250.0,35000.0,39000.0,40000.0,40667.0,35000.0,36000.0,36667.0,39833.0
2026-03-25,39667.0,40600.0,33000.0,37500.0,35000.0,35667.0,38400.0,30000.0,38000.0,35000.0,36333.0,36875.0,35000.0,34600.0,31000.0,32000.0,40667.0,34333.0,40000.0,39000.0,36500.0,30000.0,41000.0,40000.0,32333.0,41000.0,35500.0,35000.0,36250.0,38250.0,35000.0,39667.0,38667.0,40667.0,34000.0,36000.0,35000.0,39833.0
2026-03-26,39667.0,40000.0,33000.0,37500.0,35000.0,36667.0,38400.0,31667.0,38000.0,35000.0,36333.0,36875.0,35000.0,35800.0,31500.0,29333.0,40667.0,34333.0,40000.0,38833.0,36500.0,30000.0,41000.0,40000.0,32333.0,41000.0,33500.0,36667.0,36250.0,38000.0,35000.0,38333.0,40333.0,40667.0,33500.0,36000.0,35000.0,39500.0
2026-03-27,39333.0,40000.0,33000.0,34000.0,35000.0,36667.0,38400.0,31667.0,38667.0,33000.0,36333.0,36875.0,35000.0,35800.0,31500.0,30000.0,40667.0,34333.0,40000.0,38833.0,36500.0,30000.0,40000.0,40000.0,32333.0,42000.0,33500.0,35000.0,36250.0,37750.0,35000.0,38333.0,40333.0,40667.0,33500.0,35000.0,34667.0,40833.0
2026-03-28,39333.0,40000.0,33000.0,34000.0,35000.0,36667.0,38400.0,31667.0,38667.0,33500.0,36333.0,36625.0,35000.0,35800.0,31500.0,30000.0,40667.0,34333.0,40000.0,38833.0,36500.0,30000.0,40000.0,40000.0,31000.0,42000.0,33500.0,35000.0,36250.0,37750.0,35000.0,38333.0,40333.0,40667.0,33500.0,35000.0,34667.0,40000.0
2026-03-29,39333.0,40000.0,33000.0,34000.0,35000.0,36667.0,38400.0,31667.0,38667.0,33500.0,36333.0,37125.0,35000.0,35800.0,31500.0,32333.0,40667.0,34333.0,42500.0,38833.0,36500.0,30000.0,40000.0,41500.0,29333.0,42000.0,33500.0,35000.0,35750.0,37750.0,35000.0,38667.0,40333.0,40667.0,33500.0,35000.0,35667.0,38667.0
2026-03-30,39333.0,40000.0,34000.0,34000.0,34750.0,36000.0,38800.0,31667.0,38667.0,34250.0,37000.0,37125.0,35000.0,36200.0,30450.0,31333.0,43000.0,34333.0,42500.0,38833.0,36500.0,30000.0,39000.0,41000.0,29333.0,43500.0,35000.0,35000.0,36250.0,38000.0,35000.0,40333.0,40333.0,41167.0,33500.0,35000.0,35667.0,38000.0
2026-03-31,39333.0,40000.0,34000.0,34000.0,34750.0,36000.0,37800.0,31667.0,38667.0,34250.0,36333.0,37125.0,35667.0,36200.0,30450.0,31333.0,42333.0,34667.0,42500.0,38833.0,36500.0,30000.0,37500.0,40000.0,29333.0,39000.0,35000.0,35000.0,36250.0,38000.0,35000.0,38333.0,41000.0,40167.0,33500.0,35000.0,36667.0,38000.0
2026-04-01,39333.0,40000.0,34500.0,34000.0,34750.0,34333.0,38800.0,31000.0,38667.0,34250.0,36333.0,36875.0,36333.0,36200.0,31200.0,31333.0,42333.0,35333.0,45000.0,38833.0,34500.0,30000.0,36500.0,41000.0,30333.0,40000.0,33500.0,35000.0,36250.0,38000.0,35000.0,38667.0,39000.0,36000.0,33500.0,35000.0,36667.0,36667.0
2026-04-02,39333.0,40000.0,34000.0,34000.0,34250.0,34333.0,38800.0,30000.0,38667.0,34250.0,36333.0,36875.0,36333.0,35000.0,31000.0,31333.0,42333.0,35333.0,45000.0,38833.0,34500.0,30000.0,36500.0,41000.0,30333.0,40000.0,36500.0,35000.0,36250.0,38500.0,35000.0,40333.0,39000.0,36500.0,33500.0,35000.0,36667.0,37500.0
2026-04-03,39333.0,40000.0,34000.0,34000.0,34250.0,34333.0,38800.0,30000.0,38667.0,34250.0,36333.0,36775.0,36333.0,35000.0,31000.0,31333.0,43000.0,35333.0,45000.0,38833.0,36000.0,30000.0,36500.0,41000.0,30333.0,40000.0,36500.0,35000.0,36250.0,38500.0,35000.0,40333.0,39000.0,36500.0,33500.0,35000.0,36667.0,37500.0
2026-04-04,39333.0,40000.0,34000.0,36500.0,34250.0,34333.0,38800.0,30000.0,38667.0,34250.0,36333.0,36775.0,36333.0,34000.0,31000.0,32333.0,43000.0,35333.0,45000.0,38833.0,36000.0,30000.0,36500.0,41000.0,31000.0,40000.0,36500.0,35000.0,36750.0,38500.0,35000.0,40333.0,39000.0,37333.0,33500.0,35000.0,36667.0,37500.0
2026-04-05,39333.0,40000.0,34000.0,36500.0,34250.0,36000.0,38800.0,30000.0,38667.0,34250.0,36333.0,36275.0,36333.0,34000.0,31000.0,32333.0,43000.0,35333.0,45000.0,38833.0,36000.0,30000.0,36500.0,39500.0,31000.0,40000.0,36500.0,35000.0,36750.0,38000.0,35000.0,41667.0,39000.0,37333.0,33500.0,35000.0,36667.0,37833.0
2026-04-06,39333.0,40000.0,34000.0,35000.0,35000.0,35333.0,38400.0,30000.0,38667.0,34250.0,36333.0,35900.0,35667.0,33600.0,32838.0,31000.0,43000.0,34000.0,45000.0,38833.0,36000.0,30000.0,37500.0,39500.0,33000.0,39000.0,35000.0,38333.0,36750.0,38000.0,35000.0,40333.0,38667.0,37333.0,34000.0,35000.0,36667.0,37667.0
2026-04-07,39333.0,40000.0,32500.0,35000.0,35000.0,35667.0,38000.0,30000.0,38667.0,34250.0,36333.0,36775.0,35667.0,35000.0,32838.0,31000.0,41667.0,33667.0,45000.0,38833.0,36000.0,30000.0,37500.0,39500.0,33000.0,39000.0,35500.0,38333.0,36750.0,38000.0,35000.0,41667.0,42000.0,36833.0,34000.0,35000.0,36667.0,37500.0
2026-04-08,39333.0,39000.0,33500.0,35000.0,35000.0,35667.0,38000.0,30000.0,38667.0,34250.0,36333.0,36275.0,35667.0,34800.0,32588.0,31000.0,41667.0,33667.0,45000.0,39000.0,36000.0,28000.0,38500.0,39500.0,33000.0,40000.0,34500.0,38333.0,36750.0,38250.0,35000.0,41667.0,42333.0,36833.0,34000.0,35000.0,36667.0,38333.0
2026-04-09,39333.0,39000.0,33500.0,35000.0,36250.0,35667.0,38000.0,30000.0,38667.0,34250.0,36333.0,36275.0,35667.0,34800.0,32588.0,26000.0,41667.0,34000.0,45000.0,39000.0,36000.0,28000.0,38500.0,39500.0,32333.0,41000.0,36000.0,38333.0,36750.0,38250.0,35000.0,39667.0,42667.0,36500.0,34000.0,35000.0,38333.0,37500.0
2026-04-10,39333.0,38200.0,33500.0,35000.0,36250.0,35667.0,38000.0,28667.0,37333.0,35000.0,36333.0,36125.0,35000.0,34800.0,32588.0,26000.0,41667.0,34000.0,45000.0,39000.0,36000.0,28000.0,36000.0,39500.0,32333.0,41000.0,33000.0,37667.0,36750.0,38250.0,35000.0,41667.0,42667.0,36500.0,34000.0,35000.0,38333.0,37167.0
2026-04-11,39333.0,37800.0,33500.0,35000.0,36250.0,35667.0,38000.0,28667.0,37333.0,35000.0,36333.0,36125.0,35000.0,34800.0,32588.0,26000.0,40333.0,34000.0,45000.0,39000.0,36000.0,28000.0,36000.0,39500.0,32333.0,41000.0,33000.0,36000.0,36750.0,38750.0,35000.0,41667.0,42667.0,36500.0,34000.0,35000.0,38333.0,37167.0
2026-04-12,39333.0,37800.0,33500.0,35000.0,36250.0,35667.0,38000.0,28667.0,39000.0,35000.0,36333.0,35875.0,35000.0,35000.0,32588.0,26000.0,40333.0,34000.0,45000.0,39000.0,36000.0,28000.0,36000.0,39500.0,32333.0,41000.0,33000.0,36000.0,36750.0,38750.0,35000.0,40000.0,42667.0,36500.0,34000.0,35000.0,38333.0,36333.0
2026-04-13,39333.0,37200.0,31500.0,35000.0,36000.0,36667.0,38800.0,28667.0,39000.0,35750.0,32333.0,34625.0,32667.0,35000.0,32588.0,27333.0,40000.0,33333.0,42500.0,39000.0,34000.0,28000.0,35000.0,39500.0,31500.0,41000.0,33000.0,36333.0,36250.0,40000.0,35000.0,40000.0,42667.0,36500.0,34000.0,35000.0,38333.0,36333.0
2026-04-14,39333.0,37200.0,31500.0,35000.0,36000.0,36667.0,38000.0,28667.0,39000.0,35750.0,32333.0,35875.0,32667.0,35000.0,31790.0,27333.0,40000.0,34000.0,42500.0,39000.0,34000.0,28000.0,35000.0,34000.0,31500.0,40000.0,33000.0,36333.0,36250.0,38750.0,35000.0,40000.0,42333.0,36500.0,34500.0,35000.0,38333.0,36167.0
2026-04-15,39333.0,35400.0,31500.0,35000.0,36000.0,35667.0,38000.0,28667.0,39000.0,35250.0,30000.0,35625.0,33000.0,34800.0,31790.0,27333.0,40000.0,34000.0,42500.0,39000.0,34000.0,28000.0,35000.0,34000.0,31500.0,40000.0,33000.0,35000.0,36250.0,37500.0,35000.0,35333.0,40333.0,36500.0,34000.0,35000.0,39333.0,35500.0
2026-04-16,39333.0,35000.0,33500.0,35000.0,36500.0,36667.0,38000.0,28667.0,39000.0,33750.0,30000.0,35625.0,33000.0,34000.0,31290.0,27333.0,39333.0,33667.0,42500.0,37333.0,34000.0,28000.0,35000.0,34000.0,31000.0,40000.0,33000.0,35000.0,36250.0,37500.0,35000.0,38667.0,42000.0,37167.0,34000.0,35000.0,38333.0,35500.0
2026-04-17,39333.0,35000.0,33500.0,35000.0,36500.0,36667.0,38000.0,28667.0,39000.0,33750.0,30000.0,35125.0,33000.0,34400.0,31290.0,27333.0,37667.0,32333.0,42500.0,37000.0,34000.0,28000.0,33500.0,34000.0,31000.0,40000.0,33000.0,35000.0,36250.0,37500.0,35000.0,40333.0,42000.0,37167.0,34000.0,35000.0,38333.0,35500.0
2026-04-18,39333.0,35000.0,33500.0,35000.0,36500.0,36667.0,38000.0,28667.0,39000.0,33750.0,30000.0,35125.0,33000.0,34400.0,31290.0,27333.0,38333.0,32333.0,42500.0,36333.0,34000.0,28000.0,33500.0,34000.0,31000.0,40000.0,33000.0,35000.0,36250.0,37500.0,35000.0,41667.0,42000.0,36833.0,34000.0,35000.0,36667.0,36167.0
2026-04-19,39333.0,35000.0,33500.0,35000.0,36500.0,36667.0,38000.0,28667.0,38000.0,33750.0,29333.0,35125.0,33000.0,34400.0,31290.0,27333.0,38333.0,32333.0,42500.0,37000.0,34000.0,28000.0,33500.0,34000.0,30667.0,40000.0,33000.0,35000.0,36250.0,37500.0,35000.0,40333.0,42000.0,36833.0,34000.0,35000.0,36667.0,35500.0
2026-04-20,39333.0,35000.0,31500.0,35000.0,34500.0,37000.0,38000.0,28000.0,36667.0,31250.0,29333.0,33625.0,33000.0,34400.0,31290.0,27333.0,38333.0,31667.0,42500.0,37000.0,34000.0,28000.0,33500.0,34000.0,30667.0,39000.0,33000.0,34333.0,35000.0,38250.0,35000.0,39667.0,38333.0,36833.0,33500.0,35000.0,37667.0,36333.0
2026-04-21,39333.0,36000.0,31500.0,35000.0,34500.0,37000.0,38000.0,28000.0,36667.0,31250.0,28333.0,33625.0,33000.0,34800.0,31790.0,29333.0,39333.0,31667.0,42500.0,37000.0,34000.0,28000.0,33500.0,37500.0,30333.0,37000.0,33500.0,34333.0,35000.0,38250.0,35000.0,38667.0,38000.0,37333.0,33500.0,35000.0,37667.0,36000.0
2026-04-22,39333.0,36000.0,33000.0,35000.0,34500.0,37000.0,38000.0,28667.0,36667.0,32250.0,28667.0,33875.0,33000.0,34000.0,31540.0,32667.0,39333.0,33667.0,42500.0,37000.0,34000.0,28000.0,34500.0,34000.0,31000.0,37000.0,33500.0,34333.0,34500.0,38250.0,35000.0,37333.0,38000.0,37333.0,33500.0,35000.0,38333.0,36500.0
2026-04-23,39333.0,36000.0,34000.0,35000.0,33500.0,37000.0,38000.0,31000.0,36667.0,32250.0,28667.0,33375.0,33000.0,34000.0,31500.0,32667.0,39333.0,33667.0,42500.0,38667.0,34000.0,28000.0,34500.0,38000.0,32667.0,39000.0,33500.0,33333.0,34500.0,38750.0,35000.0,37000.0,38000.0,36667.0,33000.0,35000.0,35000.0,37667.0
2026-04-24,39333.0,36000.0,34000.0,35000.0,33500.0,38000.0,38400.0,31000.0,36667.0,31750.0,27000.0,33025.0,33000.0,34000.0,31500.0,32667.0,39333.0,33667.0,42500.0,38667.0,31000.0,28000.0,34500.0,38000.0,32667.0,39000.0,33500.0,33333.0,34500.0,38750.0,35000.0,37333.0,38667.0,36667.0,33500.0,35000.0,35000.0,37667.0
2026-04-25,39333.0,36000.0,34000.0,35000.0,33500.0,38000.0,38400.0,31000.0,36667.0,31750.0,27333.0,33375.0,33000.0,34000.0,31500.0,32667.0,39333.0,33667.0,42500.0,38667.0,31000.0,28000.0,34500.0,38000.0,32667.0,39000.0,33500.0,33333.0,34500.0,38750.0,35000.0,40000.0,38667.0,36833.0,33500.0,35000.0,38333.0,37667.0
2026-04-26,39333.0,36000.0,34000.0,35000.0,33500.0,38000.0,38400.0,31000.0,37333.0,31750.0,27333.0,33875.0,33000.0,34000.0,31500.0,32667.0,39333.0,33667.0,42500.0,38667.0,31000.0,28000.0,34500.0,38000.0,32667.0,39000.0,33500.0,33333.0,34500.0,36250.0,35000.0,40667.0,38667.0,36833.0,33500.0,35000.0,38333.0,37667.0
2026-04-27,39333.0,37400.0,34000.0,37500.0,36250.0,36667.0,38400.0,31000.0,37333.0,33750.0,27333.0,33375.0,33000.0,34000.0,31500.0,32667.0,37667.0,33333.0,40000.0,38667.0,31000.0,25000.0,36000.0,38000.0,33667.0,40000.0,35000.0,33333.0,34500.0,36250.0,35000.0,40000.0,38333.0,36667.0,33500.0,37500.0,38333.0,37333.0
2026-04-28,39333.0,37000.0,34000.0,37500.0,36250.0,36667.0,38400.0,31000.0,38333.0,33750.0,27333.0,34375.0,33000.0,34800.0,31500.0,32667.0,37667.0,33333.0,40000.0,35333.0,31000.0,25000.0,36000.0,40000.0,33667.0,40000.0,36000.0,32667.0,34500.0,35125.0,35000.0,40000.0,37667.0,37833.0,34500.0,39000.0,36667.0,37333.0
2026-04-29,39333.0,36600.0,35000.0,37500.0,36250.0,36667.0,39600.0,31000.0,38333.0,33750.0,27333.0,34875.0,33000.0,35200.0,31500.0,32667.0,38667.0,33333.0,42500.0,35333.0,31000.0,25333.0,36000.0,40000.0,33667.0,40000.0,36000.0,32667.0,34500.0,36875.0,35000.0,40000.0,38333.0,37833.0,34500.0,39000.0,37000.0,37833.0
2026-04-30,39333.0,37400.0,35000.0,40000.0,37000.0,36667.0,39600.0,33667.0,38333.0,37500.0,27333.0,35875.0,33000.0,34000.0,31500.0,32667.0,38667.0,33333.0,42500.0,38667.0,31000.0,26333.0,36000.0,40000.0,33667.0,40000.0,35000.0,32667.0,34500.0,38125.0,35000.0,40667.0,38667.0,37833.0,34500.0,39000.0,37000.0,37333.0
2026-05-01,39333.0,37400.0,35000.0,40000.0,37000.0,36667.0,39600.0,33667.0,38333.0,37500.0,27333.0,36625.0,33000.0,34000.0,31500.0,32667.0,38667.0,33333.0,42500.0,38667.0,31000.0,26333.0,36000.0,40000.0,33667.0,40000.0,35000.0,32667.0,34500.0,38000.0,35000.0,41667.0,38667.0,38333.0,34000.0,39000.0,36667.0,38000.0
2026-05-02,39333.0,37400.0,35000.0,40000.0,37500.0,36667.0,40000.0,33667.0,38333.0,37500.0,25333.0,36625.0,33000.0,34000.0,31500.0,32667.0,38667.0,33333.0,42500.0,38667.0,31000.0,26333.0,37500.0,40000.0,33667.0,40000.0,35000.0,32667.0,34500.0,38000.0,35000.0,41667.0,40333.0,38333.0,34000.0,39000.0,37667.0,37667.0
2026-05-03,39333.0,38400.0,35000.0,40000.0,38500.0,36667.0,40000.0,33667.0,38333.0,37500.0,25333.0,36125.0,33000.0,34000.0,31500.0,33000.0,38667.0,33333.0,42500.0,38667.0,31000.0,26333.0,37500.0,40000.0,38000.0,40000.0,35000.0,32667.0,34500.0,36625.0,35000.0,40667.0,40333.0,38333.0,34000.0,39000.0,36667.0,37667.0
2026-05-04,39333.0,38800.0,35000.0,40000.0,38500.0,38667.0,40000.0,35667.0,36667.0,38750.0,30333.0,36125.0,33333.0,35200.0,32165.0,33000.0,39333.0,35000.0,45000.0,39000.0,31000.0,26333.0,37500.0,37500.0,38000.0,40000.0,36500.0,35000.0,35000.0,37125.0,35000.0,40000.0,40333.0,38000.0,34000.0,39000.0,38333.0,39333.0
2026-05-05,39333.0,39600.0,38000.0,40000.0,38500.0,38667.0,40000.0,35667.0,38000.0,38500.0,30000.0,37125.0,33333.0,35200.0,31915.0,39000.0,40000.0,35000.0,45000.0,39000.0,31000.0,26333.0,37500.0,37500.0,38000.0,40000.0,38500.0,36667.0,35000.0,38125.0,35000.0,41667.0,40333.0,38000.0,34000.0,39000.0,38333.0,40167.0
2026-05-06,39333.0,39200.0,37000.0,40000.0,38500.0,42000.0,40000.0,35667.0,38000.0,38500.0,33333.0,37125.0,35000.0,35600.0,31915.0,39000.0,40000.0,35000.0,47500.0,39000.0,31000.0,26333.0,37500.0,40000.0,38000.0,40000.0,38500.0,39333.0,35000.0,38000.0,35000.0,40667.0,41000.0,38000.0,35000.0,39000.0,37667.0,39333.0
2026-05-07,40000.0,39200.0,37000.0,40000.0,38500.0,43000.0,40000.0,35667.0,38667.0,38750.0,33333.0,38750.0,35000.0,35600.0,33165.0,39000.0,40000.0,35667.0,45000.0,38667.0,31000.0,25667.0,37500.0,40000.0,38000.0,40000.0,38000.0,40000.0,35000.0,36000.0,38000.0,41667.0,41000.0,37667.0,35000.0,39000.0,37667.0,39333.0
2026-05-08,40000.0,39200.0,36500.0,40000.0,38500.0,43000.0,40000.0,35667.0,39667.0,38250.0,33333.0,39500.0,35000.0,35600.0,33165.0,39000.0,40667.0,35667.0,45000.0,38667.0,40000.0,25667.0,37500.0,40000.0,38000.0,40000.0,38000.0,40000.0,35500.0,38000.0,38000.0,41667.0,37667.0,37667.0,35000.0,39000.0,36667.0,38333.0
2026-05-09,40000.0,39200.0,36500.0,40000.0,38500.0,43000.0,40000.0,35667.0,41000.0,38250.0,33333.0,39250.0,35000.0,35600.0,33165.0,39000.0,40667.0,35667.0,45000.0,39000.0,40000.0,25667.0,36500.0,40000.0,38000.0,40000.0,38000.0,40000.0,36250.0,38750.0,38000.0,39333.0,37667.0,37667.0,35000.0,39000.0,36667.0,41333.0
2026-05-10,40000.0,39200.0,36500.0,40000.0,38500.0,43000.0,40000.0,35667.0,41000.0,38250.0,33333.0,39500.0,35000.0,35600.0,33165.0,39000.0,40667.0,35667.0,45000.0,39000.0,40000.0,25667.0,36500.0,40000.0,38000.0,40000.0,38000.0,40000.0,36250.0,38750.0,38000.0,41667.0,37667.0,37667.0,35000.0,39000.0,36667.0,41333.0
2026-05-11,40000.0,39200.0,36500.0,40000.0,38500.0,44000.0,40000.0,37000.0,41000.0,37750.0,33333.0,39750.0,36000.0,35600.0,33165.0,38000.0,40000.0,35667.0,45000.0,38667.0,40000.0,26333.0,38500.0,40000.0,38000.0,41000.0,36000.0,40000.0,40000.0,38000.0,38000.0,40333.0,35000.0,38000.0,35000.0,39000.0,38667.0,41333.0
2026-05-12,40000.0,39200.0,36500.0,40000.0,38500.0,44000.0,40000.0,37000.0,40667.0,37750.0,37667.0,41000.0,36000.0,36200.0,33915.0,38000.0,40000.0,35667.0,45000.0,38667.0,40000.0,26333.0,38500.0,40000.0,39333.0,41000.0,36000.0,40000.0,40000.0,38000.0,38000.0,40333.0,34667.0,38000.0,35000.0,40000.0,40333.0,41333.0
2026-05-13,40000.0,39200.0,36500.0,40000.0,40500.0,40667.0,40400.0,37667.0,40333.0,39500.0,38333.0,41000.0,36000.0,36600.0,35875.0,38000.0,40667.0,36000.0,45000.0,38667.0,40000.0,26000.0,39500.0,40000.0,39333.0,41000.0,39000.0,40000.0,40500.0,38000.0,38000.0,40333.0,34667.0,39167.0,35000.0,40000.0,39333.0,41333.0
2026-05-14,40000.0,39200.0,36500.0,40000.0,40500.0,40667.0,40400.0,37667.0,40333.0,39500.0,39000.0,40000.0,36000.0,36600.0,35875.0,37333.0,40667.0,36000.0,45000.0,38667.0,40000.0,26000.0,39500.0,40000.0,38000.0,41000.0,39000.0,40000.0,40500.0,37500.0,38000.0,40333.0,34667.0,39167.0,35000.0,40000.0,40000.0,40500.0
2026-05-15,40000.0,39200.0,36500.0,40000.0,40500.0,40667.0,40400.0,37667.0,40333.0,39500.0,39000.0,40000.0,36000.0,36600.0,35875.0,37333.0,40667.0,36000.0,45000.0,38667.0,40000.0,26000.0,39500.0,40000.0,37000.0,41000.0,39000.0,40000.0,40500.0,37500.0,38000.0,40333.0,34667.0,39167.0,35000.0,40000.0,40000.0,40500.0
2026-05-16,40000.0,41000.0,37500.0,40000.0,40500.0,40667.0,40400.0,37667.0,40333.0,39500.0,41000.0,41500.0,37333.0,36600.0,35875.0,37333.0,40000.0,36000.0,45000.0,38667.0,40000.0,26667.0,39500.0,40000.0,37000.0,41000.0,39000.0,40000.0,40500.0,37500.0,38000.0,40333.0,34667.0,39167.0,35000.0,40000.0,40000.0,39667.0
2026-05-17,40000.0,41000.0,37500.0,40000.0,40500.0,40667.0,40400.0,37667.0,40333.0,39500.0,41000.0,41500.0,37333.0,36600.0,35875.0,37333.0,40000.0,37667.0,45000.0,38667.0,40000.0,28333.0,39500.0,40000.0,37000.0,41000.0,39000.0,40000.0,40500.0,38250.0,38000.0,41333.0,34667.0,39167.0,35000.0,40000.0,40000.0,40500.0
2026-05-18,40000.0,42000.0,36500.0,40000.0,40000.0,41333.0,40400.0,37667.0,41333.0,39500.0,41000.0,40500.0,38333.0,36400.0,32875.0,37333.0,40000.0,37667.0,45000.0,38667.0,40000.0,30000.0,42500.0,40000.0,37000.0,42500.0,40000.0,40000.0,40500.0,38875.0,38000.0,41667.0,40000.0,39667.0,34500.0,40000.0,40000.0,43000.0
2026-05-19,40000.0,42000.0,35500.0,40000.0,40000.0,41333.0,40400.0,37667.0,41333.0,40750.0,41000.0,41375.0,38333.0,36800.0,32625.0,39667.0,41667.0,37667.0,45000.0,38667.0,40000.0,28333.0,42500.0,40000.0,41333.0,42500.0,40000.0,40000.0,40500.0,38250.0,38000.0,41667.0,40667.0,40833.0,35500.0,40000.0,40000.0,43667.0
2026-05-20,40000.0,42000.0,35500.0,40000.0,40000.0,41333.0,40400.0,37667.0,41333.0,41250.0,40667.0,43875.0,38333.0,36800.0,34875.0,42667.0,41667.0,39000.0,45000.0,38667.0,40000.0,28333.0,37500.0,40000.0,40667.0,42500.0,40000.0,40000.0,41000.0,37500.0,38000.0,41333.0,40000.0,40833.0,36500.0,40000.0,41667.0,44500.0
2026-05-21,40000.0,42400.0,37000.0,40000.0,40500.0,41333.0,40400.0,43000.0,41333.0,45250.0,40667.0,43875.0,38333.0,36800.0,35875.0,42667.0,44333.0,38000.0,45000.0,38667.0,40000.0,28333.0,37500.0,40000.0,39333.0,42500.0,40000.0,40000.0,42500.0,38250.0,40000.0,41333.0,40000.0,40833.0,37000.0,40000.0,41667.0,45833.0
2026-05-22,40000.0,44400.0,39500.0,42500.0,40500.0,41333.0,40400.0,43000.0,44667.0,45500.0,40000.0,45125.0,38333.0,36800.0,35875.0,42667.0,44333.0,40333.0,45000.0,38667.0,40000.0,29333.0,37500.0,40000.0,39333.0,42500.0,40000.0,40000.0,42500.0,37500.0,40000.0,46667.0,40000.0,41667.0,36000.0,40000.0,42667.0,46167.0
2026-05-23,40000.0,44200.0,39500.0,42500.0,40500.0,41333.0,40400.0,43000.0,44667.0,45500.0,40000.0,45125.0,38333.0,36800.0,35875.0,42667.0,44333.0,40333.0,45000.0,39000.0,40000.0,30000.0,37500.0,47000.0,39333.0,42500.0,40000.0,40000.0,42500.0,37500.0,40000.0,45000.0,40000.0,41667.0,36000.0,40000.0,44333.0,47000.0
2026-05-24,40000.0,46200.0,39500.0,42500.0,40500.0,41333.0,41400.0,43000.0,44667.0,45500.0,40000.0,46625.0,38333.0,36800.0,35875.0,43333.0,44333.0,40333.0,52500.0,39000.0,40000.0,30000.0,37500.0,47000.0,39333.0,42500.0,40000.0,40000.0,42500.0,38000.0,40000.0,51667.0,40000.0,41667.0,36000.0,40000.0,45667.0,47167.0
2026-05-25,42000.0,48200.0,41500.0,42500.0,43750.0,45333.0,47000.0,44667.0,45667.0,47750.0,40333.0,45750.0,38667.0,39600.0,36875.0,46333.0,46000.0,41667.0,50000.0,39000.0,40000.0,31667.0,42500.0,47000.0,44000.0,45000.0,42000.0,42333.0,43750.0,39250.0,40000.0,48333.0,43667.0,41667.0,37500.0,40000.0,50000.0,50167.0
2026-05-26,42000.0,47600.0,42500.0,42500.0,44250.0,51667.0,47000.0,44667.0,45667.0,49000.0,40333.0,47500.0,40000.0,39600.0,36875.0,48667.0,47667.0,29667.0,52500.0,39000.0,40000.0,31667.0,42500.0,51000.0,44000.0,45000.0,43000.0,44000.0,43750.0,39250.0,40000.0,50000.0,52000.0,42500.0,36500.0,40000.0,48333.0,49333.0
2026-05-27,42000.0,48200.0,42500.0,42500.0,44250.0,51667.0,47800.0,44667.0,45667.0,49000.0,40333.0,47500.0,40000.0,39600.0,36875.0,48667.0,47667.0,29667.0,52500.0,39000.0,40000.0,31667.0,42500.0,51000.0,44000.0,45000.0,43000.0,44000.0,43750.0,42250.0,40000.0,48333.0,52000.0,42500.0,36500.0,40000.0,48333.0,48833.0
2026-05-28,42000.0,47200.0,42500.0,45000.0,45500.0,51667.0,47800.0,46333.0,45667.0,49000.0,40333.0,47250.0,40000.0,39600.0,36875.0,47333.0,47667.0,29667.0,52500.0,39000.0,40000.0,32667.0,42500.0,51000.0,44000.0,45000.0,43000.0,44000.0,44750.0,42250.0,40000.0,49333.0,52000.0,42500.0,36500.0,40000.0,46667.0,50500.0
2026-05-29,42000.0,49000.0,46000.0,45000.0,45500.0,51667.0,56800.0,46333.0,46333.0,50000.0,40333.0,48500.0,41667.0,40700.0,39750.0,47333.0,50000.0,29667.0,52500.0,39333.0,52500.0,33667.0,40000.0,51000.0,44000.0,45000.0,43000.0,46000.0,44750.0,46250.0,40000.0,50000.0,52000.0,44500.0,36250.0,40000.0,43333.0,51333.0
2026-05-30,42000.0,49000.0,46500.0,45000.0,45500.0,51667.0,56800.0,46333.0,46333.0,50000.0,40333.0,48500.0,41667.0,40700.0,39750.0,47333.0,49333.0,39667.0,52500.0,39333.0,52500.0,33667.0,40000.0,51000.0,44000.0,45000.0,43000.0,46000.0,44750.0,46250.0,40000.0,50000.0,52000.0,44500.0,36250.0,40000.0,46667.0,49667.0
2026-05-31,42000.0,47800.0,46500.0,45000.0,45500.0,51667.0,56800.0,46333.0,46333.0,50000.0,40333.0,46750.0,41667.0,40700.0,39750.0,47333.0,49333.0,39667.0,52500.0,39333.0,52500.0,33667.0,40000.0,51000.0,44000.0,45000.0,43000.0,46000.0,47750.0,50000.0,40000.0,50000.0,52000.0,44500.0,36250.0,40000.0,46667.0,49667.0
2026-06-01,42000.0,47800.0,46500.0,45000.0,54750.0,51667.0,56800.0,46667.0,47667.0,50000.0,40333.0,46750.0,41667.0,40700.0,42000.0,47333.0,49333.0,39667.0,52500.0,39333.0,52500.0,33667.0,43500.0,51000.0,44000.0,45000.0,43000.0,47667.0,49000.0,50000.0,40000.0,52333.0,52000.0,47000.0,36250.0,40000.0,48333.0,48833.0
2026-06-02,47000.0,49400.0,46500.0,45000.0,54750.0,51333.0,55800.0,46667.0,49333.0,49500.0,40333.0,47750.0,43333.0,44200.0,43250.0,43333.0,49333.0,41000.0,52500.0,39833.0,52500.0,33667.0,43500.0,47500.0,47667.0,45000.0,45500.0,50000.0,49000.0,47250.0,40000.0,52000.0,53333.0,47000.0,36000.0,40000.0,48333.0,49333.0
2026-06-03,47667.0,49400.0,47500.0,45000.0,54750.0,51333.0,56600.0,49333.0,51000.0,50000.0,40333.0,47750.0,43333.0,44600.0,43250.0,43333.0,52333.0,47333.0,52500.0,39833.0,52500.0,33667.0,42500.0,47500.0,47667.0,50000.0,46500.0,50000.0,49000.0,47250.0,40000.0,52667.0,51667.0,47833.0,36500.0,40000.0,51667.0,47667.0
2026-06-04,50000.0,49400.0,46500.0,45000.0,54250.0,53000.0,56600.0,49333.0,49333.0,50500.0,40333.0,47750.0,43333.0,44600.0,43250.0,43333.0,52333.0,48000.0,52500.0,39833.0,52500.0,33667.0,42500.0,47500.0,49000.0,50000.0,46500.0,50000.0,49000.0,45125.0,40000.0,52667.0,56667.0,47833.0,36500.0,40000.0,53333.0,48333.0
2026-06-05,50000.0,49800.0,45000.0,45000.0,54250.0,53000.0,56600.0,48333.0,49333.0,51000.0,43000.0,51250.0,44333.0,44600.0,43250.0,43333.0,52333.0,48667.0,52500.0,40333.0,52500.0,35333.0,45000.0,50000.0,49000.0,50000.0,46500.0,50000.0,49000.0,46125.0,40000.0,53667.0,56667.0,47833.0,36000.0,40000.0,46667.0,48000.0
2026-06-06,50000.0,49800.0,45000.0,45000.0,54250.0,53000.0,56600.0,48333.0,48667.0,51000.0,44333.0,51250.0,44333.0,44600.0,43250.0,43333.0,52333.0,48667.0,52500.0,40333.0,52500.0,35333.0,45000.0,50000.0,49000.0,50000.0,46500.0,50000.0,49000.0,46125.0,40000.0,53000.0,55000.0,47833.0,36000.0,40000.0,46667.0,48333.0
2026-06-07,50000.0,49800.0,45000.0,45000.0,54250.0,53000.0,56600.0,48333.0,48667.0,51000.0,44333.0,51250.0,44333.0,44600.0,43250.0,40000.0,54000.0,48667.0,52500.0,40333.0,52500.0,35333.0,45000.0,50000.0,49000.0,50000.0,46500.0,50000.0,49000.0,49750.0,40000.0,53667.0,55000.0,50667.0,36000.0,40000.0,46667.0,49667.0
2026-06-08,52000.0,50000.0,46500.0,45000.0,56500.0,54000.0,53000.0,44667.0,48667.0,48500.0,48500.0,50900.0,44333.0,45000.0,43750.0,42000.0,55000.0,48667.0,52500.0,52333.0,52500.0,35333.0,47500.0,54500.0,45667.0,50000.0,45000.0,48333.0,50500.0,48500.0,40000.0,52000.0,56667.0,50000.0,37000.0,40000.0,51667.0,49667.0
2026-06-09,47000.0,48400.0,45000.0,45000.0,56500.0,54000.0,53000.0,44667.0,48667.0,48500.0,48500.0,50750.0,44333.0,44600.0,43750.0,42000.0,55000.0,48667.0,52500.0,52333.0,52500.0,35333.0,47500.0,50000.0,47333.0,50000.0,43000.0,46667.0,50000.0,46250.0,40000.0,53667.0,56667.0,50000.0,37000.0,40000.0,51667.0,49333.0
2026-06-10,47000.0,50800.0,48500.0,45000.0,56500.0,51333.0,51000.0,44333.0,47667.0,48500.0,48500.0,51250.0,46000.0,43000.0,43750.0,39333.0,53333.0,48667.0,52500.0,49000.0,52500.0,34667.0,44000.0,50000.0,47333.0,50000.0,42500.0,43333.0,50000.0,46250.0,40000.0,53667.0,55000.0,51500.0,37000.0,40000.0,50000.0,48833.0
2026-06-11,47333.0,50800.0,46500.0,45000.0,54250.0,48333.0,49800.0,43333.0,46333.0,48000.0,48000.0,49750.0,46000.0,43000.0,42250.0,38333.0,51667.0,48000.0,50000.0,49000.0,52500.0,34667.0,44000.0,50000.0,47333.0,47500.0,43000.0,43333.0,49500.0,47500.0,40000.0,50667.0,56000.0,53500.0,37000.0,40000.0,53333.0,48000.0
2026-06-12,47333.0,48400.0,45500.0,45000.0,54250.0,48333.0,49400.0,43333.0,46333.0,48000.0,47000.0,46650.0,46000.0,43000.0,41750.0,33333.0,51667.0,48000.0,52500.0,40900.0,52500.0,37000.0,43500.0,50000.0,49333.0,47500.0,41500.0,44333.0,49000.0,47500.0,40000.0,50667.0,56000.0,53500.0,37000.0,40000.0,53333.0,48333.0
2026-06-13,47333.0,48400.0,45500.0,45000.0,54250.0,48333.0,48400.0,43333.0,46333.0,48000.0,47000.0,44900.0,46000.0,39400.0,41750.0,33333.0,50000.0,49333.0,52500.0,41900.0,52500.0,37000.0,43500.0,50000.0,43667.0,47500.0,41500.0,44333.0,48750.0,48750.0,40000.0,50000.0,53333.0,52667.0,37000.0,40000.0,53333.0,46000.0
2026-06-14,47333.0,48400.0,45500.0,45000.0,54250.0,48333.0,48400.0,43333.0,45333.0,48000.0,47000.0,44900.0,46000.0,39400.0,41750.0,33333.0,50000.0,49333.0,52500.0,41900.0,47500.0,37000.0,43500.0,50000.0,43667.0,47500.0,41500.0,44333.0,48750.0,47500.0,40000.0,46667.0,53333.0,52333.0,37000.0,40000.0,53333.0,45833.0
2026-06-15,47333.0,44800.0,42000.0,45000.0,51500.0,44333.0,43400.0,40333.0,45333.0,39000.0,47000.0,44900.0,44667.0,40000.0,41750.0,37667.0,50000.0,47333.0,52500.0,45000.0,47500.0,36000.0,40000.0,50000.0,43667.0,42500.0,38500.0,42667.0,44250.0,46500.0,40000.0,45000.0,53333.0,52667.0,37250.0,40000.0,51667.0,45000.0
2026-06-16,47333.0,44800.0,41000.0,42500.0,51500.0,44333.0,43400.0,40333.0,45333.0,39000.0,47000.0,44900.0,44667.0,40000.0,41750.0,35000.0,50000.0,38000.0,52500.0,42867.0,47500.0,36000.0,40000.0,44000.0,45333.0,42500.0,38500.0,42667.0,44250.0,46000.0,40000.0,43333.0,53333.0,52667.0,37250.0,40000.0,50000.0,45000.0
2026-06-17,47333.0,44800.0,38500.0,42500.0,51500.0,44333.0,42600.0,38333.0,43667.0,40750.0,47000.0,43500.0,44000.0,40800.0,40750.0,35000.0,48333.0,38000.0,50000.0,42867.0,47500.0,36000.0,40000.0,44000.0,45333.0,45000.0,39000.0,42667.0,44250.0,46625.0,40000.0,42667.0,52667.0,52667.0,37500.0,40750.0,46667.0,45000.0
2026-06-18,47333.0,44200.0,38500.0,40000.0,47500.0,43667.0,42600.0,38333.0,43667.0,38000.0,47333.0,43500.0,44000.0,40400.0,40500.0,35667.0,48333.0,38000.0,50000.0,42867.0,47500.0,36000.0,40000.0,42000.0,42667.0,45000.0,39000.0,42333.0,44250.0,45125.0,40000.0,41000.0,54333.0,51000.0,38500.0,40750.0,46667.0,46167.0
2026-06-19,47333.0,44200.0,38500.0,40000.0,47500.0,43667.0,42200.0,37667.0,43667.0,37500.0,47333.0,42500.0,44000.0,39400.0,39750.0,35667.0,47667.0,37333.0,50000.0,42867.0,47500.0,34333.0,41500.0,39000.0,40000.0,45000.0,39000.0,42333.0,41750.0,44500.0,38000.0,39333.0,54000.0,51000.0,38500.0,40750.0,46667.0,45667.0
2026-06-20,47333.0,44200.0,37000.0,40000.0,47500.0,43667.0,42200.0,37667.0,42000.0,37500.0,47667.0,42500.0,44000.0,39400.0,39750.0,35667.0,47667.0,37333.0,50000.0,42867.0,47500.0,34333.0,41500.0,39000.0,40000.0,45000.0,39000.0,42333.0,41750.0,43250.0,38000.0,39333.0,54000.0,49167.0,38500.0,40750.0,46667.0,45667.0
2026-06-21,47333.0,44200.0,37000.0,40000.0,47500.0,43667.0,42200.0,37667.0,42000.0,37500.0,47667.0,42500.0,44000.0,39400.0,39750.0,35667.0,47667.0,37333.0,50000.0,42500.0,47500.0,34333.0,41500.0,39000.0,40000.0,45000.0,39000.0,42333.0,41750.0,43250.0,38000.0,39333.0,54000.0,49167.0,38500.0,40750.0,46667.0,45167.0
2026-06-22,47333.0,41600.0,35500.0,39000.0,40250.0,43333.0,42200.0,34667.0,41000.0,37000.0,47333.0,42000.0,44000.0,40200.0,37500.0,38000.0,47667.0,36667.0,47500.0,42167.0,47500.0,34333.0,38000.0,39000.0,38667.0,42500.0,36000.0,38667.0,41750.0,43500.0,38000.0,39333.0,54333.0,49167.0,37500.0,40000.0,48667.0,44333.0
2026-06-23,47333.0,39600.0,35500.0,39000.0,40250.0,43333.0,42200.0,34667.0,41000.0,37000.0,47333.0,41000.0,43667.0,39800.0,37000.0,38000.0,45000.0,34667.0,47500.0,42167.0,47500.0,35000.0,38000.0,39000.0,38667.0,42500.0,36000.0,38667.0,41750.0,42250.0,38000.0,39333.0,54333.0,47500.0,38000.0,40000.0,48667.0,44333.0
2026-06-24,40000.0,39600.0,34500.0,39000.0,40250.0,43333.0,39400.0,33333.0,41000.0,37000.0,47333.0,41000.0,43667.0,39800.0,36750.0,38000.0,45000.0,34667.0,47500.0,40767.0,47500.0,35000.0,38000.0,36500.0,38667.0,42500.0,36000.0,39333.0,41750.0,39500.0,38000.0,41000.0,53667.0,49000.0,37000.0,40000.0,47333.0,45167.0
2026-06-25,40000.0,38200.0,34500.0,39000.0,39500.0,40000.0,39400.0,33333.0,42667.0,36500.0,47667.0,40750.0,43667.0,39800.0,36500.0,38000.0,45000.0,34667.0,47500.0,41100.0,47500.0,34333.0,38000.0,36500.0,35000.0,42500.0,35000.0,39333.0,40250.0,38250.0,38000.0,38667.0,53667.0,47833.0,37000.0,40000.0,47333.0,45167.0
2026-06-26,40000.0,38200.0,34500.0,39000.0,39500.0,39333.0,39400.0,33333.0,42667.0,36250.0,47667.0,40000.0,43667.0,39800.0,36500.0,38000.0,45000.0,33667.0,47500.0,41100.0,47500.0,34333.0,38000.0,36500.0,35000.0,42500.0,35000.0,39333.0,39750.0,40500.0,38000.0,39333.0,48667.0,47833.0,37000.0,40000.0,47333.0,45167.0
2026-06-27,40000.0,38200.0,34500.0,39000.0,39500.0,39333.0,38400.0,33333.0,41667.0,36250.0,47000.0,39750.0,43667.0,39800.0,36500.0,35333.0,45000.0,33667.0,47500.0,40333.0,47500.0,34333.0,37500.0,36500.0,35000.0,42500.0,34000.0,39333.0,41250.0,40500.0,38000.0,39333.0,48667.0,47833.0,37000.0,40000.0,47500.0,42000.0
2026-06-28,40000.0,38200.0,34500.0,36500.0,39500.0,39333.0,38400.0,33333.0,41667.0,36250.0,47000.0,39500.0,43667.0,39800.0,36500.0,35333.0,41000.0,31667.0,47500.0,40333.0,47500.0,33000.0,37500.0,36500.0,35000.0,42500.0,34000.0,39333.0,40750.0,40500.0,38000.0,37000.0,48667.0,47333.0,37000.0,40000.0,47500.0,41167.0
2026-06-29,40000.0,38200.0,33500.0,36500.0,37000.0,37000.0,36800.0,32333.0,40000.0,36250.0,43000.0,39500.0,43667.0,37000.0,34250.0,35333.0,39333.0,32333.0,47500.0,38000.0,47500.0,32667.0,36500.0,36500.0,35000.0,42500.0,32500.0,35333.0,35500.0,39500.0,38000.0,37000.0,48333.0,47333.0,36000.0,40000.0,43333.0,40667.0
2026-06-30,40000.0,36600.0,33500.0,36500.0,37000.0,37000.0,38400.0,31667.0,40000.0,33250.0,34000.0,38500.0,42667.0,36400.0,34250.0,33000.0,39333.0,32333.0,47500.0,38667.0,40000.0,32667.0,36500.0,36500.0,35000.0,42500.0,33000.0,35333.0,35000.0,39500.0,36000.0,39333.0,43333.0,47333.0,35500.0,40000.0,43333.0,38167.0
2026-07-01,40000.0,35600.0,34500.0,36500.0,37000.0,37000.0,38400.0,33333.0,40000.0,33250.0,34000.0,37500.0,42667.0,36200.0,34250.0,33000.0,39333.0,33000.0,47500.0,38000.0,40000.0,32667.0,37500.0,36500.0,35000.0,42500.0,32000.0,35333.0,35000.0,39500.0,36000.0,38667.0,42333.0,44500.0,36500.0,40000.0,44000.0,37667.0
2026-07-02,40000.0,35760.0,34500.0,36500.0,38000.0,37667.0,38400.0,33333.0,40000.0,33250.0,34000.0,37500.0,42333.0,36200.0,32000.0,33000.0,39333.0,33000.0,47500.0,36333.0,40000.0,32667.0,37500.0,36500.0,35000.0,39000.0,32000.0,35333.0,34750.0,39500.0,36000.0,40333.0,42333.0,43667.0,36500.0,40000.0,42333.0,37833.0
2026-07-03,40000.0,35600.0,35500.0,36500.0,38000.0,37667.0,38400.0,33333.0,40000.0,33250.0,34000.0,35000.0,42333.0,36200.0,33000.0,33000.0,39333.0,32333.0,47500.0,35833.0,40000.0,32667.0,37500.0,36500.0,35000.0,39000.0,33000.0,35333.0,33750.0,39500.0,35000.0,37000.0,41667.0,41500.0,36500.0,40000.0,42333.0,36833.0
2026-07-04,40000.0,35200.0,35500.0,36500.0,38000.0,37667.0,38400.0,33333.0,39333.0,33250.0,34000.0,35250.0,42333.0,36200.0,33000.0,33000.0,38667.0,32333.0,47500.0,35833.0,40000.0,32667.0,37500.0,36500.0,35000.0,39000.0,33000.0,35333.0,33750.0,39500.0,35000.0,36000.0,41667.0,39000.0,36500.0,40000.0,42333.0,37333.0
2026-07-05,40000.0,36200.0,35500.0,36500.0,38000.0,37667.0,38400.0,33333.0,37667.0,33250.0,34000.0,35250.0,42333.0,36200.0,33000.0,33000.0,38667.0,32333.0,47500.0,35833.0,40000.0,32667.0,37500.0,36500.0,35000.0,39000.0,33000.0,35333.0,33500.0,40250.0,35000.0,37667.0,41667.0,39000.0,36500.0,40000.0,42333.0,37500.0
2026-07-06,40000.0,36200.0,31500.0,31000.0,35000.0,37667.0,37000.0,30667.0,37667.0,35000.0,34000.0,34750.0,41000.0,35000.0,33500.0,33000.0,39333.0,32000.0,40000.0,35833.0,40000.0,32667.0,35500.0,36500.0,35000.0,37000.0,34000.0,33333.0,32750.0,40250.0,35000.0,37000.0,42000.0,40500.0,37000.0,40000.0,42333.0,38333.0
2026-07-07,40000.0,36200.0,31500.0,31000.0,35000.0,37667.0,37000.0,30667.0,37333.0,35000.0,34000.0,35750.0,41000.0,35400.0,32500.0,33000.0,39333.0,32333.0,40000.0,35833.0,40000.0,32667.0,35500.0,36500.0,33000.0,37000.0,33000.0,33333.0,33000.0,40250.0,35000.0,36333.0,42000.0,40833.0,37000.0,40000.0,42333.0,39667.0
2026-07-08,40000.0,36200.0,31500.0,31000.0,35000.0,37667.0,35800.0,30000.0,37333.0,35000.0,34000.0,35000.0,39333.0,35000.0,31750.0,33000.0,39333.0,33000.0,40000.0,35833.0,35500.0,32667.0,35500.0,36500.0,32333.0,36500.0,33000.0,33333.0,33000.0,38500.0,35000.0,38333.0,40333.0,40833.0,37000.0,40000.0,42333.0,36167.0
2026-07-09,40000.0,35800.0,34000.0,31000.0,39000.0,37667.0,34200.0,30000.0,37333.0,35000.0,34000.0,34000.0,39333.0,35000.0,31750.0,33000.0,39333.0,33000.0,40000.0,35933.0,35500.0,32667.0,34000.0,34000.0,32333.0,36500.0,33000.0,33333.0,33000.0,36750.0,35000.0,36333.0,39667.0,39667.0,35500.0,40000.0,40667.0,36167.0
2026-07-10,40000.0,35800.0,34000.0,31000.0,39000.0,37667.0,34200.0,30000.0,37333.0,35000.0,34000.0,34000.0,38667.0,34800.0,31750.0,31333.0,39333.0,33000.0,40000.0,35933.0,35500.0,32667.0,34000.0,34000.0,32333.0,36500.0,33000.0,33333.0,32500.0,37750.0,35000.0,36333.0,39667.0,39667.0,35000.0,40000.0,40667.0,36833.0
2026-07-11,40000.0,35800.0,34000.0,31000.0,39000.0,37667.0,34200.0,30000.0,36000.0,35000.0,34000.0,34000.0,38667.0,33800.0,31750.0,31333.0,39333.0,33000.0,40000.0,35767.0,35500.0,32667.0,38000.0,34000.0,32333.0,36500.0,33000.0,33333.0,32500.0,37750.0,34000.0,37000.0,39667.0,39667.0,35000.0,40000.0,40667.0,36833.0
2026-07-12,40000.0,35800.0,34000.0,31000.0,39000.0,37667.0,34200.0,30000.0,35000.0,35000.0,34000.0,34000.0,38667.0,33800.0,31750.0,31333.0,39333.0,33000.0,40000.0,35767.0,35500.0,32667.0,38000.0,34000.0,32333.0,36500.0,33000.0,33333.0,33000.0,37500.0,34000.0,37667.0,39667.0,39667.0,35000.0,40000.0,40667.0,36000.0
2026-07-13,40000.0,33400.0,32000.0,31000.0,35250.0,37667.0,33600.0,29667.0,34333.0,35000.0,34000.0,33750.0,38667.0,26640.0,30208.0,31333.0,37667.0,33667.0,40000.0,35767.0,31500.0,33333.0,34500.0,34000.0,32333.0,32500.0,31000.0,34000.0,33000.0,36500.0,34000.0,37667.0,39667.0,38333.0,34000.0,40000.0,36667.0,36333.0
2026-07-14,40000.0,33400.0,32000.0,31000.0,35250.0,37000.0,33600.0,29667.0,34333.0,35000.0,34000.0,33750.0,38667.0,27040.0,30208.0,31333.0,35667.0,33667.0,40000.0,35767.0,31500.0,33333.0,34500.0,34000.0,32333.0,32500.0,31000.0,34000.0,33000.0,37000.0,34000.0,38333.0,36667.0,38333.0,34000.0,40000.0,37000.0,37167.0
2026-07-15,40000.0,33000.0,32000.0,31000.0,35250.0,37000.0,33600.0,28667.0,34333.0,33750.0,34000.0,33750.0,37667.0,32000.0,30208.0,28000.0,35667.0,33667.0,40000.0,35667.0,31500.0,33333.0,34500.0,34000.0,32333.0,32500.0,31000.0,34000.0,32000.0,35750.0,32000.0,37667.0,36667.0,37833.0,33500.0,40000.0,35000.0,37167.0
2026-07-16,40000.0,38600.0,31000.0,31000.0,33500.0,36000.0,34600.0,28667.0,34333.0,33750.0,34000.0,33750.0,37667.0,32000.0,29458.0,28000.0,35667.0,33667.0,40000.0,35000.0,31500.0,33333.0,36500.0,34000.0,32333.0,33500.0,30000.0,33333.0,30750.0,35750.0,32000.0,36667.0,36667.0,36167.0,34000.0,40000.0,35000.0,37167.0
2026-07-17,40000.0,36400.0,28500.0,31000.0,33500.0,36667.0,34600.0,28667.0,34333.0,31250.0,34000.0,33750.0,37000.0,32000.0,29458.0,28000.0,35333.0,33667.0,40000.0,35000.0,31500.0,32333.0,37500.0,34000.0,32333.0,33500.0,30000.0,33333.0,30750.0,36250.0,32000.0,37000.0,36333.0,36167.0,34000.0,40000.0,35000.0,36833.0
2026-07-18,40000.0,36200.0,28500.0,31000.0,33500.0,36667.0,34600.0,28667.0,34333.0,31250.0,34000.0,33250.0,37000.0,32000.0,29458.0,28000.0,35333.0,33667.0,40000.0,35000.0,31500.0,31333.0,37500.0,34000.0,32333.0,33500.0,30000.0,33333.0,30750.0,38500.0,32000.0,37000.0,36333.0,36167.0,34000.0,40000.0,35000.0,35500.0
2026-07-19,40000.0,34600.0,30500.0,31000.0,33500.0,36667.0,34600.0,28667.0,33333.0,31250.0,34000.0,33250.0,37000.0,32000.0,29458.0,28000.0,35333.0,33667.0,40000.0,35667.0,31500.0,31333.0,37500.0,34000.0,32333.0,33500.0,30000.0,33333.0,30750.0,38500.0,32000.0,37667.0,36333.0,36000.0,34000.0,40000.0,35000.0,36833.0
2026-07-20,40000.0,32600.0,31000.0,28500.0,32500.0,35667.0,32800.0,28000.0,32333.0,29750.0,34000.0,32750.0,36667.0,31000.0,29208.0,28000.0,35333.0,32000.0,40000.0,35667.0,29000.0,30667.0,39000.0,34000.0,30667.0,33500.0,27500.0,30000.0,29250.0,36000.0,32000.0,36000.0,35667.0,36000.0,33500.0,40000.0,35000.0,34667.0
2026-07-21,40000.0,31400.0,30500.0,28500.0,32500.0,35667.0,32800.0,28000.0,32333.0,26750.0,34000.0,28800.0,36667.0,30400.0,29125.0,27333.0,34667.0,31333.0,40000.0,35667.0,29000.0,30667.0,39000.0,34000.0,30667.0,33500.0,27500.0,30000.0,29250.0,36500.0,32000.0,33333.0,37667.0,35500.0,33000.0,40000.0,35000.0,35167.0
2026-07-22,40000.0,31200.0,29000.0,27500.0,32500.0,34333.0,31800.0,28000.0,32333.0,30000.0,34000.0,28800.0,34667.0,28400.0,29125.0,25000.0,34667.0,31333.0,40000.0,35667.0,29000.0,29667.0,39000.0,34000.0,30667.0,32500.0,27000.0,30000.0,29250.0,35750.0,30000.0,33333.0,37667.0,35167.0,32500.0,40000.0,35000.0,35167.0
2026-07-23,40000.0,31800.0,29000.0,27500.0,30000.0,34333.0,31800.0,28000.0,32333.0,30000.0,34000.0,28300.0,34667.0,29000.0,29125.0,25000.0,34667.0,31333.0,40000.0,35667.0,27000.0,30667.0,39000.0,34000.0,30667.0,32500.0,26500.0,30000.0,29750.0,37000.0,28000.0,31667.0,34000.0,35167.0,32000.0,40000.0,36000.0,35167.0
2026-07-24,40000.0,31400.0,30000.0,27500.0,30000.0,32667.0,33800.0,26667.0,32333.0,30000.0,34000.0,28300.0,32000.0,29000.0,29375.0,25000.0,34667.0,31333.0,40000.0,35567.0,27000.0,29000.0,33500.0,34000.0,28667.0,32500.0,26000.0,30000.0,28500.0,36250.0,28000.0,35000.0,34667.0,35167.0,31500.0,40000.0,36000.0,34667.0
2026-07-25,40000.0,31800.0,30000.0,27500.0,30000.0,32667.0,33800.0,26667.0,31667.0,30000.0,34000.0,27650.0,32000.0,28600.0,29375.0,24000.0,34000.0,31333.0,40000.0,33567.0,27000.0,28333.0,33500.0,34000.0,28667.0,32500.0,26000.0,30000.0,28500.0,36250.0,30000.0,32333.0,34667.0,35167.0,31500.0,40000.0,36000.0,35000.0
2026-07-26,40000.0,31800.0,30000.0,27500.0,30000.0,32667.0,33800.0,26667.0,31667.0,30000.0,34000.0,26800.0,32000.0,28600.0,29375.0,24000.0,31333.0,30667.0,40000.0,33567.0,27000.0,28667.0,33500.0,34000.0,28667.0,32500.0,26000.0,30000.0,28500.0,36250.0,30000.0,31000.0,34667.0,35167.0,31500.0,40000.0,35333.0,34667.0
2026-07-27,40000.0,30800.0,30000.0,27500.0,29750.0,33333.0,26940.0,26667.0,29333.0,30000.0,34000.0,26800.0,32000.0,27100.0,27375.0,24000.0,30667.0,30667.0,40000.0,33067.0,27000.0,28667.0,32000.0,30000.0,28000.0,33500.0,26000.0,29333.0,28500.0,35750.0,28000.0,28667.0,34667.0,35333.0,31500.0,40000.0,34333.0,33833.0
2026-07-28,40000.0,30800.0,30000.0,27500.0,29750.0,32667.0,24940.0,26667.0,28333.0,27000.0,33333.0,28300.0,32000.0,26500.0,27375.0,24000.0,30667.0,31333.0,40000.0,31500.0,27000.0,28667.0,32000.0,30000.0,28000.0,32000.0,26000.0,29333.0,28000.0,35750.0,28000.0,29667.0,34667.0,35333.0,31000.0,40000.0,34333.0,33833.0
2026-07-29,40000.0,29800.0,27500.0,27500.0,29750.0,32667.0,24940.0,26667.0,28000.0,27000.0,32333.0,28300.0,32000.0,26500.0,26825.0,24000.0,30000.0,31333.0,40000.0,31500.0,27000.0,28667.0,28500.0,30000.0,28000.0,32000.0,25000.0,29333.0,28000.0,35000.0,28000.0,28333.0,33333.0,34667.0,31250.0,40000.0,34333.0,33333.0
2026-07-30,40000.0,29800.0,27500.0,27500.0,28500.0,29333.0,29200.0,26667.0,28000.0,27750.0,33333.0,27900.0,32000.0,26900.0,25575.0,24000.0,30000.0,31333.0,35000.0,30833.0,27000.0,28333.0,28500.0,30000.0,26000.0,31000.0,25000.0,28000.0,28500.0,34500.0,28000.0,30667.0,33333.0,33833.0,31000.0,40000.0,34333.0,31667.0
2026-07-31,35000.0,29800.0,27500.0,27500.0,28500.0,29333.0,28400.0,26667.0,28000.0,26750.0,35000.0,26625.0,32000.0,26900.0,25575.0,24000.0,30000.0,28667.0,30000.0,30833.0,27000.0,28333.0,26000.0,30000.0,26000.0,31000.0,25000.0,29000.0,28500.0,34000.0,28000.0,30000.0,33333.0,33500.0,31000.0,40000.0,33333.0,32500.0
2026-08-01,35000.0,28600.0,27500.0,27500.0,28500.0,29333.0,28400.0,26667.0,27667.0,26750.0,35000.0,27125.0,32000.0,26900.0,25575.0,24000.0,30000.0,28667.0,30000.0,30733.0,27000.0,28333.0,26000.0,30000.0,26000.0,31000.0,25000.0,29000.0,28500.0,34000.0,28000.0,30000.0,33333.0,33500.0,31000.0,40000.0,31667.0,33333.0
2026-08-02,35000.0,28600.0,27500.0,27500.0,28500.0,29333.0,28400.0,26667.0,27333.0,26750.0,35000.0,27125.0,32000.0,26900.0,25575.0,23000.0,30000.0,28667.0,30000.0,30833.0,27000.0,28000.0,26000.0,30000.0,26000.0,31000.0,25000.0,29000.0,28500.0,34000.0,28000.0,30000.0,33333.0,33500.0,31000.0,40000.0,30667.0,33333.0
2026-08-03,35000.0,28800.0,27000.0,28500.0,28500.0,29333.0,28400.0,24333.0,26333.0,26750.0,35000.0,27050.0,31333.0,26100.0,25575.0,23333.0,30000.0,28667.0,30000.0,28500.0,28000.0,28000.0,28500.0,30000.0,27000.0,29000.0,23000.0,29000.0,27500.0,34000.0,28000.0,31667.0,34667.0,33500.0,30000.0,40000.0,31333.0,32500.0
2026-08-04,35000.0,28800.0,27000.0,28500.0,28500.0,29333.0,28400.0,24333.0,26000.0,27250.0,35000.0,27050.0,31333.0,26200.0,26325.0,23333.0,29333.0,28667.0,30000.0,28600.0,28000.0,28000.0,28500.0,27000.0,26000.0,29000.0,23000.0,29000.0,27000.0,34500.0,28000.0,28333.0,36333.0,33500.0,29000.0,40000.0,30333.0,32833.0
2026-08-05,35000.0,28800.0,27000.0,28500.0,28500.0,29333.0,28400.0,24333.0,26000.0,27250.0,30667.0,27300.0,30000.0,26600.0,26325.0,24000.0,29333.0,30000.0,30000.0,28600.0,28000.0,28000.0,29500.0,30500.0,26000.0,30000.0,23000.0,29000.0,27000.0,35000.0,28000.0,28333.0,36333.0,33500.0,29500.0,31000.0,30333.0,32667.0
2026-08-06,35000.0,26800.0,27000.0,28500.0,30250.0,29667.0,28400.0,24333.0,26000.0,28500.0,30667.0,27300.0,30000.0,26600.0,26325.0,24000.0,29333.0,29333.0,30000.0,30400.0,28000.0,28000.0,29500.0,30500.0,26000.0,30000.0,23000.0,29000.0,26500.0,35000.0,28000.0,30000.0,36333.0,31667.0,30000.0,31000.0,30667.0,33500.0
2026-08-07,35000.0,26000.0,25500.0,28500.0,30250.0,29667.0,28400.0,24333.0,26333.0,28500.0,30667.0,27300.0,30000.0,26600.0,26250.0,24000.0,30000.0,28000.0,30000.0,30233.0,28000.0,28000.0,27500.0,30500.0,26000.0,31000.0,23000.0,27333.0,26500.0,34500.0,28000.0,28667.0,32333.0,31667.0,29500.0,31000.0,30667.0,32167.0
2026-08-08,35000.0,26000.0,25500.0,28500.0,30250.0,29667.0,28400.0,24333.0,26333.0,28500.0,30667.0,27300.0,30000.0,26600.0,26250.0,24333.0,30000.0,28000.0,30000.0,30233.0,27000.0,28000.0,27500.0,30500.0,26000.0,31000.0,23000.0,27000.0,26500.0,34000.0,28000.0,29333.0,32333.0,31667.0,29500.0,31000.0,30667.0,32167.0
2026-08-09,35000.0,28000.0,25500.0,28500.0,30250.0,29667.0,28400.0,24333.0,26333.0,28500.0,30667.0,26900.0,30000.0,26600.0,26250.0,24333.0,30000.0,27333.0,30000.0,28567.0,27000.0,28000.0,27500.0,30500.0,26000.0,31000.0,23000.0,27000.0,25750.0,34000.0,28000.0,29000.0,32333.0,31667.0,29500.0,31000.0,30667.0,32500.0
2026-08-10,35000.0,28200.0,25500.0,27500.0,29750.0,29000.0,28000.0,23667.0,26333.0,26500.0,30667.0,27650.0,29333.0,28200.0,26250.0,24000.0,30000.0,28000.0,30000.0,27333.0,27000.0,27333.0,30000.0,30500.0,26000.0,31000.0,23000.0,26333.0,25750.0,33500.0,28000.0,30667.0,32333.0,31667.0,28500.0,30000.0,31333.0,31833.0
2026-08-11,35000.0,28200.0,26000.0,27500.0,29750.0,29000.0,28000.0,23000.0,26333.0,25750.0,27667.0,27650.0,29333.0,28200.0,26500.0,24000.0,30000.0,27333.0,30000.0,27900.0,27000.0,26667.0,30000.0,30500.0,26333.0,32000.0,23000.0,26000.0,26250.0,34000.0,28000.0,29000.0,31667.0,31667.0,27500.0,30000.0,31333.0,31833.0
2026-08-12,35000.0,27800.0,26000.0,27500.0,29750.0,29000.0,28000.0,23000.0,25667.0,25750.0,27667.0,27400.0,29333.0,28200.0,26500.0,24000.0,30667.0,26000.0,30000.0,28000.0,27000.0,26667.0,30000.0,30500.0,25000.0,31000.0,23000.0,26000.0,26250.0,34000.0,28000.0,29333.0,32333.0,31667.0,27250.0,30000.0,31333.0,30667.0
2026-08-13,35000.0,28800.0,26000.0,27500.0,28250.0,29000.0,27400.0,23000.0,25667.0,25000.0,28000.0,25900.0,29333.0,28400.0,26500.0,23333.0,30667.0,26000.0,30000.0,28233.0,27000.0,26667.0,31000.0,27000.0,25000.0,31000.0,23000.0,26333.0,26250.0,34000.0,28000.0,29333.0,32333.0,31167.0,27000.0,30000.0,31333.0,31000.0
2026-08-14,35000.0,26800.0,26000.0,27500.0,28250.0,29000.0,27400.0,23667.0,25667.0,25000.0,28000.0,25150.0,29333.0,27000.0,26500.0,23000.0,30667.0,26333.0,30000.0,28233.0,27000.0,26667.0,31000.0,27000.0,25000.0,31000.0,23000.0,26333.0,26250.0,33250.0,28000.0,28667.0,32333.0,30667.0,27000.0,30000.0,32000.0,31833.0
2026-08-15,35000.0,26800.0,23500.0,27500.0,28250.0,29000.0,27600.0,23667.0,25333.0,25000.0,28000.0,25150.0,29333.0,27000.0,26500.0,23000.0,30000.0,26333.0,30000.0,28233.0,27000.0,26667.0,31000.0,26000.0,25000.0,31000.0,23000.0,26333.0,26250.0,33250.0,28000.0,29333.0,32333.0,30667.0,27000.0,30000.0,32000.0,32167.0
2026-08-16,35000.0,26800.0,23500.0,27500.0,28000.0,29000.0,27600.0,23667.0,25333.0,25000.0,28000.0,25075.0,29333.0,27000.0,26500.0,22333.0,30000.0,26333.0,30000.0,28233.0,27000.0,26667.0,31000.0,26000.0,25333.0,31000.0,23000.0,26000.0,25750.0,33250.0,28000.0,28000.0,32333.0,30667.0,27000.0,30000.0,32000.0,32167.0
2026-08-17,35000.0,26800.0,23500.0,27500.0,28000.0,29000.0,27400.0,22333.0,26000.0,25000.0,28000.0,25075.0,29333.0,27000.0,26500.0,22333.0,30000.0,27333.0,30000.0,28333.0,27000.0,26667.0,25000.0,26000.0,25333.0,31000.0,23000.0,26000.0,25750.0,34000.0,28000.0,27333.0,32333.0,30667.0,27000.0,30000.0,32000.0,31500.0
2026-08-18,30000.0,26800.0,22500.0,27000.0,27500.0,29000.0,27400.0,22333.0,26000.0,25000.0,28333.0,25150.0,29333.0,26200.0,26500.0,22333.0,30000.0,26667.0,30000.0,27333.0,27000.0,30000.0,25000.0,26000.0,24333.0,30000.0,23000.0,26667.0,25750.0,34500.0,25000.0,27667.0,31667.0,31000.0,26500.0,26500.0,32000.0,31833.0
2026-08-19,30000.0,26200.0,22500.0,27000.0,27500.0,29333.0,27800.0,22333.0,26000.0,25000.0,26667.0,25150.0,29333.0,26200.0,26500.0,22333.0,28000.0,26667.0,30000.0,28333.0,27000.0,30667.0,25000.0,26000.0,24333.0,30000.0,23000.0,26333.0,25750.0,34000.0,25000.0,27667.0,31667.0,31500.0,26500.0,26500.0,32000.0,30667.0
2026-08-20,28000.0,26200.0,22000.0,27000.0,27500.0,29333.0,27800.0,22333.0,25667.0,25000.0,26667.0,25150.0,29333.0,26200.0,25875.0,22333.0,27333.0,26000.0,30000.0,28767.0,27000.0,30667.0,26500.0,26000.0,24333.0,31000.0,23000.0,25667.0,25750.0,34000.0,25000.0,25333.0,31667.0,31500.0,26500.0,26500.0,32667.0,31000.0
2026-08-21,28000.0,27200.0,22000.0,27000.0,27500.0,29333.0,27800.0,22333.0,25667.0,25000.0,26667.0,25900.0,29333.0,25500.0,25875.0,22667.0,27333.0,26000.0,30000.0,28767.0,27000.0,30667.0,27500.0,25000.0,24333.0,31000.0,23000.0,25667.0,25750.0,34000.0,25000.0,27000.0,31667.0,31500.0,26000.0,26500.0,32667.0,30167.0
2026-08-22,28000.0,27200.0,22000.0,27000.0,27500.0,29333.0,27800.0,22333.0,25667.0,25000.0,26667.0,24900.0,29333.0,25500.0,25875.0,22667.0,29333.0,26000.0,30000.0,29000.0,26500.0,30667.0,27500.0,25000.0,24333.0,31000.0,23000.0,26333.0,25000.0,33250.0,25000.0,27000.0,31667.0,31500.0,26000.0,26500.0,32667.0,30667.0
2026-08-23,28000.0,27200.0,22000.0,27000.0,27500.0,29333.0,27800.0,22333.0,25667.0,25000.0,26667.0,24900.0,29333.0,25500.0,25875.0,22667.0,29333.0,26000.0,30000.0,28900.0,26500.0,30667.0,27500.0,25000.0,24333.0,31000.0,23000.0,26333.0,25000.0,33250.0,25000.0,26667.0,31667.0,31500.0,26000.0,26500.0,32667.0,30167.0
2026-08-24,28000.0,27200.0,23000.0,27000.0,27750.0,29667.0,27800.0,22333.0,25667.0,25500.0,25333.0,24975.0,29333.0,26100.0,26125.0,22667.0,29333.0,26333.0,30000.0,28767.0,26500.0,31667.0,30500.0,25350.0,24333.0,30000.0,23000.0,26000.0,25000.0,33000.0,25000.0,26333.0,29333.0,31500.0,26500.0,26500.0,32667.0,30167.0
2026-08-25,28000.0,26800.0,23000.0,27000.0,27750.0,29667.0,27800.0,22333.0,25667.0,25500.0,25333.0,24475.0,29333.0,25900.0,26125.0,22333.0,29333.0,26667.0,30000.0,28767.0,26500.0,31667.0,30500.0,25350.0,24667.0,30000.0,23000.0,25333.0,25000.0,33000.0,25000.0,25667.0,29333.0,31500.0,26500.0,26500.0,32667.0,30167.0
2026-08-26,28000.0,26400.0,22500.0,27000.0,27750.0,29333.0,27600.0,23667.0,25667.0,23750.0,25333.0,25650.0,29333.0,25900.0,27125.0,22333.0,29333.0,26667.0,30000.0,29433.0,26500.0,32333.0,30500.0,25350.0,24667.0,29000.0,23000.0,25333.0,25750.0,32750.0,25000.0,26333.0,29000.0,31500.0,25500.0,26500.0,32667.0,30333.0
2026-08-27,28000.0,26200.0,22500.0,24500.0,27500.0,29333.0,27600.0,23667.0,25667.0,23750.0,25333.0,24650.0,29333.0,25600.0,27125.0,22333.0,30000.0,26667.0,30000.0,29667.0,26500.0,32333.0,30500.0,25350.0,24667.0,29000.0,23000.0,25667.0,25750.0,32750.0,25000.0,27000.0,29000.0,31500.0,25500.0,26500.0,32667.0,29667.0
2026-08-28,28000.0,26200.0,23500.0,24500.0,27500.0,29333.0,27600.0,23667.0,25667.0,23750.0,25333.0,24650.0,29333.0,25600.0,27125.0,22333.0,30000.0,26667.0,30000.0,29667.0,26500.0,32333.0,28000.0,25350.0,24667.0,29000.0,23000.0,25667.0,26000.0,33000.0,25000.0,27667.0,29000.0,31000.0,25500.0,26500.0,32333.0,30500.0
2026-08-29,28000.0,26800.0,23500.0,24500.0,27500.0,29333.0,27600.0,23667.0,26333.0,23750.0,25333.0,24650.0,29333.0,25600.0,27125.0,22333.0,30000.0,26667.0,30000.0,29667.0,26500.0,32333.0,28000.0,25000.0,24667.0,29000.0,23000.0,25667.0,26500.0,31750.0,25000.0,27667.0,29000.0,31000.0,25500.0,26500.0,31667.0,30000.0
2026-08-30,28000.0,26800.0,23500.0,24500.0,27500.0,29333.0,27600.0,23667.0,27000.0,23750.0,25333.0,24650.0,29333.0,25600.0,27125.0,22333.0,30000.0,26667.0,30000.0,29667.0,26500.0,31667.0,28000.0,24500.0,24667.0,29000.0,23000.0,25667.0,26750.0,31750.0,25000.0,26667.0,29000.0,31000.0,25500.0,26500.0,31667.0,30333.0
2026-08-31,28000.0,26800.0,23500.0,25000.0,28000.0,29333.0,27600.0,23667.0,27000.0,23750.0,25333.0,24150.0,29333.0,25200.0,27040.0,22333.0,30000.0,26667.0,30000.0,29667.0,26500.0,31667.0,30000.0,24700.0,25000.0,28000.0,23000.0,25667.0,26750.0,31750.0,25000.0,26667.0,28333.0,32333.0,25000.0,26500.0,31667.0,31000.0
2026-09-01,28000.0,26800.0,23500.0,25000.0,28000.0,27667.0,27600.0,23000.0,26667.0,25000.0,25333.0,24075.0,29333.0,25200.0,24250.0,22333.0,30000.0,27000.0,30000.0,29667.0,25000.0,31667.0,30000.0,24700.0,25000.0,28000.0,22000.0,25667.0,26750.0,33000.0,25000.0,27000.0,29000.0,32333.0,25000.0,25500.0,32333.0,31000.0
2026-09-02,28000.0,26800.0,23500.0,25000.0,27750.0,27667.0,27600.0,23000.0,26667.0,25000.0,25333.0,23075.0,29333.0,25400.0,24500.0,22333.0,29333.0,27000.0,30000.0,29000.0,25000.0,31667.0,30000.0,24700.0,25000.0,28000.0,22000.0,24667.0,26750.0,33000.0,27000.0,25667.0,29000.0,32333.0,25500.0,25500.0,31667.0,29833.0
2026-09-03,28000.0,26800.0,23500.0,25000.0,27750.0,27667.0,27600.0,23000.0,26667.0,25000.0,25333.0,23150.0,29333.0,25400.0,24500.0,21333.0,29333.0,27000.0,30000.0,28900.0,25000.0,31667.0,30000.0,24700.0,25000.0,28000.0,22000.0,24667.0,26750.0,32500.0,25000.0,26333.0,29667.0,31833.0,25500.0,25500.0,31667.0,29000.0
