tanggal,Kabupaten Banyuwangi,Kabupaten Bojonegoro,Kabupaten Gresik,Kabupaten Jember,Kabupaten Jombang,Kabupaten Kediri,Kabupaten Lamongan,Kabupaten Lumajang,Kabupaten Madiun,Kabupaten Magetan,Kabupaten Malang,Kabupaten Nganjuk,Kabupaten Ngawi,Kabupaten Pacitan,Kabupaten Pamekasan,Kabupaten Pasuruan,Kabupaten Ponorogo,Kabupaten Probolinggo,Kabupaten Sidoarjo,Kabupaten Situbondo,Kabupaten Sumenep,Kabupaten Trenggalek,Kabupaten Tuban,Kabupaten Tulungagung,Kota Batu,Kota Blitar,Kota Kediri,Kota Madiun,Kota Malang,Kota Mojokerto,Kota Probolinggo,Kota Surabaya
2024-01-01,,55000.0,60000.0,,50000.0,47000.0,62500.0,43333.0,51000.0,51667.0,62000.0,47333.0,50000.0,51667.0,,61333.0,54500.0,55000.0,50000.0,,,45000.0,50000.0,45000.0,70000.0,49000.0,47000.0,49000.0,53500.0,60000.0,32000.0,50000.0
2024-01-02,,57500.0,60000.0,,50000.0,55667.0,62500.0,43333.0,55000.0,53333.0,59000.0,51333.0,53333.0,51667.0,,62333.0,54500.0,57500.0,50000.0,,,45000.0,50000.0,54333.0,71250.0,45000.0,50000.0,58667.0,53333.0,70000.0,32000.0,49400.0
2024-01-03,,57500.0,60000.0,,50000.0,52667.0,65000.0,43333.0,54250.0,53333.0,56000.0,50667.0,55000.0,52333.0,,62333.0,54500.0,57500.0,50000.0,,,45000.0,58000.0,53333.0,71250.0,49000.0,49333.0,57667.0,56000.0,65000.0,32000.0,49400.0
2024-01-04,,57500.0,60000.0,,50000.0,50667.0,65000.0,43333.0,53000.0,53333.0,56000.0,51333.0,53333.0,54000.0,,62333.0,54500.0,57500.0,50000.0,,,46500.0,58000.0,50667.0,72500.0,49000.0,52333.0,56667.0,56333.0,65000.0,32000.0,49400.0
2024-01-05,,57500.0,60000.0,,50000.0,49333.0,65000.0,43333.0,48500.0,53333.0,56000.0,49667.0,53333.0,54000.0,,62333.0,52500.0,57500.0,50000.0,,,47500.0,55000.0,43333.0,63750.0,47000.0,50000.0,55667.0,53833.0,65000.0,32000.0,48000.0
2024-01-06,,57500.0,60000.0,,49333.0,49000.0,65000.0,36000.0,50500.0,53333.0,56000.0,49667.0,50000.0,54000.0,,54667.0,52500.0,57500.0,50000.0,,,47500.0,55000.0,42667.0,63750.0,47000.0,47667.0,55667.0,53500.0,55000.0,32000.0,49600.0
2024-01-07,,57500.0,60000.0,,49333.0,50667.0,65000.0,36000.0,50750.0,53333.0,56000.0,51333.0,50667.0,50667.0,,53333.0,52500.0,57500.0,50000.0,,,47500.0,55000.0,42667.0,63750.0,47500.0,47667.0,55667.0,51833.0,55000.0,32000.0,48200.0
2024-01-08,,50000.0,60000.0,,49333.0,50000.0,62500.0,36667.0,50500.0,52667.0,53000.0,50667.0,54000.0,51667.0,,53333.0,52500.0,57500.0,50000.0,,,45000.0,55000.0,45667.0,57750.0,46500.0,47000.0,57333.0,51833.0,60000.0,32000.0,52400.0
2024-01-09,,50000.0,57500.0,,49333.0,52333.0,60000.0,36667.0,53500.0,52667.0,50000.0,53333.0,55667.0,51667.0,,51333.0,52500.0,57500.0,50000.0,,,47500.0,55000.0,48333.0,57750.0,46500.0,53333.0,52333.0,54667.0,60000.0,32000.0,52800.0
2024-01-10,,50000.0,57500.0,,49333.0,53667.0,57500.0,36667.0,52750.0,52000.0,50000.0,56000.0,55333.0,51667.0,,51333.0,52500.0,52500.0,50000.0,,,48500.0,55000.0,48667.0,56750.0,48500.0,54000.0,53333.0,54167.0,52000.0,32000.0,52400.0
2024-01-11,,50000.0,57500.0,,49333.0,50667.0,57000.0,36000.0,53500.0,52000.0,49000.0,56000.0,55000.0,51667.0,,51333.0,52500.0,52500.0,50000.0,,,48500.0,55000.0,46333.0,55500.0,48500.0,52333.0,53333.0,54667.0,52000.0,32000.0,51400.0
2024-01-12,,50000.0,57500.0,,49333.0,50667.0,57000.0,36000.0,53500.0,52000.0,49000.0,57333.0,54000.0,56667.0,,51000.0,52500.0,52500.0,50000.0,,,52500.0,51667.0,48667.0,55500.0,51000.0,52333.0,52000.0,54667.0,52000.0,35000.0,50600.0
2024-01-13,,50000.0,57500.0,,49333.0,50000.0,57000.0,36000.0,53500.0,52000.0,50000.0,58333.0,54000.0,46667.0,,49333.0,52500.0,52500.0,50000.0,,,52500.0,51667.0,46000.0,55500.0,50000.0,50667.0,52333.0,54667.0,50000.0,35000.0,50600.0
2024-01-14,,50000.0,57500.0,,49333.0,50667.0,57000.0,36000.0,51500.0,52000.0,50000.0,58333.0,52333.0,58333.0,,49333.0,52500.0,52500.0,50000.0,,,52500.0,51667.0,46000.0,56750.0,50000.0,50667.0,52333.0,54667.0,50000.0,35000.0,51200.0
2024-01-15,,60000.0,57500.0,,43333.0,53000.0,57000.0,35667.0,49750.0,52667.0,55400.0,58333.0,53000.0,56667.0,,49333.0,52500.0,52500.0,52500.0,,,50000.0,51667.0,48333.0,56750.0,49000.0,55000.0,53333.0,54667.0,55000.0,35000.0,51000.0
2024-01-16,,60000.0,60000.0,,51000.0,56333.0,57500.0,37333.0,50250.0,52667.0,56500.0,55333.0,56000.0,56667.0,,50667.0,52500.0,52500.0,52500.0,,,49000.0,53333.0,48667.0,56750.0,49000.0,54000.0,53333.0,54667.0,55000.0,37500.0,51400.0
2024-01-17,,60000.0,60000.0,,50000.0,56333.0,57500.0,37333.0,53250.0,52667.0,56300.0,53667.0,56000.0,53333.0,,50667.0,52500.0,52500.0,55000.0,,,48000.0,51667.0,48667.0,59250.0,50000.0,53333.0,53333.0,54667.0,62000.0,37500.0,51000.0
2024-01-18,,60000.0,60000.0,,50000.0,49667.0,57500.0,38000.0,52250.0,52667.0,56200.0,53000.0,55000.0,51667.0,,51667.0,52500.0,52500.0,57500.0,,,48000.0,51667.0,47333.0,62500.0,42500.0,53333.0,52667.0,54667.0,62000.0,37500.0,49000.0
2024-01-19,,60000.0,60000.0,,50000.0,50000.0,57500.0,37333.0,50500.0,52667.0,57000.0,56667.0,53333.0,56667.0,,55000.0,47500.0,52500.0,57500.0,,,49000.0,51667.0,46000.0,63000.0,44000.0,52667.0,52333.0,54500.0,65000.0,37500.0,49000.0
2024-01-20,,60000.0,60000.0,,50000.0,49000.0,57500.0,37500.0,51000.0,52667.0,57000.0,56667.0,53333.0,55333.0,,55000.0,50000.0,52500.0,57500.0,,,49000.0,51667.0,46333.0,62250.0,50000.0,48667.0,52333.0,55000.0,65000.0,35000.0,49000.0
2024-01-21,,60000.0,60000.0,,50000.0,51667.0,57500.0,37500.0,51000.0,52667.0,57000.0,56667.0,54667.0,55333.0,,54333.0,50000.0,52500.0,57500.0,,,52500.0,51667.0,46333.0,62250.0,47000.0,49333.0,52333.0,55000.0,65000.0,35000.0,50000.0
2024-01-22,,59000.0,62500.0,,50000.0,56667.0,57500.0,37500.0,53000.0,56667.0,57800.0,58667.0,51000.0,52000.0,,49000.0,50000.0,52500.0,60000.0,,,55000.0,57667.0,47333.0,64750.0,52500.0,53333.0,52667.0,54167.0,60000.0,32500.0,59000.0
2024-01-23,,60000.0,62500.0,,48333.0,60000.0,63750.0,37500.0,58250.0,56667.0,67000.0,60000.0,54333.0,50000.0,,49000.0,50000.0,50000.0,60000.0,,,53000.0,58333.0,46667.0,64750.0,52500.0,60000.0,56333.0,55167.0,60000.0,32500.0,57400.0
2024-01-24,,60000.0,70000.0,,48333.0,61667.0,62500.0,38333.0,61000.0,56667.0,67000.0,60000.0,58333.0,50000.0,,56000.0,62500.0,50000.0,62500.0,,,55000.0,57667.0,50000.0,67250.0,55000.0,61667.0,56333.0,59333.0,80000.0,30500.0,56600.0
2024-01-25,,60000.0,72500.0,,51667.0,60000.0,62500.0,38333.0,60500.0,56667.0,67000.0,57667.0,62667.0,50000.0,,57333.0,65000.0,50000.0,62500.0,,,57500.0,57667.0,49333.0,68500.0,55000.0,61667.0,57667.0,59333.0,80000.0,32500.0,57200.0
2024-01-26,,60000.0,75000.0,,51667.0,58000.0,62500.0,38333.0,56000.0,56667.0,67000.0,53333.0,56667.0,50000.0,,57667.0,65000.0,50000.0,62500.0,,,54000.0,55000.0,43667.0,68500.0,57500.0,58333.0,52667.0,58500.0,70000.0,35000.0,55800.0
2024-01-27,,60000.0,75000.0,,51667.0,46667.0,62500.0,38333.0,51250.0,56667.0,68000.0,46333.0,53333.0,46667.0,,59667.0,65000.0,50000.0,62500.0,,,54000.0,55000.0,43667.0,70250.0,54000.0,43333.0,52667.0,58500.0,70000.0,35000.0,51000.0
2024-01-28,,60000.0,75000.0,,45000.0,45000.0,62500.0,38333.0,45000.0,56667.0,68000.0,46333.0,53333.0,46000.0,,60000.0,65000.0,50000.0,62500.0,,,45500.0,51667.0,42333.0,66500.0,49000.0,43333.0,51667.0,58167.0,70000.0,32500.0,50000.0
2024-01-29,,52500.0,70000.0,,45000.0,36667.0,71250.0,38333.0,42750.0,46000.0,62000.0,40000.0,40000.0,52667.0,,62000.0,57500.0,52500.0,67500.0,,,40000.0,50000.0,39667.0,72750.0,42500.0,45000.0,50333.0,58167.0,65000.0,32500.0,50400.0
2024-01-30,,52500.0,70000.0,,48333.0,40000.0,71250.0,38333.0,43000.0,46000.0,62000.0,42000.0,40000.0,51333.0,,62333.0,57500.0,52500.0,65000.0,,,40000.0,43333.0,39667.0,74000.0,42500.0,56667.0,47667.0,56167.0,65000.0,35000.0,47600.0
2024-01-31,,52500.0,70000.0,,58333.0,42333.0,71250.0,38000.0,42500.0,46000.0,66000.0,44000.0,40667.0,51333.0,,59667.0,57500.0,52500.0,65000.0,,,42000.0,47667.0,37667.0,72750.0,42500.0,55667.0,46667.0,55000.0,68000.0,35000.0,48400.0
2024-02-01,,52500.0,73333.0,,50000.0,43000.0,72500.0,38000.0,43500.0,46000.0,71000.0,42000.0,40000.0,46333.0,,59000.0,57500.0,52500.0,70000.0,,,43000.0,45000.0,37667.0,71250.0,37500.0,45667.0,46667.0,56000.0,70000.0,35000.0,47800.0
2024-02-02,,52500.0,73333.0,,56667.0,42333.0,65000.0,38000.0,43500.0,46000.0,66000.0,40667.0,41000.0,45333.0,,61000.0,52500.0,52500.0,72500.0,,,42500.0,45000.0,37667.0,72500.0,37500.0,43333.0,44333.0,56000.0,72000.0,35000.0,47200.0
2024-02-03,,52500.0,73333.0,,50000.0,46333.0,65000.0,38000.0,45250.0,46000.0,66000.0,39667.0,41000.0,45333.0,,62333.0,52500.0,52500.0,72500.0,,,42500.0,45000.0,38333.0,72500.0,37500.0,40000.0,44333.0,56000.0,73000.0,36667.0,51600.0
2024-02-04,,52500.0,73333.0,,50000.0,51333.0,65000.0,38000.0,50250.0,46000.0,70000.0,47667.0,46000.0,46000.0,,62667.0,52500.0,52500.0,72500.0,,,42500.0,45000.0,40000.0,71750.0,40000.0,40000.0,46667.0,56000.0,73000.0,41667.0,50200.0
2024-02-05,,60000.0,75000.0,,48333.0,53333.0,63333.0,38000.0,51250.0,52000.0,68000.0,48000.0,53000.0,50333.0,,61000.0,52500.0,52500.0,62500.0,,,42500.0,52333.0,43333.0,73000.0,42500.0,51667.0,52333.0,50500.0,65000.0,45000.0,52800.0
2024-02-06,,60000.0,75000.0,,50000.0,52000.0,63333.0,38000.0,50500.0,52000.0,67000.0,52333.0,52000.0,50333.0,,61000.0,52500.0,52500.0,62500.0,,,45000.0,52333.0,42667.0,73000.0,41500.0,55000.0,52333.0,52167.0,60000.0,45000.0,53600.0
2024-02-07,,60000.0,68333.0,,50000.0,52000.0,63333.0,38000.0,52500.0,52000.0,65000.0,52333.0,57667.0,55000.0,,61000.0,52500.0,52500.0,64000.0,70000.0,,45500.0,51667.0,42333.0,73000.0,41500.0,53333.0,53000.0,53000.0,65000.0,45000.0,55600.0
2024-02-08,,60000.0,68333.0,,48333.0,52333.0,63333.0,38000.0,55750.0,52000.0,65000.0,52333.0,60000.0,53333.0,,62333.0,52500.0,52500.0,64000.0,72000.0,,45500.0,51667.0,45000.0,74250.0,42500.0,54667.0,54667.0,52667.0,68000.0,45000.0,55400.0
2024-02-09,,60000.0,68333.0,,48333.0,50000.0,63333.0,37333.0,54000.0,52000.0,64000.0,55333.0,60000.0,53333.0,,66667.0,60000.0,52500.0,57500.0,72000.0,,50000.0,55000.0,45000.0,74250.0,47500.0,58000.0,54000.0,52667.0,68000.0,45000.0,55000.0
2024-02-10,,60000.0,68333.0,,48333.0,51333.0,63333.0,37333.0,60000.0,52000.0,64000.0,56333.0,60000.0,53333.0,,67333.0,60000.0,52500.0,57500.0,72000.0,,50000.0,55000.0,52000.0,73000.0,47500.0,58333.0,54000.0,52667.0,68000.0,45000.0,54000.0
2024-02-11,,60000.0,68333.0,,48333.0,54000.0,63333.0,37333.0,60250.0,52000.0,62400.0,60667.0,61667.0,53333.0,,67333.0,60000.0,52500.0,57500.0,75000.0,,50000.0,55000.0,53667.0,74250.0,52500.0,58333.0,54667.0,52667.0,68000.0,45000.0,56000.0
2024-02-12,,60000.0,70000.0,,50000.0,54000.0,63333.0,37333.0,60750.0,62667.0,62400.0,60000.0,64333.0,60000.0,,68667.0,60000.0,52500.0,57500.0,75000.0,,57500.0,65000.0,54333.0,74250.0,56500.0,66000.0,57000.0,55333.0,70000.0,45000.0,55600.0
2024-02-13,,60000.0,70000.0,,50000.0,55000.0,63333.0,37000.0,60750.0,62667.0,65000.0,60000.0,63000.0,60000.0,,68667.0,60000.0,52500.0,57500.0,72000.0,,62500.0,65000.0,51667.0,83500.0,56500.0,64333.0,59333.0,55500.0,70000.0,45000.0,54800.0
2024-02-14,,60000.0,70000.0,,50000.0,54333.0,60000.0,37000.0,61000.0,62667.0,65000.0,60000.0,63000.0,60000.0,,68667.0,60000.0,52500.0,57500.0,72000.0,,62500.0,65000.0,53333.0,73250.0,54000.0,63333.0,59333.0,56833.0,70000.0,45000.0,57400.0
2024-02-15,,60000.0,70000.0,,53333.0,64000.0,70000.0,37000.0,59500.0,69333.0,61000.0,63333.0,75000.0,61667.0,,68333.0,60000.0,52500.0,57500.0,72000.0,,60000.0,65000.0,56000.0,73750.0,54000.0,64667.0,62667.0,56667.0,68000.0,45000.0,60400.0
2024-02-16,,60000.0,70000.0,,56667.0,71333.0,70000.0,37000.0,69000.0,80333.0,70000.0,68667.0,73333.0,60000.0,,68333.0,60000.0,52500.0,87500.0,68000.0,,60000.0,71667.0,62000.0,71667.0,55000.0,71667.0,62667.0,56667.0,72000.0,45000.0,69800.0
2024-02-17,,60000.0,70000.0,,61667.0,71333.0,70000.0,37000.0,67000.0,80333.0,69000.0,70000.0,77000.0,61667.0,,68667.0,64000.0,52500.0,80000.0,68000.0,,60000.0,71667.0,62667.0,81750.0,59000.0,73333.0,62667.0,57000.0,72000.0,45000.0,70400.0
2024-02-18,,60000.0,70000.0,,61667.0,70000.0,76667.0,37000.0,67500.0,80333.0,68000.0,70000.0,77000.0,63333.0,,70000.0,69000.0,52500.0,80000.0,59000.0,,60000.0,71667.0,63667.0,82500.0,60500.0,70000.0,63000.0,56667.0,72000.0,45000.0,69800.0
2024-02-19,,72500.0,73333.0,,72500.0,74000.0,73333.0,36667.0,72000.0,70667.0,63000.0,71667.0,78333.0,68333.0,,70000.0,69000.0,52500.0,80000.0,56000.0,,62500.0,72333.0,64333.0,75375.0,60000.0,76667.0,69333.0,57333.0,70000.0,45000.0,68800.0
2024-02-20,,72500.0,75000.0,,75000.0,80667.0,73333.0,36333.0,75825.0,79000.0,63000.0,80000.0,80000.0,68333.0,,70000.0,69000.0,52500.0,80000.0,55000.0,,63500.0,75000.0,65000.0,75375.0,63000.0,80000.0,71667.0,57333.0,70000.0,45000.0,72000.0
2024-02-21,,72500.0,75000.0,,75000.0,80333.0,73333.0,37000.0,79500.0,79667.0,61000.0,80000.0,83333.0,66667.0,,72333.0,69000.0,52500.0,80000.0,52000.0,,62500.0,77667.0,68000.0,74125.0,70000.0,78333.0,73333.0,59833.0,75000.0,45000.0,73000.0
2024-02-22,,72500.0,75000.0,,85000.0,79667.0,73333.0,37000.0,83375.0,83333.0,70000.0,82333.0,85000.0,71667.0,,77333.0,69000.0,52500.0,77500.0,53000.0,,77500.0,77667.0,68667.0,81750.0,75000.0,85000.0,73333.0,61500.0,78000.0,50000.0,78000.0
2024-02-23,,72500.0,83333.0,,85000.0,87333.0,76667.0,37667.0,82750.0,83333.0,73000.0,85000.0,85333.0,76667.0,,80000.0,68000.0,52500.0,77500.0,53000.0,,77500.0,80667.0,68667.0,83500.0,75000.0,87333.0,73333.0,65667.0,78000.0,50000.0,79400.0
2024-02-24,,72500.0,83333.0,,85000.0,83333.0,76667.0,37667.0,79000.0,83333.0,81000.0,85000.0,85333.0,76667.0,,80000.0,68000.0,52500.0,75000.0,55000.0,,77500.0,82333.0,68333.0,84000.0,79000.0,82333.0,73333.0,67333.0,80000.0,50000.0,78800.0
2024-02-25,,72500.0,83333.0,,85000.0,81333.0,76667.0,51333.0,70250.0,83333.0,81000.0,78333.0,85667.0,76667.0,,77667.0,68000.0,52500.0,75000.0,55000.0,,65000.0,82333.0,65333.0,84000.0,64000.0,84000.0,74333.0,68667.0,80000.0,50000.0,79400.0
2024-02-26,,70000.0,86667.0,,90000.0,70000.0,77500.0,50000.0,61000.0,67000.0,81000.0,75333.0,67000.0,73333.0,,80333.0,68000.0,52500.0,70000.0,55000.0,,55000.0,70000.0,62333.0,81000.0,76000.0,75000.0,71000.0,71833.0,85000.0,50000.0,72400.0
2024-02-27,,70000.0,86667.0,,86667.0,68333.0,80000.0,50000.0,62250.0,67000.0,81000.0,67000.0,69333.0,73333.0,,80333.0,68000.0,52500.0,70000.0,60000.0,,45000.0,70000.0,64000.0,83750.0,76000.0,71667.0,70333.0,71833.0,85000.0,50000.0,71800.0
2024-02-28,,70000.0,86667.0,,78333.0,66000.0,80000.0,50667.0,62750.0,62500.0,78400.0,67000.0,66000.0,70000.0,,77667.0,68000.0,52500.0,70000.0,60000.0,,60000.0,68333.0,60000.0,82500.0,73500.0,68333.0,70333.0,75167.0,85000.0,50000.0,66400.0
2024-02-29,,70000.0,86667.0,,75000.0,61667.0,81250.0,51667.0,54500.0,62500.0,78000.0,57667.0,61333.0,60000.0,,73333.0,62500.0,52500.0,70000.0,60000.0,,50000.0,65000.0,51000.0,82500.0,68000.0,61667.0,70333.0,75500.0,85000.0,50000.0,68667.0
2024-03-01,,70000.0,83333.0,,75000.0,52333.0,81250.0,45000.0,49250.0,52500.0,79000.0,50000.0,56667.0,63333.0,,72000.0,62500.0,52500.0,70000.0,60000.0,,42500.0,58333.0,51333.0,81250.0,53000.0,51667.0,66000.0,75500.0,70000.0,50000.0,62400.0
2024-03-02,,70000.0,83333.0,,65000.0,51667.0,81250.0,45000.0,50000.0,50833.0,75000.0,53667.0,53333.0,63333.0,,69333.0,62500.0,52500.0,70000.0,60000.0,,42500.0,58333.0,45667.0,70500.0,52500.0,51667.0,66000.0,75500.0,70000.0,50000.0,58200.0
2024-03-03,,70000.0,83333.0,,65000.0,56667.0,81250.0,45000.0,50250.0,52500.0,70000.0,53667.0,50000.0,63333.0,,68333.0,60500.0,52500.0,75000.0,62000.0,,42500.0,58333.0,46667.0,71750.0,50000.0,51667.0,64667.0,71500.0,65000.0,50000.0,60800.0
2024-03-04,,70000.0,71667.0,,50000.0,51667.0,81250.0,45000.0,48000.0,53667.0,72000.0,53667.0,54333.0,63333.0,,70667.0,55500.0,52500.0,70000.0,64000.0,,51000.0,58333.0,49333.0,80000.0,52000.0,49333.0,65333.0,69833.0,60000.0,50000.0,57000.0
2024-03-05,,65000.0,68333.0,,50000.0,50667.0,85000.0,45000.0,49750.0,53667.0,72000.0,54667.0,55667.0,65000.0,,64000.0,55500.0,52500.0,70000.0,62000.0,,50000.0,55000.0,47667.0,80000.0,49000.0,47667.0,66000.0,69833.0,60000.0,46667.0,55000.0
2024-03-06,,65000.0,68333.0,,48000.0,49000.0,65000.0,45000.0,48000.0,53000.0,65000.0,54000.0,55333.0,61667.0,,63667.0,55500.0,52500.0,67500.0,62000.0,,50000.0,55000.0,44333.0,70250.0,50000.0,49333.0,60000.0,69833.0,60000.0,46667.0,56667.0
2024-03-07,,60000.0,68333.0,,48000.0,48333.0,65000.0,44333.0,48750.0,53000.0,66600.0,54000.0,53333.0,61667.0,,62333.0,55500.0,52500.0,57000.0,62000.0,,50000.0,50000.0,45000.0,69750.0,51500.0,49333.0,60000.0,64667.0,60000.0,46667.0,54167.0
2024-03-08,,60000.0,66667.0,,50000.0,49667.0,65000.0,43333.0,49250.0,52333.0,65800.0,54000.0,55000.0,60000.0,,62667.0,55500.0,52500.0,54500.0,60000.0,,47500.0,50000.0,46667.0,70500.0,53500.0,50000.0,50000.0,63833.0,55000.0,46667.0,53500.0
2024-03-09,,60000.0,66667.0,,50000.0,49000.0,65000.0,43333.0,49500.0,52333.0,61000.0,54000.0,55000.0,58333.0,,60667.0,54000.0,52500.0,54500.0,55000.0,,47500.0,50000.0,45000.0,69500.0,53500.0,51667.0,50667.0,63000.0,55000.0,52500.0,53667.0
2024-03-10,,60000.0,66667.0,,50000.0,49000.0,65000.0,43333.0,46750.0,50000.0,61000.0,49000.0,54000.0,56667.0,,60333.0,54000.0,52500.0,54500.0,55000.0,,47500.0,50000.0,46333.0,68500.0,53500.0,45000.0,50667.0,63000.0,55000.0,58333.0,51333.0
2024-03-11,,60000.0,66667.0,,50000.0,38333.0,65000.0,43333.0,42000.0,49667.0,60000.0,49000.0,49000.0,55000.0,,58333.0,46500.0,52500.0,49500.0,55000.0,,48000.0,46000.0,37667.0,67250.0,51000.0,46667.0,52333.0,63000.0,50000.0,58333.0,46667.0
2024-03-12,,60000.0,66667.0,,47500.0,40000.0,63333.0,41667.0,48750.0,49667.0,58000.0,50000.0,53333.0,61667.0,,58333.0,45000.0,52500.0,49500.0,55000.0,,48000.0,46000.0,36667.0,67250.0,45000.0,41667.0,52333.0,63000.0,52000.0,58333.0,52500.0
2024-03-13,,55000.0,63333.0,,47500.0,41667.0,63333.0,40000.0,50500.0,53000.0,56000.0,54000.0,57667.0,61667.0,,58333.0,45000.0,52500.0,57000.0,55000.0,,45000.0,48333.0,42667.0,73500.0,51000.0,50000.0,53667.0,61667.0,50000.0,58333.0,56167.0
2024-03-14,,55000.0,61667.0,,50000.0,44667.0,63333.0,40000.0,47750.0,52333.0,54000.0,51667.0,55333.0,56000.0,,64667.0,50000.0,52500.0,57000.0,55000.0,,40000.0,48333.0,45000.0,73500.0,49000.0,48333.0,53667.0,61667.0,50000.0,58333.0,49500.0
2024-03-15,,50000.0,61667.0,,42500.0,43667.0,51667.0,40000.0,43500.0,51167.0,52000.0,48333.0,48667.0,51000.0,,63667.0,50000.0,52500.0,48000.0,55000.0,16000.0,40000.0,45000.0,45000.0,73750.0,45000.0,45000.0,53667.0,61333.0,50000.0,58333.0,45500.0
2024-03-16,,50000.0,61667.0,,42500.0,37667.0,51667.0,40000.0,34500.0,51167.0,52000.0,36333.0,45000.0,51000.0,,50667.0,50000.0,52500.0,48000.0,52500.0,,35000.0,45000.0,40000.0,66000.0,38000.0,43333.0,47667.0,55500.0,50000.0,58333.0,40167.0
2024-03-17,,50000.0,61667.0,,42500.0,36000.0,51667.0,40000.0,31250.0,41333.0,48000.0,33000.0,43333.0,51000.0,,49667.0,50000.0,52500.0,45500.0,52500.0,,35000.0,41667.0,31667.0,62750.0,34000.0,37667.0,47667.0,54333.0,50000.0,58333.0,39333.0
2024-03-18,,35000.0,58333.0,,32500.0,31333.0,41000.0,41667.0,32000.0,33000.0,43000.0,33000.0,35000.0,39667.0,,48000.0,50000.0,52500.0,43000.0,50000.0,,31500.0,45000.0,34667.0,60500.0,36000.0,38900.0,43667.0,51667.0,50000.0,58333.0,37667.0
2024-03-19,,35000.0,58333.0,,32500.0,30667.0,41000.0,41667.0,32000.0,33000.0,38000.0,33000.0,31667.0,39667.0,,48000.0,32500.0,52500.0,40000.0,50000.0,,33000.0,40667.0,34333.0,60500.0,33000.0,36500.0,44333.0,51667.0,50000.0,58333.0,33500.0
2024-03-20,,35000.0,55000.0,,32500.0,32000.0,36000.0,41667.0,30250.0,33000.0,37400.0,28000.0,31000.0,37667.0,,48667.0,32500.0,52500.0,42500.0,50000.0,,33000.0,37000.0,34333.0,61750.0,31500.0,34000.0,39333.0,51667.0,50000.0,58333.0,32333.0
2024-03-21,,30000.0,60000.0,,30000.0,27333.0,36000.0,41000.0,26250.0,33000.0,34000.0,25333.0,31000.0,37667.0,,47000.0,32500.0,52500.0,42500.0,48500.0,,34000.0,35000.0,36333.0,49250.0,29000.0,30000.0,37667.0,47000.0,48000.0,58333.0,33400.0
2024-03-22,,30000.0,60000.0,,29500.0,27333.0,36000.0,41000.0,24500.0,31667.0,34000.0,25333.0,28667.0,37667.0,,47000.0,32500.0,52500.0,40000.0,47500.0,,29000.0,35000.0,32333.0,49250.0,28000.0,28333.0,35667.0,47000.0,45000.0,58333.0,32833.0
2024-03-23,,30000.0,60000.0,,24000.0,26667.0,36000.0,41000.0,24500.0,30000.0,34000.0,25333.0,28667.0,34000.0,,45000.0,32500.0,52500.0,40000.0,47500.0,,29000.0,35000.0,29333.0,39500.0,25500.0,26333.0,35667.0,44833.0,45000.0,58333.0,30500.0
2024-03-24,,30000.0,60000.0,,24000.0,26667.0,36000.0,41000.0,23250.0,30000.0,32000.0,25333.0,28667.0,30667.0,,45667.0,24500.0,52500.0,41000.0,47500.0,,29000.0,35000.0,27333.0,39500.0,21500.0,24667.0,39667.0,44833.0,45000.0,58333.0,28500.0
2024-03-25,,30000.0,43333.0,30000.0,24000.0,22000.0,36000.0,31667.0,23500.0,28667.0,32400.0,24667.0,26667.0,33333.0,,34667.0,24500.0,52500.0,40000.0,47500.0,,23000.0,31333.0,23333.0,39250.0,26500.0,26667.0,40333.0,44833.0,40000.0,58333.0,27500.0
2024-03-26,,30000.0,43333.0,30000.0,24000.0,23667.0,36000.0,30000.0,25000.0,27667.0,30400.0,24333.0,27667.0,33333.0,,38933.0,24500.0,52500.0,40000.0,46000.0,,22000.0,30667.0,20000.0,39250.0,24500.0,25000.0,32000.0,44833.0,40000.0,58333.0,28667.0
2024-03-27,,30000.0,38333.0,30000.0,24000.0,24000.0,35250.0,30000.0,25000.0,27667.0,30000.0,24333.0,26333.0,33333.0,,38933.0,24500.0,52500.0,40000.0,46000.0,,22000.0,30667.0,20000.0,38000.0,23500.0,23333.0,29000.0,42000.0,45000.0,58333.0,28500.0
2024-03-28,,30000.0,40000.0,30000.0,25000.0,23000.0,35250.0,29667.0,25250.0,27667.0,30000.0,24333.0,26333.0,29667.0,,42267.0,24500.0,52500.0,40000.0,45000.0,,22000.0,30667.0,20000.0,40000.0,23500.0,25000.0,29000.0,42000.0,43000.0,58333.0,28500.0
2024-03-29,,30000.0,40000.0,35000.0,25000.0,23667.0,35250.0,29667.0,24500.0,27667.0,30000.0,24333.0,25667.0,29667.0,,42267.0,26000.0,52500.0,40000.0,37500.0,,22000.0,30667.0,19667.0,39750.0,23500.0,22667.0,29000.0,42000.0,40000.0,58333.0,27833.0
2024-03-30,,30000.0,40000.0,35000.0,25000.0,22333.0,35250.0,29667.0,22750.0,32333.0,30000.0,26667.0,25667.0,29667.0,,42267.0,25000.0,52500.0,40000.0,37500.0,,22000.0,30000.0,19667.0,37750.0,23500.0,26000.0,29000.0,42000.0,40000.0,58333.0,28833.0
2024-03-31,,30000.0,40000.0,35000.0,25000.0,21667.0,35250.0,30600.0,23750.0,32333.0,30000.0,27333.0,26333.0,30333.0,,39167.0,25000.0,52500.0,40000.0,36500.0,,20000.0,30000.0,20000.0,38250.0,24500.0,22333.0,28333.0,42000.0,40000.0,58333.0,28833.0
2024-04-01,,30000.0,38333.0,35000.0,28333.0,28667.0,35250.0,30333.0,28250.0,32500.0,31000.0,26333.0,30000.0,30333.0,,38667.0,25000.0,52500.0,40000.0,36500.0,,23000.0,28000.0,23667.0,41000.0,23000.0,22000.0,28667.0,42000.0,32000.0,58333.0,28833.0
2024-04-02,,30000.0,36667.0,33000.0,29667.0,30667.0,35250.0,31333.0,32250.0,32500.0,28000.0,28000.0,35333.0,32333.0,,38667.0,26000.0,52500.0,42500.0,37500.0,,27000.0,35333.0,25667.0,39750.0,24000.0,31667.0,28667.0,42000.0,32000.0,58333.0,30667.0
2024-04-03,,30000.0,36667.0,35000.0,29667.0,30000.0,35250.0,31667.0,30500.0,32500.0,30000.0,28667.0,35333.0,32333.0,,38667.0,31000.0,52500.0,47500.0,41500.0,,26000.0,35333.0,25000.0,36250.0,26500.0,31667.0,28333.0,42000.0,32000.0,58333.0,29000.0
2024-04-04,,30000.0,36667.0,38000.0,28000.0,28667.0,35250.0,32333.0,26750.0,32500.0,30000.0,30667.0,35000.0,32333.0,,38667.0,31000.0,52500.0,47500.0,41500.0,,24000.0,30667.0,23333.0,35500.0,25500.0,28000.0,29000.0,43000.0,32000.0,58333.0,27333.0
2024-04-05,,30000.0,37667.0,32000.0,29667.0,30000.0,35250.0,32333.0,28250.0,29667.0,31000.0,30667.0,32333.0,34667.0,,38667.0,31000.0,52500.0,42500.0,41500.0,,24000.0,30000.0,25667.0,37000.0,26500.0,31667.0,28333.0,43000.0,32000.0,58333.0,29833.0
2024-04-06,,30000.0,37667.0,32000.0,29667.0,33667.0,35250.0,32333.0,30250.0,29667.0,31000.0,35667.0,33000.0,34667.0,,38667.0,31000.0,52500.0,45000.0,41500.0,,24000.0,30000.0,26333.0,37000.0,28000.0,33333.0,28333.0,42668.0,32000.0,58333.0,31500.0
2024-04-07,,30000.0,37667.0,32000.0,29667.0,37000.0,35250.0,33000.0,40750.0,49667.0,33000.0,39000.0,42667.0,38333.0,,39333.0,31000.0,52500.0,45000.0,41500.0,,24000.0,30000.0,34000.0,40500.0,35000.0,39333.0,28667.0,42668.0,32000.0,58333.0,35833.0
2024-04-08,,36500.0,37667.0,40000.0,29000.0,41667.0,35250.0,32000.0,44250.0,47833.0,36000.0,48333.0,43333.0,38333.0,,41333.0,31000.0,52500.0,50000.0,43000.0,,40000.0,42333.0,33000.0,43000.0,43000.0,50000.0,35000.0,42667.0,40000.0,58333.0,35500.0
2024-04-09,,36500.0,37667.0,40000.0,29000.0,37000.0,39000.0,32000.0,42250.0,47833.0,36000.0,48333.0,46000.0,38333.0,,43333.0,31000.0,52500.0,45000.0,43000.0,,40000.0,42333.0,31333.0,43000.0,36500.0,48333.0,35667.0,42667.0,45000.0,58333.0,35500.0
2024-04-10,,36500.0,37667.0,40000.0,29000.0,37000.0,39000.0,32000.0,42250.0,47833.0,36000.0,48333.0,46000.0,38333.0,,40667.0,31000.0,52500.0,45000.0,43000.0,,40000.0,42333.0,33000.0,45500.0,36500.0,48333.0,35667.0,42667.0,45000.0,58333.0,35500.0
2024-04-11,,36500.0,37667.0,40000.0,29000.0,33667.0,39000.0,32000.0,42250.0,47833.0,36000.0,48333.0,46333.0,38333.0,,41333.0,31000.0,52500.0,45000.0,44500.0,,40000.0,42333.0,33000.0,45500.0,36500.0,48333.0,35667.0,42667.0,45000.0,58333.0,35500.0
2024-04-12,,31500.0,37667.0,40000.0,29000.0,33667.0,39000.0,32000.0,42250.0,47833.0,36000.0,48333.0,46000.0,38333.0,,40000.0,31000.0,52500.0,45000.0,43500.0,,40000.0,44000.0,32333.0,43250.0,39000.0,45000.0,35667.0,42667.0,40000.0,58333.0,35500.0
2024-04-13,,31500.0,37667.0,40000.0,33667.0,33667.0,39000.0,31333.0,42250.0,47833.0,36000.0,45667.0,40000.0,38333.0,,44333.0,31000.0,52500.0,45000.0,42500.0,,35000.0,43333.0,29333.0,40750.0,39000.0,45000.0,34333.0,42667.0,40000.0,58333.0,35500.0
2024-04-14,,30000.0,37667.0,40000.0,33667.0,34667.0,39000.0,31333.0,39000.0,41167.0,36000.0,31667.0,35667.0,38333.0,,41667.0,31000.0,52500.0,45000.0,41000.0,,31500.0,43333.0,28667.0,39500.0,28000.0,43333.0,34333.0,42667.0,40000.0,58333.0,35000.0
2024-04-15,,36500.0,37667.0,30000.0,33667.0,31667.0,39000.0,32000.0,30250.0,40000.0,34000.0,31667.0,30667.0,38333.0,,40333.0,31000.0,52500.0,40000.0,39000.0,,31500.0,43333.0,26667.0,40500.0,22500.0,38333.0,34333.0,42667.0,40000.0,58333.0,34167.0
2024-04-16,,30000.0,35000.0,30000.0,32667.0,25667.0,35250.0,32000.0,30000.0,31667.0,33600.0,31333.0,30667.0,36667.0,,37333.0,31000.0,52500.0,40000.0,39000.0,,27000.0,31667.0,23333.0,37750.0,24500.0,25000.0,29333.0,42667.0,32000.0,58333.0,31667.0
2024-04-17,,30000.0,35000.0,30000.0,32667.0,27333.0,35250.0,31333.0,27250.0,31667.0,32000.0,29333.0,27000.0,34000.0,,39333.0,31000.0,52500.0,38000.0,40000.0,,25500.0,31667.0,26667.0,33000.0,24500.0,25000.0,27667.0,42667.0,32000.0,58333.0,33333.0
2024-04-18,,35000.0,35000.0,27000.0,31667.0,23333.0,35250.0,31333.0,26500.0,31333.0,32000.0,29333.0,27000.0,32333.0,,36333.0,28500.0,52500.0,38000.0,40000.0,,23000.0,30667.0,26667.0,31750.0,23500.0,24333.0,27667.0,43333.0,32000.0,58333.0,31333.0
2024-04-19,,35000.0,35000.0,32000.0,31667.0,24000.0,29500.0,31333.0,27000.0,31333.0,31000.0,28667.0,30667.0,30667.0,,37000.0,28500.0,52500.0,35000.0,40000.0,,23000.0,30667.0,28000.0,32250.0,26000.0,26333.0,27667.0,41667.0,32000.0,58333.0,35500.0
2024-04-20,,35000.0,35000.0,32000.0,31667.0,27333.0,29500.0,31333.0,30500.0,31333.0,31000.0,28667.0,30667.0,30667.0,,37000.0,28500.0,52500.0,35000.0,37500.0,,23000.0,30667.0,30333.0,32250.0,31000.0,27667.0,27667.0,41667.0,32000.0,58333.0,35000.0
2024-04-21,,35000.0,35000.0,32000.0,31667.0,29000.0,29500.0,31333.0,29250.0,31333.0,31000.0,28667.0,33333.0,30667.0,,37667.0,28500.0,52500.0,35000.0,37500.0,,23000.0,30667.0,29667.0,33000.0,29000.0,25333.0,27667.0,41667.0,32000.0,58333.0,35833.0
2024-04-22,,35000.0,37667.0,29000.0,36000.0,34333.0,29000.0,31667.0,31500.0,33667.0,30400.0,29000.0,35000.0,31667.0,,38000.0,28500.0,52500.0,42500.0,38500.0,,30000.0,29333.0,28333.0,35000.0,30000.0,36667.0,33000.0,41333.0,40000.0,58333.0,35833.0
2024-04-23,,35000.0,37667.0,35000.0,36000.0,37000.0,34500.0,31667.0,31500.0,33667.0,31400.0,32000.0,39000.0,31667.0,,38333.0,31000.0,52500.0,42500.0,38500.0,,33500.0,32333.0,28333.0,34250.0,30000.0,40333.0,32667.0,40000.0,40000.0,58333.0,35000.0
2024-04-24,,35000.0,38333.0,35000.0,33333.0,34667.0,34500.0,31000.0,33750.0,33667.0,31400.0,32667.0,37000.0,31667.0,,40000.0,31000.0,52500.0,42500.0,37500.0,,34500.0,37000.0,28333.0,36750.0,30000.0,38333.0,33667.0,39667.0,40000.0,58333.0,36833.0
2024-04-25,,35000.0,38333.0,35000.0,33333.0,35000.0,34500.0,31000.0,35750.0,33667.0,31000.0,35000.0,35000.0,31667.0,,40000.0,31000.0,52500.0,42500.0,37500.0,,37500.0,37000.0,29000.0,38750.0,31000.0,40000.0,33667.0,39667.0,40000.0,58333.0,36167.0
2024-04-26,,35000.0,38333.0,35000.0,34333.0,40000.0,34500.0,31000.0,39500.0,36667.0,30400.0,37667.0,37000.0,31667.0,,39333.0,31000.0,52500.0,45000.0,37500.0,,37000.0,42333.0,31667.0,38000.0,31000.0,43333.0,33667.0,39667.0,42000.0,58333.0,41667.0
2024-04-27,,35000.0,38333.0,30000.0,34333.0,42000.0,34500.0,31000.0,45750.0,38667.0,33400.0,39333.0,45000.0,31667.0,,39000.0,31000.0,52500.0,45000.0,39000.0,,37000.0,42333.0,33000.0,38500.0,31000.0,45000.0,33667.0,39667.0,42000.0,58333.0,42833.0
2024-04-28,,35000.0,38333.0,30000.0,34333.0,42000.0,34500.0,30667.0,48250.0,38667.0,33400.0,44667.0,46667.0,31667.0,,38667.0,41000.0,52500.0,45000.0,39000.0,,37000.0,42333.0,34000.0,40500.0,31000.0,43333.0,33667.0,39667.0,45000.0,58333.0,43333.0
2024-04-29,,52500.0,40000.0,35000.0,48333.0,49667.0,38250.0,30667.0,50500.0,50000.0,34600.0,44667.0,57333.0,47667.0,,39333.0,50500.0,52500.0,50000.0,44000.0,,50000.0,50000.0,38667.0,40500.0,46500.0,46667.0,47000.0,43667.0,50000.0,58333.0,46167.0
2024-04-30,,52500.0,45000.0,50000.0,54333.0,49000.0,38250.0,31333.0,49750.0,50000.0,39000.0,44667.0,57333.0,46000.0,,48000.0,50500.0,52500.0,50000.0,44000.0,,50000.0,52333.0,42000.0,40500.0,46500.0,46667.0,47000.0,45000.0,50000.0,58333.0,45000.0
2024-05-01,,52500.0,45000.0,50000.0,54333.0,47500.0,38250.0,31333.0,48500.0,50000.0,39200.0,43000.0,51667.0,42667.0,,48333.0,50500.0,52500.0,47500.0,48000.0,,50000.0,52333.0,41667.0,43500.0,46500.0,46667.0,47000.0,48000.0,50000.0,58333.0,44667.0
2024-05-02,,47500.0,46667.0,50000.0,48333.0,41000.0,38250.0,31667.0,41750.0,55000.0,39000.0,42333.0,43000.0,43667.0,,50333.0,50500.0,52500.0,47500.0,48000.0,,47500.0,45667.0,41000.0,49750.0,42500.0,45000.0,43333.0,47833.0,50000.0,58333.0,43833.0
2024-05-03,,47500.0,46667.0,50000.0,48333.0,40667.0,44500.0,32000.0,41750.0,55000.0,43000.0,40333.0,43000.0,45333.0,,52000.0,48000.0,52500.0,47500.0,47500.0,,36000.0,43333.0,40333.0,50500.0,40000.0,45000.0,43333.0,47833.0,50000.0,58333.0,46167.0
2024-05-04,,47500.0,46667.0,50000.0,48333.0,38667.0,44500.0,34000.0,42250.0,55000.0,43000.0,40333.0,41333.0,45333.0,,52000.0,50000.0,52500.0,48500.0,49000.0,,36000.0,43333.0,41667.0,46500.0,40000.0,41667.0,43333.0,48667.0,50000.0,58333.0,44667.0
2024-05-05,,47500.0,46667.0,50000.0,48333.0,38667.0,44500.0,34000.0,44250.0,55000.0,43000.0,40333.0,41333.0,45333.0,,52000.0,50000.0,52500.0,51000.0,49000.0,,36000.0,43333.0,42667.0,46250.0,40000.0,41667.0,43333.0,42000.0,50000.0,58333.0,44667.0
2024-05-06,,42500.0,41667.0,45000.0,43333.0,38667.0,44500.0,34000.0,37500.0,41667.0,43600.0,40000.0,40667.0,43667.0,,51000.0,50000.0,52500.0,50000.0,49000.0,,34000.0,42333.0,38000.0,48250.0,35000.0,37333.0,39667.0,39833.0,55000.0,58333.0,42000.0
2024-05-07,,42500.0,41667.0,45000.0,43333.0,38667.0,44500.0,34000.0,37500.0,41667.0,43600.0,38333.0,40667.0,40000.0,,50333.0,50000.0,52500.0,50000.0,49000.0,,32000.0,35000.0,36000.0,53250.0,35000.0,36667.0,38000.0,39167.0,55000.0,58333.0,38417.0
2024-05-08,,42500.0,48333.0,45000.0,43333.0,35000.0,48750.0,38667.0,36500.0,38000.0,41600.0,38333.0,37667.0,40000.0,,49000.0,45000.0,52500.0,50000.0,48000.0,,33000.0,35000.0,35000.0,56250.0,35000.0,35000.0,38000.0,39167.0,55000.0,58333.0,37000.0
2024-05-09,,42500.0,48333.0,40000.0,43333.0,34667.0,48750.0,38667.0,34250.0,38000.0,41600.0,37000.0,36333.0,40000.0,,48000.0,35000.0,52500.0,50000.0,48000.0,,33000.0,35000.0,32667.0,55000.0,32500.0,36667.0,38000.0,39167.0,50000.0,58333.0,36167.0
2024-05-10,,42500.0,48333.0,40000.0,43333.0,34667.0,48750.0,38667.0,33000.0,38000.0,37000.0,33333.0,30000.0,40000.0,,49000.0,35000.0,52500.0,50000.0,48000.0,,33000.0,35000.0,29667.0,53750.0,30000.0,29333.0,38000.0,39167.0,50000.0,58333.0,36500.0
2024-05-11,,42500.0,48333.0,40000.0,36667.0,33000.0,48750.0,38667.0,32250.0,33667.0,36400.0,33333.0,30667.0,38333.0,,49000.0,35000.0,52500.0,45000.0,48000.0,,33000.0,35000.0,29667.0,53750.0,30000.0,29333.0,31667.0,39167.0,50000.0,58333.0,34500.0
2024-05-12,,42500.0,48333.0,25000.0,36667.0,31000.0,48750.0,38667.0,30750.0,33667.0,36000.0,33333.0,30667.0,36667.0,,48333.0,35000.0,52500.0,45000.0,48000.0,,33000.0,35000.0,29333.0,53750.0,30000.0,29333.0,31667.0,39167.0,50000.0,58333.0,35167.0
2024-05-13,,30000.0,42667.0,25000.0,33333.0,31000.0,43750.0,33667.0,31250.0,36000.0,37000.0,33000.0,32333.0,36667.0,,47667.0,35000.0,52500.0,42500.0,42500.0,,32500.0,35000.0,29000.0,49500.0,31000.0,32667.0,31667.0,45667.0,40000.0,58333.0,33000.0
2024-05-14,,30000.0,43333.0,25000.0,32667.0,31667.0,41750.0,33667.0,31750.0,36000.0,34400.0,31667.0,32333.0,38333.0,,47000.0,35000.0,52500.0,42500.0,42500.0,,32500.0,35000.0,29000.0,45500.0,31000.0,34667.0,31333.0,45667.0,40000.0,58333.0,32333.0
2024-05-15,,30000.0,42667.0,25000.0,32667.0,34333.0,41750.0,33667.0,34000.0,36000.0,38000.0,31667.0,34000.0,38333.0,,46333.0,35000.0,52500.0,44000.0,41000.0,,33500.0,35000.0,25667.0,44500.0,28500.0,30000.0,32333.0,43833.0,,58333.0,36500.0
2024-05-16,,30000.0,42667.0,25000.0,31667.0,35333.0,43000.0,33667.0,34250.0,40000.0,38000.0,35000.0,37000.0,36667.0,,44667.0,35000.0,52500.0,39000.0,41000.0,,33500.0,35000.0,25667.0,46250.0,31500.0,33000.0,32333.0,42167.0,,58333.0,37833.0
2024-05-17,,30000.0,43333.0,25000.0,33333.0,35000.0,41250.0,33667.0,34250.0,40000.0,35000.0,37000.0,36667.0,37333.0,,41000.0,35000.0,52500.0,39000.0,41000.0,,33500.0,35000.0,28000.0,45000.0,31500.0,35333.0,32333.0,42167.0,,58333.0,35667.0
2024-05-18,,30000.0,43333.0,25000.0,33333.0,35667.0,41250.0,33667.0,34750.0,40000.0,35000.0,36000.0,36667.0,37333.0,,41000.0,35000.0,52500.0,40000.0,41000.0,,33500.0,35000.0,28333.0,45000.0,33000.0,36000.0,32333.0,42167.0,,58333.0,36000.0
2024-05-19,,30000.0,43333.0,25000.0,33333.0,35667.0,41250.0,33667.0,35750.0,40000.0,35400.0,35000.0,36333.0,37333.0,,41000.0,37500.0,52500.0,41000.0,41000.0,,33500.0,35000.0,28667.0,46500.0,33000.0,36000.0,32333.0,41667.0,,58333.0,38000.0
2024-05-20,,35000.0,50000.0,25000.0,33333.0,38333.0,40000.0,33667.0,35500.0,37333.0,35400.0,35000.0,38000.0,38000.0,,40667.0,37500.0,52500.0,38500.0,39000.0,,37500.0,35000.0,32000.0,48750.0,34000.0,36667.0,35000.0,42167.0,,58333.0,37000.0
2024-05-21,,35000.0,50000.0,35000.0,33333.0,40000.0,40000.0,29667.0,35750.0,37333.0,37000.0,35333.0,41333.0,38000.0,,40667.0,37500.0,52500.0,41000.0,39000.0,,36000.0,30000.0,31667.0,51250.0,35500.0,42667.0,35000.0,41833.0,40000.0,58333.0,38667.0
2024-05-22,,35000.0,50000.0,35000.0,33333.0,39333.0,40000.0,29333.0,37500.0,38000.0,36000.0,37667.0,41333.0,38000.0,,41000.0,37500.0,52500.0,41000.0,39000.0,,36000.0,30000.0,32333.0,50750.0,35500.0,38000.0,36000.0,41833.0,40000.0,58333.0,42000.0
2024-05-23,,35000.0,50000.0,35000.0,33333.0,39333.0,40000.0,29333.0,37500.0,38000.0,36000.0,37667.0,40000.0,38000.0,,41000.0,20750.0,52500.0,41000.0,39000.0,,36000.0,30000.0,31667.0,50750.0,32500.0,38000.0,36000.0,41833.0,40000.0,58333.0,40833.0
2024-05-24,,35000.0,50000.0,40000.0,33333.0,40000.0,40000.0,29667.0,37500.0,38000.0,36000.0,37667.0,40000.0,38000.0,,41000.0,20750.0,52500.0,41000.0,38500.0,,36000.0,30000.0,32333.0,52000.0,35500.0,39667.0,36000.0,41500.0,40000.0,58333.0,40167.0
2024-05-25,,35000.0,50000.0,40000.0,33333.0,38000.0,40000.0,29667.0,37250.0,38000.0,36000.0,37333.0,40000.0,38000.0,,41000.0,20750.0,51667.0,41000.0,38500.0,,36000.0,30000.0,34000.0,50250.0,33500.0,39667.0,36000.0,41500.0,40000.0,58333.0,40667.0
2024-05-26,,35000.0,50000.0,35000.0,33333.0,38000.0,40000.0,29667.0,35500.0,38000.0,36000.0,37667.0,40000.0,38000.0,,40667.0,20750.0,51667.0,41000.0,38500.0,,36000.0,30000.0,33333.0,46750.0,35500.0,39000.0,35000.0,41667.0,40000.0,58333.0,40167.0
2024-05-27,,35000.0,50000.0,35000.0,33333.0,38333.0,40000.0,29667.0,37000.0,40000.0,37000.0,38000.0,39333.0,38333.0,,40333.0,20750.0,51667.0,41000.0,38500.0,,35500.0,33333.0,33333.0,47750.0,35500.0,40000.0,37667.0,42002.0,40000.0,58333.0,37833.0
2024-05-28,,35000.0,50000.0,35000.0,33333.0,38333.0,37500.0,30000.0,39250.0,40000.0,39800.0,38667.0,39333.0,38333.0,,40000.0,20750.0,51667.0,41000.0,38500.0,,35500.0,33333.0,34333.0,47750.0,35500.0,40000.0,38667.0,42000.0,40000.0,58333.0,36833.0
2024-05-29,,35000.0,50000.0,35000.0,33333.0,39000.0,37500.0,29667.0,39500.0,38333.0,36800.0,38667.0,40000.0,42667.0,,40000.0,20750.0,51667.0,41000.0,38500.0,,34000.0,33333.0,34333.0,47000.0,37500.0,40000.0,38667.0,42000.0,42000.0,58333.0,39000.0
2024-05-30,,35000.0,50000.0,35000.0,33333.0,39000.0,37500.0,29667.0,40000.0,38333.0,36400.0,41000.0,40000.0,42667.0,,40000.0,20750.0,51667.0,38500.0,39000.0,,38000.0,36333.0,38333.0,47250.0,37500.0,40000.0,40333.0,42000.0,42000.0,58333.0,39500.0
2024-05-31,,35000.0,50000.0,35000.0,33333.0,41000.0,37500.0,29667.0,40500.0,38333.0,36000.0,41667.0,42333.0,42667.0,,39000.0,20750.0,51667.0,47500.0,39000.0,,36500.0,39333.0,39000.0,47250.0,39000.0,40000.0,41000.0,42000.0,40000.0,58333.0,39500.0
2024-06-01,,35000.0,50000.0,35000.0,33333.0,41000.0,37500.0,29667.0,40750.0,38333.0,36000.0,41667.0,42667.0,40000.0,,39000.0,38500.0,51667.0,47500.0,39000.0,,36500.0,39333.0,38333.0,38500.0,39000.0,40000.0,41000.0,42000.0,40000.0,58333.0,38500.0
2024-06-02,,35400.0,50000.0,37000.0,33333.0,40667.0,37500.0,29667.0,41500.0,38333.0,35200.0,41667.0,42667.0,40000.0,,41667.0,42000.0,51667.0,47500.0,38000.0,,36500.0,39333.0,38333.0,38500.0,40000.0,40000.0,41000.0,42000.0,40000.0,58333.0,38000.0
2024-06-03,,47500.0,43333.0,37000.0,35667.0,40667.0,37500.0,30000.0,41500.0,46000.0,36600.0,43000.0,40667.0,39333.0,,41667.0,42000.0,51667.0,51000.0,37000.0,,40000.0,40667.0,40000.0,38500.0,40000.0,41667.0,42333.0,42167.0,40000.0,58333.0,38500.0
2024-06-04,,47500.0,40000.0,37000.0,35667.0,40667.0,37500.0,30000.0,40750.0,45667.0,37000.0,43000.0,42333.0,39333.0,,41667.0,42000.0,51667.0,42000.0,37000.0,,40000.0,40667.0,38667.0,39250.0,40000.0,40000.0,42333.0,41833.0,40000.0,58333.0,38833.0
2024-06-05,,47500.0,40000.0,36000.0,35667.0,40000.0,37500.0,29667.0,40750.0,45667.0,37600.0,43000.0,42667.0,39333.0,,40667.0,42000.0,51667.0,41000.0,37000.0,,40000.0,45000.0,38000.0,42500.0,40000.0,40000.0,42333.0,41833.0,40000.0,58333.0,38333.0
2024-06-06,,47500.0,40000.0,36000.0,35667.0,40667.0,37500.0,30000.0,39500.0,45667.0,37000.0,43000.0,45000.0,37667.0,,40667.0,42000.0,51667.0,41000.0,37000.0,,39000.0,45000.0,37667.0,46750.0,40000.0,40000.0,42333.0,41833.0,40000.0,58333.0,38167.0
2024-06-07,,47500.0,44000.0,36000.0,35667.0,40000.0,36250.0,30000.0,40500.0,45667.0,37000.0,43000.0,43333.0,39333.0,,41000.0,42000.0,51667.0,43500.0,38000.0,,39000.0,45000.0,37667.0,45000.0,40000.0,40000.0,44000.0,41833.0,40000.0,58333.0,39500.0
2024-06-08,,47500.0,44000.0,36000.0,35667.0,40667.0,36250.0,32333.0,41000.0,45667.0,37000.0,43000.0,43333.0,39333.0,,41000.0,43000.0,51667.0,43500.0,37000.0,,39000.0,45000.0,38667.0,45000.0,42000.0,41667.0,44000.0,41833.0,40000.0,58333.0,39333.0
2024-06-09,,47500.0,44000.0,40000.0,35667.0,41000.0,36250.0,32333.0,41250.0,45667.0,37000.0,43000.0,45000.0,41000.0,,41000.0,43000.0,51667.0,43500.0,38000.0,,39000.0,45000.0,40333.0,45000.0,42000.0,44667.0,44000.0,41833.0,40000.0,58333.0,37667.0
2024-06-10,,47500.0,50000.0,40000.0,36667.0,43667.0,41250.0,32333.0,44250.0,51000.0,40000.0,47000.0,46333.0,41667.0,,41333.0,43000.0,51667.0,45000.0,38000.0,,38000.0,45667.0,40333.0,47750.0,40000.0,45333.0,42333.0,43167.0,50000.0,58333.0,40333.0
2024-06-11,,47500.0,50000.0,40000.0,36667.0,44667.0,42500.0,32333.0,45750.0,51000.0,40000.0,47000.0,45333.0,43667.0,,44667.0,43000.0,50000.0,45000.0,38000.0,,43000.0,45667.0,40333.0,47750.0,42000.0,46333.0,44333.0,41500.0,50000.0,58333.0,40667.0
2024-06-12,,47500.0,50000.0,42000.0,43333.0,44667.0,43750.0,32667.0,47000.0,51000.0,41800.0,47667.0,50000.0,43667.0,,45667.0,50500.0,50000.0,41000.0,38000.0,,42000.0,49333.0,40667.0,49500.0,42000.0,46333.0,44333.0,41500.0,50000.0,58333.0,44500.0
2024-06-13,,47500.0,57500.0,46000.0,43333.0,39333.0,43750.0,33000.0,47250.0,55667.0,41800.0,47000.0,50000.0,44333.0,,46167.0,50500.0,50000.0,41000.0,38000.0,,46000.0,49333.0,40000.0,50500.0,42500.0,46333.0,46000.0,41500.0,50000.0,58333.0,47667.0
2024-06-14,,47500.0,62500.0,46000.0,50000.0,39333.0,43750.0,33000.0,49250.0,55000.0,44600.0,47000.0,50000.0,44333.0,,46167.0,50500.0,50000.0,41000.0,38000.0,,44500.0,49333.0,43333.0,52250.0,46500.0,46000.0,46000.0,41167.0,53000.0,58333.0,48167.0
2024-06-15,,47500.0,62500.0,46000.0,50000.0,49000.0,43750.0,32667.0,49000.0,55000.0,45000.0,47000.0,51000.0,44333.0,,49000.0,50500.0,50000.0,46000.0,38000.0,,44500.0,49333.0,44333.0,56000.0,46500.0,50000.0,46000.0,43167.0,53000.0,58333.0,47833.0
2024-06-16,,47500.0,62500.0,40000.0,50000.0,51000.0,43750.0,32000.0,47500.0,55000.0,45000.0,47000.0,51667.0,45667.0,,49000.0,50500.0,50000.0,46000.0,38000.0,,44500.0,49333.0,46333.0,56000.0,46500.0,50000.0,46000.0,46667.0,55000.0,58333.0,45500.0
2024-06-17,,47500.0,62500.0,40000.0,50000.0,51000.0,43750.0,32000.0,47500.0,56000.0,45600.0,47000.0,51667.0,45667.0,,47667.0,48000.0,50000.0,46000.0,38000.0,,44500.0,49333.0,46333.0,56000.0,46500.0,50000.0,47667.0,46667.0,55000.0,58333.0,45833.0
2024-06-18,,47500.0,62500.0,40000.0,48667.0,46000.0,43750.0,32333.0,44750.0,56000.0,45600.0,43667.0,55000.0,47333.0,,48333.0,48000.0,50000.0,46000.0,38000.0,,44500.0,49333.0,41667.0,56750.0,43500.0,42000.0,51000.0,46667.0,55000.0,58333.0,46167.0
2024-06-19,,42500.0,60000.0,39000.0,48333.0,44000.0,43750.0,33000.0,42500.0,54667.0,45000.0,44667.0,55000.0,48000.0,,47667.0,48000.0,50000.0,50000.0,40000.0,,38000.0,49333.0,36667.0,55500.0,40000.0,39333.0,52667.0,48000.0,55000.0,58333.0,44833.0
2024-06-20,,42500.0,60000.0,45000.0,43333.0,40000.0,43750.0,33000.0,39750.0,54667.0,45000.0,43000.0,46667.0,48000.0,,49333.0,48000.0,50000.0,50000.0,40000.0,,38000.0,45000.0,36667.0,58750.0,34500.0,43000.0,53333.0,48000.0,55000.0,58333.0,43500.0
2024-06-21,,42500.0,57500.0,40000.0,43333.0,33000.0,43750.0,33000.0,34000.0,54667.0,46000.0,40000.0,47333.0,41667.0,,49667.0,48000.0,50000.0,52000.0,39000.0,,33500.0,45000.0,31667.0,58750.0,34500.0,38333.0,52667.0,48000.0,60000.0,58333.0,42833.0
2024-06-22,,42500.0,57500.0,40000.0,43333.0,33000.0,43750.0,34000.0,29000.0,54000.0,43000.0,33667.0,50667.0,41000.0,,49667.0,48000.0,50000.0,52000.0,39000.0,,33500.0,45000.0,28667.0,59250.0,33500.0,38333.0,52667.0,46333.0,60000.0,58333.0,42333.0
2024-06-23,,42500.0,57500.0,40000.0,37333.0,32000.0,43750.0,34000.0,28000.0,54000.0,43000.0,26000.0,38333.0,41000.0,,46000.0,42500.0,50000.0,52000.0,39000.0,,33500.0,45000.0,29333.0,55250.0,33500.0,31667.0,52667.0,46333.0,60000.0,58333.0,38667.0
2024-06-24,,32500.0,52500.0,28000.0,37333.0,27667.0,41250.0,32333.0,25500.0,34333.0,42000.0,26000.0,31667.0,39333.0,,44667.0,43500.0,50000.0,45000.0,39000.0,,26000.0,28333.0,28667.0,56250.0,29500.0,28333.0,44667.0,46000.0,40000.0,58333.0,35167.0
2024-06-25,,32500.0,52500.0,24000.0,31000.0,25000.0,43750.0,32333.0,23750.0,34333.0,39000.0,24667.0,31667.0,39333.0,,43333.0,43500.0,50000.0,45000.0,39000.0,,20500.0,25667.0,27333.0,56250.0,27000.0,25000.0,44667.0,43500.0,40000.0,58333.0,36000.0
2024-06-26,,32500.0,52500.0,24000.0,31000.0,22333.0,43750.0,31333.0,25750.0,30000.0,34800.0,24667.0,28667.0,39333.0,,41000.0,43500.0,50000.0,45000.0,39000.0,,22000.0,25000.0,25667.0,53750.0,22000.0,25000.0,42000.0,43500.0,40000.0,58333.0,35167.0
2024-06-27,,32500.0,45000.0,22000.0,31000.0,25667.0,43750.0,31333.0,25000.0,30000.0,34000.0,24667.0,28667.0,39333.0,,39667.0,43500.0,50000.0,45000.0,39000.0,,24000.0,25000.0,24333.0,50000.0,22500.0,25000.0,42000.0,43500.0,40000.0,58333.0,36333.0
2024-06-28,,32500.0,45000.0,22000.0,26667.0,27333.0,43750.0,31333.0,26500.0,30000.0,34200.0,26000.0,28667.0,37000.0,,39000.0,25000.0,50000.0,45000.0,40000.0,,24000.0,25000.0,26000.0,46750.0,24000.0,26667.0,42000.0,42667.0,40000.0,58333.0,35000.0
2024-06-29,,32500.0,45000.0,22000.0,26667.0,25333.0,43750.0,31333.0,25750.0,30000.0,35000.0,27000.0,28667.0,37000.0,,39000.0,25000.0,49333.0,45000.0,35000.0,,24000.0,25000.0,25000.0,45500.0,24500.0,28333.0,33667.0,42667.0,40000.0,58333.0,34667.0
2024-06-30,,32500.0,45000.0,22000.0,26667.0,28000.0,43750.0,29667.0,26000.0,31333.0,34600.0,25333.0,29333.0,37000.0,,39000.0,25000.0,49333.0,45000.0,35000.0,,24000.0,25000.0,25000.0,44250.0,25000.0,25333.0,42000.0,42667.0,40000.0,58333.0,33333.0
2024-07-01,,32500.0,32500.0,22000.0,27667.0,26667.0,40000.0,29667.0,27750.0,33167.0,31400.0,28333.0,34333.0,36000.0,,39000.0,25000.0,49333.0,45000.0,32500.0,,27000.0,26333.0,23000.0,46000.0,25000.0,28333.0,28667.0,41000.0,40000.0,58333.0,31167.0
2024-07-02,,32500.0,32500.0,22000.0,26000.0,28000.0,30000.0,29667.0,32250.0,35000.0,31000.0,33000.0,40667.0,36000.0,,38000.0,28500.0,49333.0,45000.0,32500.0,,27000.0,29000.0,24667.0,40750.0,31000.0,31667.0,28667.0,39667.0,40000.0,58333.0,32000.0
2024-07-03,,32500.0,32500.0,22000.0,26667.0,32333.0,30000.0,33000.0,36750.0,35000.0,29600.0,34000.0,40667.0,39333.0,,37333.0,28500.0,49333.0,40000.0,32500.0,,32000.0,34667.0,24000.0,40500.0,31000.0,33667.0,28667.0,39500.0,40000.0,58333.0,33833.0
2024-07-04,,32500.0,32500.0,22000.0,26667.0,33000.0,30000.0,33000.0,35500.0,35000.0,29200.0,34667.0,43000.0,39333.0,,37333.0,28500.0,49333.0,40000.0,32500.0,,34500.0,34667.0,30000.0,38750.0,33500.0,33667.0,31333.0,36167.0,40000.0,58333.0,34333.0
2024-07-05,,32500.0,32500.0,22000.0,26667.0,33000.0,30000.0,33333.0,34500.0,35000.0,29200.0,33000.0,43000.0,35000.0,,36000.0,28500.0,51000.0,37500.0,31000.0,,35000.0,37333.0,32667.0,38750.0,33000.0,30000.0,31667.0,36167.0,35000.0,58333.0,34333.0
2024-07-06,,32500.0,32500.0,22000.0,26667.0,31333.0,30000.0,33667.0,34750.0,35000.0,30000.0,33000.0,42333.0,35000.0,,35000.0,28500.0,51000.0,37500.0,33500.0,,35000.0,37333.0,33333.0,38750.0,33500.0,33333.0,31667.0,36167.0,35000.0,58333.0,34667.0
2024-07-07,,32500.0,32500.0,22000.0,26667.0,31333.0,30000.0,33667.0,34500.0,35000.0,31000.0,33000.0,41333.0,35000.0,,31667.0,37000.0,51000.0,37500.0,34500.0,,35000.0,37333.0,33667.0,34500.0,35000.0,35000.0,32000.0,36167.0,35000.0,58333.0,34667.0
2024-07-08,,35000.0,32500.0,22000.0,29000.0,34000.0,30000.0,43667.0,35500.0,38333.0,31000.0,33000.0,42000.0,36000.0,,32000.0,35500.0,51000.0,40000.0,34500.0,,34500.0,36000.0,31667.0,37000.0,34000.0,35000.0,37667.0,36167.0,35000.0,58333.0,32167.0
2024-07-09,,35000.0,32500.0,22000.0,29000.0,34667.0,30000.0,44000.0,35500.0,38333.0,30000.0,34333.0,42000.0,36000.0,,34000.0,35500.0,49333.0,40000.0,34500.0,,33500.0,36000.0,31000.0,35500.0,34000.0,35000.0,37667.0,36167.0,35000.0,58333.0,33833.0
2024-07-10,,35000.0,32500.0,22000.0,30667.0,36667.0,30000.0,34000.0,35500.0,37667.0,33200.0,34000.0,35333.0,36000.0,,34000.0,35500.0,43000.0,40000.0,34500.0,,34000.0,36000.0,30000.0,38000.0,34000.0,34000.0,37667.0,36167.0,35000.0,58333.0,35000.0
2024-07-11,,35000.0,35000.0,22000.0,30667.0,35000.0,30000.0,34000.0,32000.0,37667.0,33000.0,33333.0,41333.0,33333.0,,34000.0,35500.0,43000.0,36000.0,33500.0,,31000.0,36000.0,30000.0,40000.0,35000.0,34000.0,37000.0,36167.0,35000.0,58333.0,31667.0
2024-07-12,,35000.0,35000.0,22000.0,30667.0,34000.0,30000.0,34000.0,31000.0,37333.0,33000.0,33333.0,38000.0,33333.0,,32667.0,35500.0,43000.0,36000.0,32500.0,,30000.0,36333.0,30000.0,36750.0,32500.0,34000.0,37333.0,35333.0,35000.0,58333.0,30333.0
2024-07-13,,35000.0,35000.0,22000.0,30667.0,34000.0,30000.0,36667.0,32500.0,37333.0,33000.0,33333.0,38000.0,35333.0,,32667.0,33000.0,43000.0,36000.0,32500.0,,30000.0,36333.0,30000.0,36750.0,35000.0,34000.0,37333.0,35167.0,35000.0,58333.0,31167.0
2024-07-14,,35000.0,35000.0,22000.0,30667.0,33333.0,30000.0,36667.0,32750.0,37333.0,32400.0,33333.0,38000.0,35333.0,,32667.0,33000.0,43000.0,36000.0,34500.0,,30000.0,36333.0,30000.0,38250.0,32000.0,35000.0,36333.0,35167.0,35000.0,58333.0,31167.0
2024-07-15,,37500.0,35000.0,22000.0,30000.0,31667.0,30000.0,36667.0,32500.0,34333.0,30000.0,33333.0,40000.0,35333.0,,32667.0,33000.0,47000.0,31000.0,34500.0,,31000.0,35667.0,29333.0,40750.0,30000.0,35000.0,33333.0,34833.0,35000.0,58333.0,31500.0
2024-07-16,,37500.0,35000.0,22000.0,30000.0,33000.0,30000.0,26433.0,31500.0,34333.0,31000.0,33333.0,38333.0,34000.0,,32667.0,33000.0,46000.0,31000.0,35500.0,,31000.0,36000.0,28333.0,40000.0,29000.0,34000.0,35000.0,35167.0,35000.0,58333.0,31500.0
2024-07-17,,37500.0,35000.0,22000.0,30000.0,33333.0,30000.0,32100.0,33000.0,34333.0,31000.0,33333.0,37667.0,34000.0,,32667.0,33000.0,50000.0,31000.0,35500.0,,32000.0,36000.0,28333.0,37000.0,30000.0,33333.0,35000.0,35167.0,35000.0,58333.0,31500.0
2024-07-18,,37500.0,32500.0,28000.0,30000.0,34000.0,30000.0,37333.0,33250.0,34333.0,31000.0,33333.0,37667.0,33333.0,,32667.0,35000.0,50000.0,35000.0,33333.0,,33500.0,35000.0,30667.0,32750.0,32000.0,33333.0,36000.0,35667.0,35000.0,58333.0,33833.0
2024-07-19,,37500.0,32500.0,30000.0,31333.0,33000.0,30000.0,35667.0,33750.0,36000.0,30800.0,33333.0,38667.0,33333.0,,33333.0,35000.0,50000.0,35000.0,32667.0,,34000.0,35000.0,30667.0,34250.0,32000.0,34667.0,36000.0,34833.0,40000.0,58333.0,33333.0
2024-07-20,,37500.0,32500.0,30000.0,31333.0,33000.0,30000.0,38000.0,33750.0,36000.0,30800.0,33333.0,37667.0,35000.0,,33333.0,35000.0,50000.0,35000.0,33667.0,,34000.0,35000.0,30000.0,35000.0,32000.0,34667.0,35000.0,34833.0,40000.0,58333.0,34833.0
2024-07-21,,37500.0,32500.0,30000.0,31333.0,33000.0,30000.0,38000.0,32750.0,36000.0,30800.0,33333.0,36667.0,35000.0,,33333.0,35000.0,50000.0,35000.0,33667.0,,34000.0,35000.0,31000.0,36750.0,32000.0,34667.0,33667.0,34833.0,40000.0,58333.0,35667.0
2024-07-22,,37500.0,30000.0,30000.0,31333.0,33000.0,30000.0,37333.0,33250.0,41667.0,31000.0,34333.0,37667.0,33333.0,,33000.0,35000.0,50000.0,30000.0,35667.0,,33000.0,35000.0,31667.0,35250.0,32000.0,33333.0,34333.0,36833.0,40000.0,58333.0,36167.0
2024-07-23,,37500.0,30000.0,25000.0,30000.0,33000.0,35000.0,37000.0,33250.0,41667.0,31000.0,33667.0,41667.0,34667.0,,33000.0,35000.0,50000.0,30000.0,35000.0,,33000.0,35000.0,31667.0,34000.0,31000.0,35000.0,36000.0,36833.0,40000.0,58333.0,34167.0
2024-07-24,,37500.0,30000.0,25000.0,31667.0,33000.0,31250.0,37000.0,34750.0,37667.0,31000.0,34333.0,40667.0,34667.0,,34667.0,35000.0,50000.0,30000.0,35667.0,,34500.0,39333.0,31667.0,37500.0,31000.0,36000.0,36667.0,36833.0,40000.0,58333.0,36000.0
2024-07-25,,37500.0,30000.0,25000.0,31667.0,34333.0,36250.0,36333.0,35500.0,37667.0,31000.0,34333.0,40667.0,34667.0,,34667.0,35000.0,50000.0,30000.0,33667.0,,33000.0,39333.0,32333.0,41750.0,32000.0,34333.0,39000.0,37333.0,40000.0,58333.0,35167.0
2024-07-26,,37500.0,32500.0,25000.0,31667.0,34000.0,36250.0,36333.0,33750.0,37667.0,30000.0,34333.0,38333.0,34667.0,,34667.0,35000.0,50000.0,35000.0,33000.0,,33000.0,40000.0,31667.0,40500.0,30000.0,35667.0,38667.0,37333.0,40000.0,58333.0,34500.0
2024-07-27,,37500.0,32500.0,25000.0,31667.0,34000.0,36250.0,35667.0,34250.0,36000.0,30000.0,34333.0,36667.0,34667.0,,34000.0,33500.0,50000.0,35000.0,31667.0,,33000.0,40000.0,30667.0,39000.0,30000.0,35667.0,38667.0,37000.0,40000.0,58333.0,33167.0
2024-07-28,,37500.0,32500.0,25000.0,31667.0,34000.0,36250.0,35667.0,33500.0,36000.0,30000.0,34333.0,37667.0,34667.0,,34000.0,33000.0,50003.0,35000.0,31667.0,,33000.0,40000.0,30667.0,39000.0,30000.0,35667.0,38667.0,37000.0,40000.0,58333.0,34333.0
2024-07-29,,40000.0,35000.0,26000.0,31667.0,33667.0,36250.0,38333.0,34250.0,37667.0,30600.0,34333.0,38667.0,34000.0,,34333.0,33000.0,50003.0,35000.0,31667.0,,32000.0,40000.0,30667.0,38750.0,30000.0,36000.0,37000.0,39167.0,35000.0,58333.0,33000.0
2024-07-30,,40000.0,35000.0,28000.0,31667.0,34000.0,35000.0,38333.0,34250.0,37667.0,30600.0,34333.0,38667.0,34000.0,,35000.0,33000.0,50000.0,35000.0,31667.0,,32000.0,40000.0,31333.0,38750.0,30000.0,33000.0,37000.0,39500.0,35000.0,58333.0,32333.0
2024-07-31,,40000.0,35000.0,28000.0,31667.0,35000.0,35000.0,38000.0,35000.0,37667.0,30600.0,34333.0,37667.0,34000.0,,34000.0,33000.0,50000.0,32000.0,31667.0,,31000.0,35000.0,31333.0,39250.0,30000.0,35000.0,36667.0,38833.0,35000.0,58333.0,32333.0
2024-08-01,,40000.0,35000.0,28000.0,31667.0,35000.0,33750.0,38000.0,34500.0,34667.0,29800.0,34333.0,37667.0,34000.0,,34000.0,33000.0,47667.0,32000.0,30667.0,,30000.0,35000.0,31333.0,40500.0,30000.0,35000.0,35000.0,37500.0,35000.0,58333.0,32000.0
2024-08-02,,40000.0,35000.0,28000.0,31667.0,36667.0,33750.0,37000.0,34500.0,34667.0,29800.0,34333.0,37667.0,34000.0,,34000.0,33000.0,47667.0,32000.0,30667.0,,32000.0,35000.0,31333.0,40500.0,31000.0,35667.0,35000.0,39500.0,35000.0,58333.0,33167.0
2024-08-03,,40000.0,35000.0,28000.0,31667.0,36667.0,33750.0,36333.0,35250.0,34667.0,29600.0,34333.0,37667.0,34000.0,,36333.0,33000.0,47667.0,32000.0,30667.0,,32000.0,35000.0,31333.0,40500.0,31000.0,35667.0,35333.0,39500.0,35000.0,58333.0,34333.0
2024-08-04,,40000.0,35000.0,28000.0,31667.0,36667.0,33750.0,36333.0,35500.0,34667.0,30400.0,34333.0,37667.0,34000.0,,36333.0,33000.0,47667.0,32000.0,30333.0,,32000.0,35000.0,31667.0,40500.0,32500.0,36000.0,34667.0,39500.0,35000.0,58333.0,34333.0
2024-08-05,,40000.0,35000.0,28000.0,30000.0,35333.0,32500.0,35667.0,35500.0,34333.0,30400.0,33000.0,38667.0,35333.0,,36333.0,33500.0,47667.0,32000.0,30333.0,,32500.0,36000.0,32667.0,42250.0,32000.0,37667.0,35000.0,39667.0,35000.0,58333.0,33500.0
2024-08-06,,40000.0,35000.0,28000.0,30000.0,36333.0,32500.0,36333.0,34500.0,34333.0,31000.0,33000.0,38667.0,37000.0,,36333.0,33500.0,46667.0,35000.0,29667.0,,33500.0,36000.0,33000.0,42250.0,31500.0,36000.0,36333.0,39167.0,35000.0,58333.0,33167.0
2024-08-07,,40000.0,35000.0,28000.0,32500.0,35333.0,32500.0,35333.0,34000.0,36000.0,31000.0,34000.0,39333.0,37000.0,,36667.0,33500.0,46667.0,35000.0,29667.0,,33500.0,35000.0,33000.0,42250.0,31500.0,36667.0,37667.0,39500.0,35000.0,58333.0,32667.0
2024-08-08,,40000.0,35000.0,28000.0,32500.0,35333.0,35000.0,35333.0,33250.0,36000.0,30000.0,35000.0,39333.0,37000.0,,36667.0,32000.0,46667.0,35000.0,29667.0,,33500.0,35000.0,34000.0,42250.0,35000.0,35000.0,37667.0,39500.0,35000.0,58333.0,34333.0
2024-08-09,,40000.0,35000.0,28000.0,32500.0,35333.0,35000.0,35333.0,33500.0,37000.0,30000.0,35000.0,37667.0,37000.0,,36667.0,32000.0,46667.0,32500.0,29667.0,,33500.0,35000.0,34000.0,42750.0,36000.0,35000.0,39000.0,42000.0,35000.0,58333.0,32333.0
2024-08-10,,40000.0,35000.0,28000.0,32500.0,35333.0,35000.0,35333.0,34750.0,37000.0,30000.0,35000.0,38333.0,37000.0,,36333.0,32000.0,46667.0,32500.0,29667.0,,33500.0,35000.0,32667.0,44750.0,33000.0,34667.0,39000.0,42000.0,35000.0,58333.0,33167.0
2024-08-11,,40000.0,35000.0,28000.0,32500.0,35333.0,35000.0,34667.0,35500.0,37000.0,31400.0,35000.0,39000.0,37000.0,,36333.0,35000.0,46667.0,32500.0,29667.0,,33500.0,35000.0,33000.0,44750.0,33000.0,35000.0,39000.0,42000.0,35000.0,58333.0,33167.0
2024-08-12,,35000.0,35000.0,25000.0,31667.0,35333.0,30750.0,38000.0,34750.0,37667.0,30000.0,35000.0,37333.0,35000.0,,36667.0,35000.0,46667.0,40000.0,29000.0,,34500.0,35000.0,34000.0,41500.0,32000.0,35000.0,37000.0,41500.0,35000.0,58333.0,32833.0
2024-08-13,,35000.0,35000.0,25000.0,31000.0,35333.0,30750.0,38000.0,34750.0,37667.0,31000.0,35000.0,36667.0,35000.0,,36667.0,35000.0,46667.0,40000.0,29000.0,,35000.0,34000.0,33333.0,40000.0,35000.0,36333.0,35667.0,41167.0,35000.0,58333.0,33000.0
2024-08-14,,35000.0,35000.0,25000.0,31667.0,34333.0,30750.0,38000.0,35000.0,36000.0,31000.0,35000.0,39333.0,35000.0,,36667.0,35000.0,46667.0,40000.0,29000.0,,35500.0,34333.0,31000.0,40000.0,33000.0,33667.0,35667.0,41167.0,35000.0,58333.0,33000.0
2024-08-15,,35000.0,35000.0,25000.0,30667.0,34333.0,31250.0,38000.0,34250.0,36000.0,31000.0,35000.0,40000.0,35333.0,,35333.0,35000.0,46667.0,40000.0,29000.0,,35000.0,35000.0,31667.0,40000.0,34000.0,35333.0,35667.0,41167.0,35000.0,58333.0,33833.0
2024-08-16,,35000.0,35000.0,25000.0,30000.0,35333.0,31250.0,38000.0,33750.0,36000.0,32000.0,35000.0,36667.0,35333.0,,34667.0,35000.0,46667.0,40000.0,29000.0,,35000.0,34333.0,31000.0,40000.0,31000.0,33667.0,35000.0,41167.0,35000.0,58333.0,33500.0
2024-08-17,,35000.0,35000.0,25000.0,30000.0,35333.0,31250.0,40333.0,34000.0,36000.0,33000.0,35000.0,36000.0,35333.0,,34667.0,35000.0,46667.0,40000.0,29000.0,,35000.0,34333.0,31333.0,37500.0,32000.0,33000.0,35000.0,41167.0,35000.0,58333.0,33500.0
2024-08-18,,35000.0,35000.0,25000.0,30000.0,34333.0,31250.0,40333.0,32250.0,36000.0,33000.0,34000.0,36000.0,35333.0,,34667.0,34000.0,47333.0,40000.0,28667.0,,35000.0,34333.0,31003.0,37500.0,32000.0,32333.0,35000.0,40333.0,35000.0,58333.0,34000.0
2024-08-19,,35000.0,32500.0,25000.0,30000.0,33000.0,31250.0,39667.0,33000.0,36000.0,33000.0,34000.0,36000.0,34000.0,,36667.0,34000.0,47333.0,40000.0,28667.0,,31000.0,34333.0,32000.0,37000.0,31000.0,33000.0,36000.0,37167.0,35000.0,58333.0,34833.0
2024-08-20,,35000.0,32500.0,24000.0,30000.0,33000.0,31250.0,40333.0,31500.0,36000.0,31400.0,34000.0,36000.0,34000.0,,36667.0,34000.0,47333.0,30000.0,28667.0,,30000.0,34333.0,30333.0,40250.0,31000.0,35000.0,36000.0,37167.0,35000.0,58333.0,34833.0
2024-08-21,,35000.0,32500.0,24000.0,30000.0,32000.0,31250.0,40333.0,30750.0,36000.0,31400.0,33000.0,36000.0,34000.0,,36667.0,31000.0,47333.0,30000.0,28667.0,,32000.0,34333.0,30000.0,41500.0,32000.0,32667.0,35333.0,38000.0,35000.0,58333.0,33333.0
2024-08-22,,35000.0,32500.0,24000.0,30000.0,32000.0,31250.0,40333.0,31500.0,36000.0,31400.0,33000.0,36000.0,30667.0,,36667.0,31000.0,47333.0,30000.0,28667.0,,31000.0,30000.0,30000.0,44000.0,32000.0,32333.0,37000.0,37667.0,35000.0,58333.0,31667.0
2024-08-23,,35000.0,32500.0,24000.0,30000.0,31000.0,31250.0,40333.0,27750.0,34333.0,31400.0,32333.0,33333.0,30667.0,,36667.0,31000.0,47333.0,30000.0,28667.0,,30000.0,30000.0,28667.0,46000.0,28500.0,31667.0,33333.0,37167.0,35000.0,58333.0,31667.0
2024-08-24,,35000.0,32500.0,22000.0,30000.0,31000.0,31250.0,39667.0,28250.0,34333.0,31400.0,32333.0,32333.0,30667.0,,36333.0,31000.0,47333.0,30000.0,28333.0,,30000.0,30000.0,24667.0,42750.0,29500.0,31667.0,33333.0,37167.0,35000.0,58333.0,31667.0
2024-08-25,,35000.0,32500.0,22000.0,30000.0,31000.0,32000.0,37333.0,28250.0,34333.0,30400.0,31667.0,35000.0,30667.0,,34833.0,31000.0,46000.0,30000.0,28000.0,,30000.0,30000.0,24667.0,42000.0,29500.0,31667.0,33333.0,37500.0,35000.0,58333.0,31333.0
2024-08-26,,35000.0,32500.0,20000.0,31000.0,28333.0,29500.0,38667.0,26250.0,33333.0,31800.0,30333.0,30667.0,31667.0,,34000.0,31000.0,40667.0,31000.0,27667.0,,26500.0,27667.0,23667.0,39500.0,27000.0,30667.0,32333.0,38000.0,35000.0,58333.0,26833.0
2024-08-27,,35000.0,32500.0,20000.0,27333.0,29333.0,29500.0,35000.0,26000.0,33333.0,31800.0,30333.0,30667.0,30667.0,,32333.0,28500.0,36667.0,27500.0,27667.0,,26000.0,25333.0,23000.0,39500.0,23500.0,31667.0,32333.0,38000.0,35000.0,58333.0,26667.0
2024-08-28,,35000.0,31000.0,16000.0,27000.0,29333.0,29500.0,33333.0,24750.0,27667.0,31400.0,29000.0,29000.0,31333.0,,32333.0,25000.0,30000.0,30000.0,26667.0,,21000.0,24333.0,23667.0,38250.0,24500.0,28333.0,32333.0,38000.0,35000.0,58333.0,26833.0
2024-08-29,,35000.0,31000.0,16000.0,27000.0,27333.0,29500.0,32000.0,22500.0,27667.0,32000.0,28333.0,30000.0,27333.0,,32667.0,25000.0,30000.0,30000.0,26667.0,,23000.0,24000.0,23667.0,39500.0,24500.0,25667.0,31000.0,37167.0,35000.0,58333.0,26000.0
2024-08-30,,35000.0,31000.0,17000.0,24667.0,25333.0,29500.0,32000.0,23000.0,27667.0,32000.0,28333.0,29333.0,27000.0,,32667.0,25000.0,30000.0,30000.0,26000.0,,21000.0,25000.0,21333.0,37500.0,25500.0,26000.0,31000.0,37167.0,35000.0,58333.0,25833.0
2024-08-31,,35000.0,31000.0,17000.0,24667.0,24333.0,29500.0,30333.0,21750.0,27667.0,31000.0,28333.0,29333.0,27000.0,,32667.0,23500.0,30000.0,30000.0,25000.0,,21000.0,25000.0,20000.0,38750.0,22500.0,26333.0,31000.0,35167.0,35000.0,58333.0,26000.0
2024-09-01,,35000.0,31000.0,17000.0,24667.0,24333.0,29500.0,30333.0,23000.0,27667.0,31000.0,28333.0,29333.0,27000.0,,31667.0,23500.0,30000.0,30000.0,24000.0,,21000.0,25000.0,19667.0,37250.0,20000.0,19333.0,29333.0,35167.0,35000.0,53333.0,23500.0
2024-09-02,,30000.0,31000.0,14000.0,18333.0,21000.0,29500.0,30333.0,23000.0,24333.0,31000.0,21000.0,29333.0,20333.0,,30667.0,23500.0,30000.0,23500.0,24000.0,,19000.0,25000.0,17333.0,37750.0,20000.0,21000.0,25000.0,35167.0,30000.0,41667.0,24000.0
2024-09-03,,30000.0,31000.0,14000.0,18333.0,21000.0,28750.0,30333.0,22500.0,24333.0,28800.0,19333.0,26333.0,20333.0,,29000.0,23500.0,30000.0,23500.0,24000.0,,19000.0,25000.0,17333.0,37750.0,20000.0,19333.0,24667.0,35167.0,30000.0,35000.0,23167.0
2024-09-04,,30000.0,31000.0,14000.0,18333.0,19333.0,28750.0,30333.0,22500.0,21000.0,29000.0,19333.0,25333.0,18333.0,,28667.0,23500.0,30000.0,23500.0,24000.0,,17500.0,25000.0,17333.0,37500.0,17500.0,19333.0,23333.0,32333.0,30000.0,24667.0,22833.0
2024-09-05,,30000.0,28500.0,14000.0,16333.0,19333.0,26500.0,29667.0,20000.0,21000.0,26200.0,19333.0,26667.0,18333.0,28000.0,28000.0,22500.0,30000.0,23500.0,24000.0,,18000.0,27333.0,17000.0,37500.0,18500.0,19333.0,22667.0,32333.0,30000.0,16667.0,23500.0
2024-09-06,,30000.0,26500.0,13000.0,16333.0,18667.0,26500.0,29333.0,20500.0,20000.0,25800.0,19333.0,26667.0,19000.0,28000.0,29500.0,19250.0,30000.0,23500.0,24000.0,,18000.0,27667.0,16333.0,37500.0,20000.0,19333.0,21000.0,32333.0,30000.0,16667.0,21833.0
2024-09-07,,30000.0,26500.0,13000.0,16333.0,18000.0,26500.0,29333.0,22000.0,20000.0,25200.0,19333.0,28333.0,19000.0,28000.0,29500.0,19250.0,30000.0,26000.0,24000.0,,18000.0,27667.0,15667.0,36250.0,15500.0,18333.0,21000.0,31833.0,30000.0,18333.0,21333.0
2024-09-08,,30000.0,26500.0,13000.0,16333.0,18000.0,26500.0,29333.0,21750.0,20000.0,25200.0,18667.0,26667.0,19667.0,28000.0,28167.0,19250.0,30000.0,26000.0,24000.0,,18000.0,27667.0,15667.0,36250.0,15500.0,20000.0,21333.0,31500.0,30000.0,18333.0,21833.0
2024-09-09,,30000.0,26500.0,12000.0,16000.0,18000.0,26500.0,29000.0,22000.0,21000.0,23200.0,16667.0,24000.0,19333.0,28000.0,26000.0,19250.0,30000.0,26000.0,24000.0,,16000.0,25000.0,15000.0,33750.0,14500.0,20000.0,21000.0,29333.0,25000.0,19000.0,22500.0
2024-09-10,,30000.0,26500.0,12000.0,16333.0,17333.0,25250.0,29000.0,20000.0,21000.0,21800.0,16667.0,22667.0,19333.0,28000.0,23667.0,19250.0,30000.0,26000.0,24000.0,,16000.0,25000.0,14667.0,28750.0,12500.0,20000.0,20333.0,29333.0,25000.0,18333.0,21667.0
2024-09-11,,30000.0,25333.0,12000.0,18667.0,18333.0,25250.0,27333.0,19750.0,20333.0,21400.0,17000.0,22000.0,19333.0,28000.0,23667.0,19250.0,30000.0,26000.0,23333.0,,17000.0,21667.0,14667.0,28750.0,12500.0,20000.0,19000.0,28167.0,25000.0,18333.0,21667.0
2024-09-12,,30000.0,25333.0,12000.0,18667.0,18333.0,24000.0,27333.0,19000.0,20333.0,22200.0,17000.0,22000.0,19333.0,28000.0,22667.0,19250.0,30000.0,26000.0,23333.0,,18000.0,21667.0,14667.0,28250.0,13000.0,20000.0,19333.0,27667.0,25000.0,16667.0,21167.0
2024-09-13,,30000.0,24333.0,12000.0,15000.0,18333.0,24000.0,27333.0,18500.0,20333.0,21200.0,17000.0,21667.0,19333.0,28000.0,21000.0,19250.0,30000.0,21000.0,23333.0,,17000.0,20667.0,14667.0,29500.0,13000.0,20000.0,20333.0,27667.0,25000.0,16667.0,22833.0
2024-09-14,,30000.0,24333.0,12000.0,15000.0,18333.0,24000.0,27333.0,18000.0,20333.0,21600.0,17000.0,22333.0,18000.0,28000.0,21000.0,19250.0,30000.0,20000.0,23333.0,,17000.0,20667.0,14667.0,29500.0,13000.0,20000.0,20333.0,27667.0,25000.0,16667.0,22833.0
2024-09-15,,30000.0,24333.0,12000.0,15000.0,18333.0,24000.0,27333.0,18750.0,20333.0,21600.0,17333.0,22333.0,18667.0,28000.0,21000.0,19250.0,30000.0,20000.0,23333.0,,18000.0,20667.0,14667.0,29500.0,13000.0,21000.0,20333.0,27667.0,25000.0,16667.0,22833.0
2024-09-16,,30000.0,24333.0,12000.0,15000.0,18333.0,24000.0,27667.0,19000.0,20333.0,21600.0,17333.0,23000.0,20000.0,28000.0,21000.0,19250.0,30000.0,20000.0,23333.0,,17500.0,20667.0,17000.0,29500.0,13000.0,19000.0,21000.0,27667.0,25000.0,16667.0,23667.0
2024-09-17,,25000.0,28667.0,12000.0,16333.0,18000.0,22750.0,28333.0,18500.0,21000.0,19600.0,18000.0,22000.0,20000.0,28000.0,20333.0,18000.0,30000.0,19000.0,23333.0,,18000.0,20667.0,16000.0,29500.0,14000.0,20000.0,22000.0,26667.0,20000.0,16667.0,23000.0
2024-09-18,,25000.0,28667.0,12000.0,16667.0,18000.0,22750.0,28333.0,20250.0,21000.0,20000.0,18667.0,23333.0,19333.0,28000.0,20333.0,18000.0,30000.0,20000.0,23333.0,,18000.0,20000.0,16333.0,27500.0,17500.0,21667.0,22000.0,25667.0,20000.0,15667.0,23667.0
2024-09-19,,25000.0,28667.0,12000.0,16667.0,17333.0,21500.0,28333.0,20000.0,22000.0,21000.0,17333.0,23333.0,19333.0,20000.0,20333.0,18000.0,30000.0,20000.0,23333.0,,18000.0,20000.0,15667.0,28750.0,15000.0,20333.0,22000.0,26333.0,20000.0,15667.0,23000.0
2024-09-20,,25000.0,27667.0,12000.0,16667.0,17667.0,21500.0,27667.0,19500.0,22000.0,20800.0,17333.0,23000.0,20000.0,20000.0,20333.0,18000.0,30000.0,24000.0,23333.0,,19000.0,20000.0,15000.0,28750.0,15000.0,21000.0,22000.0,24667.0,20000.0,15667.0,22333.0
2024-09-21,,25000.0,27667.0,12000.0,16667.0,17667.0,21500.0,27667.0,18000.0,22000.0,20400.0,17333.0,23667.0,20000.0,20000.0,21000.0,16500.0,30000.0,24000.0,24000.0,,19000.0,20000.0,15667.0,28750.0,15000.0,20333.0,22000.0,24667.0,20000.0,15667.0,23000.0
2024-09-22,,25000.0,27667.0,12000.0,16667.0,17667.0,21500.0,27667.0,18500.0,22000.0,20000.0,17333.0,23667.0,20000.0,20000.0,21333.0,17500.0,30000.0,24000.0,22667.0,,18000.0,20000.0,16000.0,29250.0,15000.0,18667.0,21333.0,24667.0,20000.0,15667.0,23333.0
2024-09-23,,27500.0,26000.0,12000.0,17667.0,17667.0,21500.0,26333.0,17500.0,21000.0,20000.0,17333.0,23000.0,20000.0,20000.0,20667.0,17500.0,30000.0,21000.0,22667.0,,16500.0,20000.0,16333.0,29250.0,13000.0,20000.0,21000.0,24667.0,20000.0,17333.0,22667.0
2024-09-24,,27500.0,24333.0,13000.0,16667.0,17000.0,21500.0,26333.0,17500.0,21000.0,20600.0,17000.0,22667.0,20000.0,20000.0,21333.0,17500.0,28000.0,21000.0,22667.0,,16500.0,20000.0,16333.0,29250.0,13500.0,19333.0,21000.0,24333.0,20000.0,17333.0,22833.0
2024-09-25,,27500.0,24333.0,13000.0,18000.0,17333.0,21500.0,26333.0,16500.0,18000.0,20600.0,16333.0,22667.0,20000.0,20000.0,21333.0,17500.0,26000.0,21000.0,22667.0,,16500.0,20000.0,15667.0,28750.0,15000.0,20000.0,21000.0,24333.0,20000.0,17333.0,19167.0
2024-09-26,,27500.0,24333.0,13000.0,18000.0,17333.0,21500.0,26333.0,16500.0,18000.0,20200.0,16667.0,23000.0,20000.0,20000.0,21333.0,14500.0,26000.0,21000.0,22667.0,,17000.0,20000.0,16000.0,26250.0,15000.0,18667.0,20667.0,24333.0,20000.0,17333.0,19167.0
2024-09-27,,25000.0,24333.0,13000.0,18000.0,17333.0,21500.0,27333.0,16250.0,19333.0,20000.0,18000.0,22333.0,20000.0,20000.0,21333.0,14500.0,26000.0,21000.0,22667.0,,14500.0,20000.0,16000.0,26250.0,14000.0,19333.0,20667.0,24167.0,20000.0,17333.0,22000.0
2024-09-28,,25000.0,24333.0,14000.0,18000.0,17000.0,21500.0,27333.0,16250.0,19333.0,20000.0,17333.0,22000.0,20000.0,20000.0,21333.0,14500.0,26000.0,21000.0,22667.0,,14500.0,20000.0,16000.0,27500.0,10500.0,18667.0,20667.0,24167.0,20000.0,17333.0,22833.0
2024-09-29,,25000.0,24333.0,14000.0,18000.0,17000.0,21500.0,27000.0,16750.0,19333.0,20000.0,16667.0,20667.0,20000.0,20000.0,21333.0,14500.0,26000.0,21000.0,22667.0,,14500.0,20000.0,15000.0,27500.0,10500.0,18667.0,20667.0,24167.0,20000.0,17333.0,24000.0
2024-09-30,,22500.0,25000.0,12000.0,17667.0,17333.0,21500.0,27667.0,17750.0,18667.0,20600.0,17667.0,20667.0,18333.0,20000.0,20000.0,16500.0,26000.0,25000.0,22667.0,,15500.0,20000.0,15000.0,31250.0,10500.0,18000.0,20333.0,24167.0,20000.0,17333.0,21833.0
2024-10-01,,22500.0,25000.0,12000.0,16333.0,17000.0,21500.0,27667.0,18000.0,18667.0,21200.0,17667.0,20667.0,18333.0,20000.0,20000.0,16500.0,26000.0,23500.0,22667.0,,14500.0,20000.0,15000.0,31250.0,14000.0,18000.0,21000.0,23667.0,20000.0,17333.0,19833.0
2024-10-02,,22500.0,25000.0,11000.0,16333.0,16667.0,21500.0,27667.0,17500.0,18667.0,20600.0,17667.0,20667.0,17500.0,20000.0,20000.0,16500.0,26000.0,23500.0,22000.0,,14500.0,20000.0,15000.0,26250.0,13000.0,19333.0,21000.0,23667.0,20000.0,17333.0,19833.0
2024-10-03,,22500.0,25000.0,10000.0,16000.0,16333.0,21500.0,27333.0,16750.0,18667.0,20200.0,17667.0,20667.0,18333.0,20000.0,20667.0,16500.0,26000.0,23500.0,22000.0,,14000.0,20000.0,15000.0,26250.0,12500.0,18333.0,21000.0,23667.0,20000.0,17333.0,19000.0
2024-10-04,,22500.0,25000.0,10000.0,16000.0,15667.0,21500.0,27333.0,15250.0,18667.0,18400.0,17667.0,20667.0,18667.0,20000.0,20667.0,16500.0,25000.0,21000.0,22000.0,,14000.0,20000.0,13333.0,28250.0,11000.0,18333.0,19333.0,23667.0,20000.0,13333.0,17833.0
2024-10-05,,22500.0,25000.0,10000.0,16000.0,15333.0,21500.0,27333.0,16750.0,18667.0,18000.0,17667.0,20667.0,18667.0,20000.0,20333.0,14500.0,25000.0,21000.0,22667.0,,14000.0,20000.0,13333.0,28250.0,11000.0,18667.0,19333.0,23667.0,20000.0,13333.0,18667.0
2024-10-06,,22500.0,25000.0,10000.0,16000.0,15333.0,21500.0,27333.0,16250.0,19333.0,19200.0,18000.0,20667.0,18667.0,20000.0,20333.0,13500.0,25000.0,21000.0,23333.0,,14000.0,20000.0,13333.0,28250.0,11000.0,18333.0,19333.0,23667.0,20000.0,13333.0,21167.0
2024-10-07,,22500.0,25000.0,10000.0,16333.0,14667.0,21500.0,27667.0,16000.0,18333.0,19600.0,18000.0,20000.0,17000.0,20000.0,18333.0,13500.0,25000.0,17000.0,23333.0,,15000.0,20000.0,13333.0,30125.0,10000.0,18000.0,19000.0,23500.0,20000.0,15000.0,21333.0
2024-10-08,,22500.0,25000.0,10000.0,16333.0,14000.0,21500.0,27667.0,16750.0,18333.0,19600.0,18000.0,20000.0,17333.0,20000.0,17333.0,13500.0,25000.0,18500.0,23333.0,,13500.0,19333.0,13333.0,28125.0,10000.0,17667.0,19000.0,24500.0,20000.0,15000.0,21333.0
2024-10-09,,22500.0,25000.0,10000.0,16333.0,14333.0,21500.0,27667.0,16750.0,17000.0,19000.0,18000.0,20667.0,17333.0,20000.0,17667.0,13500.0,25000.0,18500.0,23333.0,,12000.0,19333.0,13333.0,28125.0,12500.0,18667.0,19000.0,24500.0,20000.0,14000.0,23833.0
2024-10-10,,22500.0,22500.0,10000.0,16333.0,14000.0,21500.0,27667.0,16500.0,17000.0,19000.0,18000.0,20667.0,18000.0,20000.0,17667.0,13500.0,25000.0,20000.0,22667.0,,12250.0,20000.0,13333.0,27625.0,12500.0,17667.0,19000.0,24333.0,20000.0,14000.0,19667.0
2024-10-11,,22500.0,22500.0,10000.0,16333.0,14000.0,21500.0,27667.0,16250.0,17000.0,19000.0,18000.0,20667.0,18667.0,20000.0,17667.0,12500.0,25000.0,20000.0,22667.0,,12250.0,20000.0,13000.0,27625.0,12000.0,17667.0,19333.0,23667.0,20000.0,14000.0,19333.0
2024-10-12,,22500.0,22500.0,10000.0,16333.0,14667.0,21500.0,27667.0,17500.0,17000.0,19000.0,18000.0,21333.0,20000.0,20000.0,16667.0,12500.0,25000.0,20000.0,22667.0,,12250.0,20000.0,13000.0,28625.0,12000.0,17333.0,19333.0,23667.0,20000.0,14333.0,19000.0
2024-10-13,,22500.0,22500.0,10000.0,16333.0,14667.0,21500.0,27667.0,17500.0,17000.0,19000.0,18667.0,22000.0,20000.0,20000.0,16667.0,13000.0,25000.0,20000.0,22667.0,,12250.0,20000.0,13000.0,27875.0,12000.0,16000.0,19333.0,24000.0,20000.0,14333.0,18333.0
2024-10-14,,22500.0,22500.0,10000.0,16333.0,15000.0,21500.0,27667.0,16000.0,18667.0,19000.0,18667.0,21333.0,20333.0,20000.0,16667.0,13000.0,25000.0,17000.0,22667.0,,16000.0,20000.0,14000.0,27875.0,13500.0,16667.0,18000.0,24167.0,20000.0,15000.0,19833.0
2024-10-15,,22500.0,22500.0,10000.0,16333.0,15000.0,21500.0,27667.0,16250.0,18667.0,19000.0,18667.0,21333.0,19333.0,20000.0,16667.0,13000.0,25000.0,17000.0,21333.0,,16000.0,17000.0,14000.0,26250.0,13500.0,17667.0,18000.0,24167.0,20000.0,16000.0,19500.0
2024-10-16,,22500.0,22500.0,10000.0,16333.0,15333.0,21500.0,27667.0,17750.0,18667.0,17400.0,18667.0,22000.0,19333.0,20000.0,16000.0,17500.0,25000.0,17000.0,21333.0,,16000.0,17000.0,14000.0,27500.0,13500.0,17667.0,18000.0,24167.0,20000.0,14667.0,18167.0
2024-10-17,,22500.0,22500.0,10000.0,16333.0,15333.0,21500.0,28000.0,17250.0,18667.0,17400.0,18667.0,22000.0,19333.0,20000.0,16000.0,17500.0,25000.0,16000.0,21333.0,,16000.0,17000.0,14000.0,27500.0,14500.0,17667.0,18000.0,22333.0,20000.0,14667.0,19167.0
2024-10-18,,22500.0,22500.0,10000.0,16333.0,15333.0,21500.0,28000.0,18000.0,18667.0,17400.0,17667.0,22000.0,20667.0,20000.0,15333.0,17500.0,25000.0,16000.0,21333.0,,16000.0,16667.0,14000.0,26250.0,14500.0,18667.0,18000.0,21833.0,20000.0,14667.0,20167.0
2024-10-19,,22500.0,22500.0,10000.0,16333.0,15000.0,21500.0,28000.0,17500.0,18667.0,16400.0,15000.0,22000.0,20667.0,20000.0,15333.0,17500.0,25000.0,16000.0,20000.0,,16000.0,16667.0,14000.0,25000.0,15000.0,16667.0,18000.0,21833.0,20000.0,14667.0,19500.0
2024-10-20,,22500.0,22500.0,11000.0,16333.0,15000.0,21500.0,28000.0,17500.0,18667.0,15800.0,15000.0,22000.0,20667.0,20000.0,15333.0,15500.0,25000.0,16000.0,20000.0,,14500.0,16667.0,14000.0,25000.0,15000.0,17333.0,18000.0,21833.0,20000.0,14667.0,17833.0
2024-10-21,,20000.0,22500.0,11000.0,16000.0,15000.0,21500.0,28667.0,16875.0,19333.0,16000.0,15000.0,22000.0,22333.0,20000.0,15333.0,16500.0,25000.0,17500.0,20000.0,,14500.0,16667.0,14333.0,25625.0,16000.0,16667.0,18000.0,21833.0,20000.0,14667.0,18667.0
2024-10-22,,20000.0,22500.0,11000.0,16000.0,15000.0,21500.0,28667.0,17000.0,19333.0,16800.0,15333.0,20667.0,22333.0,20000.0,15333.0,16500.0,25000.0,17500.0,20667.0,,14500.0,16667.0,14333.0,23750.0,14500.0,17667.0,18000.0,21500.0,20000.0,15000.0,18000.0
2024-10-23,,20000.0,22500.0,11000.0,16000.0,15333.0,21500.0,28667.0,17000.0,19333.0,17200.0,16000.0,21667.0,22000.0,20000.0,16000.0,16500.0,25000.0,17500.0,20667.0,,15000.0,16333.0,14000.0,23750.0,14500.0,16667.0,18000.0,21333.0,20000.0,15000.0,18333.0
2024-10-24,,20000.0,22500.0,11000.0,16000.0,15333.0,21500.0,28667.0,17000.0,19333.0,17200.0,16000.0,21667.0,20000.0,20000.0,16000.0,16500.0,25000.0,15000.0,21000.0,,15000.0,16333.0,14333.0,23750.0,13500.0,16667.0,18000.0,20167.0,20000.0,14000.0,18333.0
2024-10-25,,20000.0,22500.0,11000.0,16000.0,15333.0,21500.0,28333.0,17150.0,17000.0,16800.0,16000.0,21333.0,20000.0,20000.0,16000.0,16500.0,25000.0,15000.0,21000.0,,15000.0,18000.0,14333.0,23750.0,14000.0,17667.0,18667.0,20667.0,20000.0,14000.0,18167.0
2024-10-26,,20000.0,22500.0,11000.0,16000.0,15333.0,21500.0,28333.0,17150.0,17000.0,16800.0,16000.0,21333.0,20000.0,20000.0,15667.0,16500.0,25000.0,15000.0,21000.0,,15000.0,18000.0,14000.0,22500.0,14500.0,16000.0,18667.0,21000.0,20000.0,14000.0,18167.0
2024-10-27,,20000.0,22500.0,11000.0,16000.0,16000.0,21500.0,28333.0,17150.0,17000.0,16800.0,16000.0,21333.0,19667.0,20000.0,15667.0,16500.0,25000.0,15000.0,21333.0,,15000.0,18000.0,14000.0,22500.0,14000.0,18000.0,18667.0,21000.0,20000.0,14000.0,18167.0
2024-10-28,,20000.0,22500.0,11000.0,16000.0,17000.0,21500.0,28333.0,16575.0,19333.0,16200.0,16000.0,21333.0,19667.0,20000.0,15667.0,16000.0,25000.0,17500.0,21333.0,,15000.0,18000.0,14667.0,25000.0,14000.0,17333.0,17000.0,21667.0,18000.0,14000.0,17333.0
2024-10-29,,20000.0,22500.0,11000.0,16000.0,17333.0,21500.0,28667.0,16650.0,19333.0,16200.0,16333.0,21333.0,20333.0,20000.0,15667.0,16000.0,25000.0,17500.0,21333.0,,13500.0,17667.0,14667.0,25000.0,14000.0,18000.0,16667.0,21667.0,18000.0,15000.0,18333.0
2024-10-30,,20000.0,22500.0,11000.0,16000.0,17333.0,21500.0,28667.0,17150.0,19333.0,16200.0,16333.0,21333.0,20333.0,20000.0,15667.0,16000.0,25000.0,17500.0,21333.0,,14000.0,17667.0,15000.0,25000.0,15500.0,18333.0,16667.0,22667.0,18000.0,14000.0,18333.0
2024-10-31,,20000.0,22500.0,11000.0,16000.0,17667.0,21500.0,28667.0,16900.0,19333.0,16600.0,15667.0,21333.0,19000.0,20000.0,17000.0,16000.0,25000.0,17500.0,21333.0,,14000.0,17667.0,14667.0,27500.0,16000.0,17333.0,18000.0,22667.0,18000.0,14000.0,18333.0
2024-11-01,,20000.0,22500.0,11000.0,16000.0,17667.0,21500.0,28667.0,17400.0,19333.0,18000.0,15667.0,20667.0,18333.0,20000.0,17000.0,16000.0,25000.0,17500.0,21333.0,,14000.0,17667.0,14667.0,27500.0,17000.0,16667.0,18000.0,22667.0,17000.0,15000.0,18167.0
2024-11-02,,20000.0,22500.0,11000.0,16000.0,17667.0,21500.0,28333.0,17000.0,19333.0,18000.0,15333.0,22000.0,18333.0,20000.0,17000.0,16000.0,25000.0,17500.0,21333.0,,15250.0,17667.0,14667.0,27500.0,17000.0,16667.0,18000.0,22667.0,17000.0,15000.0,18167.0
2024-11-03,,20000.0,22500.0,11000.0,16000.0,17667.0,21500.0,28333.0,17000.0,19333.0,17200.0,15333.0,21333.0,18667.0,20000.0,17000.0,16000.0,25000.0,17500.0,21333.0,,15750.0,17667.0,14667.0,27500.0,15500.0,17333.0,18000.0,22667.0,17000.0,15000.0,17833.0
2024-11-04,,22500.0,18000.0,11000.0,16000.0,16667.0,21500.0,28333.0,16575.0,17000.0,18000.0,14667.0,20667.0,18667.0,20000.0,17333.0,16000.0,25000.0,17500.0,21333.0,,16500.0,15333.0,15000.0,27500.0,13500.0,16667.0,18000.0,22667.0,18000.0,15000.0,17833.0
2024-11-05,,22500.0,18000.0,11000.0,16000.0,16333.0,21500.0,26667.0,16400.0,17000.0,17600.0,17000.0,20667.0,18000.0,20000.0,16667.0,16000.0,25000.0,15000.0,21333.0,,17000.0,15333.0,15000.0,27500.0,13500.0,16667.0,18000.0,21833.0,18000.0,15000.0,18833.0
2024-11-06,,22500.0,18000.0,11000.0,16000.0,16333.0,21500.0,25000.0,18000.0,17000.0,17400.0,16333.0,23667.0,18000.0,20000.0,16667.0,16000.0,25000.0,16500.0,21333.0,,17000.0,15333.0,15000.0,26250.0,12500.0,16667.0,18000.0,21500.0,18000.0,14333.0,18167.0
2024-11-07,,22500.0,18000.0,11000.0,16000.0,14667.0,21500.0,25000.0,17500.0,17000.0,17400.0,17667.0,22667.0,18000.0,20000.0,16667.0,16000.0,25000.0,16500.0,21333.0,,15000.0,15333.0,15000.0,25000.0,12500.0,18000.0,18000.0,21500.0,18000.0,14333.0,19000.0
2024-11-08,,22500.0,18000.0,11000.0,16000.0,15000.0,21500.0,25000.0,17000.0,17667.0,17600.0,17000.0,22667.0,18000.0,20000.0,16667.0,16000.0,25000.0,16500.0,21667.0,,15000.0,17333.0,15000.0,26250.0,13500.0,18000.0,18000.0,21500.0,18000.0,14333.0,16667.0
2024-11-09,,22500.0,18000.0,11000.0,16000.0,15000.0,21500.0,25000.0,16500.0,17667.0,17200.0,17000.0,22667.0,18000.0,20000.0,16667.0,16000.0,25000.0,16500.0,22000.0,,14500.0,17667.0,15000.0,26250.0,13500.0,18000.0,18000.0,21500.0,18000.0,14333.0,16667.0
2024-11-10,,22500.0,18000.0,11000.0,16000.0,15000.0,22000.0,25333.0,17000.0,17667.0,16800.0,17000.0,22667.0,18000.0,20000.0,16667.0,17500.0,25000.0,16500.0,22000.0,,14500.0,17667.0,15000.0,26250.0,13500.0,17333.0,18000.0,21500.0,18000.0,14333.0,17500.0
2024-11-11,,22500.0,21500.0,11000.0,15000.0,15000.0,20000.0,25667.0,17150.0,16333.0,18400.0,17000.0,20667.0,18000.0,20000.0,16667.0,17500.0,25000.0,20000.0,22000.0,,14500.0,16333.0,15000.0,25000.0,13500.0,16333.0,18000.0,21333.0,18800.0,14333.0,17000.0
2024-11-12,,22500.0,21500.0,11000.0,15000.0,15000.0,20000.0,25667.0,17500.0,16333.0,18600.0,17000.0,21667.0,18000.0,20000.0,16667.0,17500.0,25000.0,20000.0,22000.0,,14500.0,16333.0,15000.0,25000.0,12500.0,16667.0,18333.0,21333.0,19300.0,14000.0,17333.0
2024-11-13,,22500.0,19000.0,11000.0,15000.0,15000.0,20000.0,25667.0,18000.0,16333.0,18200.0,17000.0,21667.0,18000.0,20000.0,16667.0,17500.0,25000.0,20000.0,21667.0,,14500.0,16333.0,15000.0,25000.0,13500.0,16667.0,18333.0,21333.0,19300.0,14667.0,17833.0
2024-11-14,,22500.0,19000.0,11000.0,15000.0,15000.0,20000.0,25667.0,17500.0,16333.0,18200.0,17000.0,22667.0,18000.0,20000.0,16667.0,17500.0,25000.0,20000.0,21667.0,,14500.0,16333.0,13333.0,25000.0,13500.0,16333.0,18000.0,21333.0,20000.0,14667.0,17000.0
2024-11-15,,22500.0,18667.0,11000.0,15000.0,15000.0,20000.0,25667.0,16500.0,16333.0,18200.0,15667.0,22667.0,18000.0,20000.0,17000.0,17500.0,25000.0,18500.0,21667.0,,14500.0,17000.0,13333.0,23750.0,14000.0,16000.0,18000.0,20000.0,20000.0,14667.0,17333.0
2024-11-16,,22500.0,18667.0,11000.0,15000.0,15000.0,20000.0,25667.0,16500.0,16333.0,18600.0,16000.0,20667.0,18000.0,20000.0,17000.0,17500.0,25000.0,18500.0,21667.0,,14500.0,17667.0,13333.0,23750.0,14000.0,16667.0,18000.0,20000.0,20000.0,14667.0,17667.0
2024-11-17,,22500.0,18667.0,11000.0,14000.0,15000.0,20000.0,25333.0,17500.0,16333.0,18600.0,16667.0,20667.0,18000.0,20000.0,17000.0,17500.0,25000.0,18500.0,21667.0,,14500.0,17667.0,13333.0,23750.0,14500.0,15667.0,18000.0,20000.0,20000.0,14667.0,18333.0
2024-11-18,,22500.0,19000.0,12000.0,16000.0,15000.0,20000.0,25667.0,17000.0,17667.0,19000.0,16667.0,20667.0,18000.0,20000.0,18667.0,17500.0,25000.0,21000.0,21667.0,,15000.0,16667.0,14333.0,25000.0,14000.0,15333.0,18333.0,20333.0,20000.0,14667.0,20667.0
2024-11-19,,22500.0,19000.0,12000.0,15000.0,16000.0,20000.0,25667.0,17250.0,17667.0,18600.0,16667.0,20667.0,18000.0,20000.0,18667.0,17500.0,25000.0,21000.0,22000.0,,15000.0,17333.0,14333.0,22250.0,15500.0,17000.0,18333.0,20333.0,20000.0,15000.0,19833.0
2024-11-20,,22500.0,19000.0,12000.0,15000.0,15667.0,20000.0,25333.0,17250.0,17667.0,18400.0,16667.0,20000.0,18000.0,20000.0,20667.0,15000.0,25000.0,21000.0,22000.0,,15000.0,17333.0,13667.0,22250.0,15500.0,16667.0,18333.0,20333.0,20000.0,15000.0,19667.0
2024-11-21,,22500.0,20000.0,14000.0,15000.0,15667.0,20000.0,25333.0,16750.0,17667.0,18800.0,16667.0,20000.0,18000.0,20000.0,21000.0,15000.0,25000.0,21000.0,22000.0,,15500.0,17667.0,13667.0,21750.0,14500.0,18667.0,18333.0,20333.0,20000.0,15000.0,20167.0
2024-11-22,,22500.0,20000.0,14000.0,15667.0,15333.0,18750.0,25333.0,17000.0,17667.0,18400.0,16667.0,20667.0,18000.0,20000.0,21000.0,15000.0,25000.0,21000.0,22000.0,,15500.0,16667.0,13667.0,21750.0,15500.0,16333.0,18333.0,20333.0,20000.0,14000.0,21833.0
2024-11-23,,22500.0,20000.0,14000.0,15667.0,15667.0,18750.0,25333.0,17000.0,17667.0,18400.0,16667.0,20667.0,16333.0,20000.0,21000.0,15000.0,25000.0,21000.0,22000.0,,16500.0,16667.0,14333.0,21250.0,15500.0,16333.0,18333.0,20333.0,20000.0,14000.0,21833.0
2024-11-24,,22500.0,20000.0,14000.0,15667.0,15667.0,18750.0,25333.0,17000.0,17667.0,17400.0,16667.0,20667.0,16333.0,20000.0,21000.0,15000.0,25000.0,21000.0,22667.0,,16000.0,16667.0,14333.0,23750.0,15500.0,18000.0,18333.0,20333.0,20000.0,14000.0,21500.0
2024-11-25,,20000.0,20000.0,10000.0,14000.0,15667.0,19250.0,25333.0,17750.0,17667.0,17400.0,15333.0,20667.0,16000.0,20000.0,20833.0,15500.0,25000.0,21000.0,21333.0,,16000.0,16667.0,13333.0,26750.0,15500.0,18667.0,18333.0,21333.0,20000.0,18333.0,21667.0
2024-11-26,,20000.0,20000.0,10000.0,13333.0,15000.0,19250.0,25333.0,17500.0,17667.0,17600.0,15333.0,20667.0,16000.0,20000.0,20833.0,15500.0,25000.0,20000.0,21333.0,,16000.0,16333.0,13333.0,26750.0,14000.0,17000.0,18333.0,21333.0,20000.0,17333.0,21500.0
2024-11-27,,20000.0,20000.0,10000.0,13333.0,15000.0,19250.0,25333.0,17750.0,17667.0,17600.0,15333.0,20000.0,16000.0,20000.0,20833.0,15500.0,25000.0,20000.0,21667.0,,16000.0,16333.0,13333.0,26750.0,12000.0,18000.0,18333.0,21333.0,20000.0,17333.0,21167.0
2024-11-28,,20000.0,20000.0,10000.0,14333.0,15333.0,19250.0,25333.0,17750.0,17667.0,17600.0,15333.0,20667.0,16000.0,20000.0,20833.0,15500.0,25000.0,20000.0,22000.0,,16000.0,15667.0,14000.0,25750.0,12000.0,15667.0,18000.0,21333.0,20000.0,15000.0,19500.0
2024-11-29,,20000.0,20000.0,10000.0,14333.0,14333.0,19250.0,25333.0,16750.0,17667.0,18000.0,15000.0,20000.0,16000.0,,21000.0,17500.0,25000.0,20000.0,22000.0,,16000.0,16333.0,14000.0,25750.0,12000.0,17333.0,17667.0,21333.0,20000.0,15000.0,19500.0
2024-11-30,,20000.0,20000.0,12000.0,14333.0,14667.0,19250.0,25333.0,16750.0,17667.0,19600.0,15000.0,20000.0,16000.0,,21333.0,17500.0,25000.0,20000.0,22000.0,,16000.0,16000.0,14000.0,24500.0,14000.0,16667.0,18000.0,21333.0,20000.0,15000.0,19167.0
2024-12-01,,20000.0,20000.0,14000.0,14333.0,14667.0,19250.0,21667.0,16250.0,17667.0,20200.0,15000.0,20000.0,16000.0,,21333.0,17500.0,25000.0,20000.0,22000.0,,16000.0,16000.0,14000.0,24500.0,14000.0,16667.0,18000.0,21333.0,20000.0,15000.0,19000.0
2024-12-02,,20000.0,20000.0,14000.0,14000.0,13667.0,19250.0,21667.0,18000.0,17333.0,19200.0,15667.0,20000.0,16000.0,,21333.0,17500.0,25000.0,20000.0,22000.0,,15000.0,16000.0,13003.0,23750.0,14000.0,16667.0,18333.0,21333.0,20000.0,15000.0,19500.0
2024-12-03,,20000.0,20000.0,14000.0,14000.0,14333.0,19250.0,21667.0,17250.0,17333.0,19600.0,15667.0,20000.0,18000.0,,23000.0,17500.0,25000.0,19000.0,21667.0,,15000.0,16000.0,13000.0,25000.0,13000.0,16333.0,17333.0,21500.0,20000.0,15000.0,19333.0
2024-12-04,,20000.0,20000.0,14000.0,14000.0,13667.0,19250.0,21667.0,17250.0,17333.0,19200.0,18667.0,20000.0,18000.0,,23000.0,17500.0,25000.0,19000.0,21667.0,,13750.0,16000.0,13000.0,26250.0,13000.0,16333.0,17667.0,21500.0,20000.0,15000.0,18833.0
2024-12-05,,20000.0,21500.0,14000.0,14000.0,14667.0,20000.0,21667.0,17250.0,17333.0,19600.0,18667.0,20000.0,18667.0,,23667.0,15000.0,25000.0,19000.0,21667.0,,13750.0,16000.0,13000.0,25500.0,15000.0,17000.0,17000.0,21167.0,20000.0,15000.0,18833.0
2024-12-06,,20000.0,21500.0,14000.0,14000.0,15000.0,20000.0,21667.0,18500.0,18667.0,19000.0,18667.0,20000.0,18333.0,,25333.0,15000.0,25000.0,20000.0,21667.0,,13750.0,16000.0,13000.0,25500.0,12250.0,19333.0,17000.0,20833.0,20000.0,15000.0,19167.0
2024-12-07,,20000.0,21500.0,14000.0,14000.0,15667.0,20000.0,21667.0,18500.0,18667.0,19000.0,18667.0,20000.0,18333.0,,25333.0,15000.0,25000.0,20000.0,21667.0,,13750.0,16000.0,13000.0,25500.0,12250.0,17000.0,17000.0,20833.0,20000.0,15000.0,19167.0
2024-12-08,,20000.0,21500.0,14000.0,14000.0,15667.0,20000.0,21667.0,20000.0,18667.0,19400.0,18667.0,20000.0,19667.0,,25333.0,15000.0,25000.0,20000.0,23000.0,,13750.0,16000.0,13000.0,25500.0,12250.0,17667.0,17000.0,20833.0,20000.0,15000.0,19667.0
2024-12-09,,20000.0,22500.0,20000.0,14000.0,17000.0,20000.0,21667.0,19500.0,21333.0,19900.0,18000.0,20000.0,20000.0,,25667.0,15000.0,25000.0,21500.0,23000.0,,13750.0,15000.0,14000.0,25500.0,12250.0,18667.0,22000.0,20833.0,20000.0,15000.0,20667.0
2024-12-10,,20000.0,23500.0,20000.0,14667.0,18333.0,20000.0,22000.0,19175.0,21333.0,20100.0,18000.0,20000.0,20667.0,,26667.0,16500.0,25000.0,21500.0,23000.0,,13750.0,15000.0,14000.0,25000.0,15500.0,18667.0,20667.0,21667.0,20000.0,15000.0,21167.0
2024-12-11,,20000.0,23500.0,20000.0,15333.0,19000.0,20000.0,22000.0,21250.0,22000.0,20100.0,18000.0,21667.0,20667.0,,27000.0,16500.0,25000.0,21500.0,23000.0,,14000.0,23000.0,14000.0,25000.0,15000.0,18667.0,21333.0,22167.0,20000.0,18333.0,21167.0
2024-12-12,,20000.0,23500.0,23000.0,15333.0,20667.0,20000.0,22000.0,25250.0,22000.0,20100.0,22667.0,25333.0,22000.0,,28667.0,16500.0,25000.0,23500.0,23000.0,,14000.0,26333.0,16000.0,25000.0,17500.0,18667.0,21333.0,22167.0,20000.0,18333.0,24000.0
2024-12-13,,25000.0,26000.0,24000.0,15333.0,20333.0,20000.0,22000.0,27000.0,22000.0,22800.0,22667.0,24667.0,21333.0,,28667.0,16500.0,25000.0,23500.0,23000.0,,16000.0,26333.0,19667.0,27000.0,21000.0,24000.0,21333.0,23000.0,20000.0,16667.0,25333.0
2024-12-14,,25000.0,26000.0,24000.0,15333.0,23667.0,20000.0,22000.0,26075.0,21333.0,23000.0,26333.0,25333.0,21333.0,,31667.0,16500.0,25000.0,23500.0,23000.0,,17000.0,26333.0,21333.0,27000.0,23000.0,24000.0,21333.0,23000.0,20000.0,16667.0,27333.0
2024-12-15,,25000.0,26000.0,24000.0,15333.0,23667.0,20000.0,22000.0,29150.0,21333.0,22800.0,27667.0,37000.0,21333.0,,31667.0,16500.0,25000.0,23500.0,23000.0,,17750.0,26333.0,21333.0,27000.0,24500.0,26333.0,21333.0,23167.0,20000.0,16667.0,26500.0
2024-12-16,,35000.0,28500.0,26000.0,27333.0,29000.0,20000.0,22000.0,29400.0,30667.0,28600.0,27667.0,37000.0,23667.0,,31000.0,16500.0,25000.0,32000.0,25333.0,,22000.0,30333.0,23333.0,27000.0,23500.0,30000.0,26000.0,24167.0,25000.0,20000.0,27667.0
2024-12-17,,35000.0,28500.0,26000.0,31000.0,30000.0,20000.0,22000.0,29400.0,30667.0,30800.0,29333.0,37000.0,23667.0,,34333.0,16500.0,25000.0,33000.0,26333.0,,24500.0,30667.0,23333.0,30250.0,30000.0,30667.0,26000.0,24167.0,25000.0,25000.0,27833.0
2024-12-18,,35000.0,28500.0,26000.0,28667.0,29333.0,20000.0,23333.0,28500.0,30667.0,29600.0,28333.0,36000.0,23667.0,,35000.0,16500.0,25000.0,33000.0,26333.0,,21500.0,30667.0,24667.0,32750.0,30000.0,29333.0,26000.0,25000.0,26000.0,21667.0,28333.0
2024-12-19,,35000.0,28500.0,26000.0,28667.0,29333.0,20000.0,23333.0,29650.0,30000.0,29600.0,33000.0,36000.0,23667.0,,37000.0,16500.0,25000.0,33000.0,26333.0,,21000.0,30000.0,24667.0,32750.0,27500.0,30000.0,26000.0,27167.0,26000.0,21667.0,29000.0
2024-12-20,,35000.0,28500.0,28000.0,28667.0,35333.0,20000.0,23333.0,31750.0,32000.0,31200.0,34000.0,36000.0,30333.0,,37667.0,24000.0,25000.0,33000.0,26333.0,,25000.0,34667.0,24667.0,34250.0,30000.0,31333.0,26667.0,27167.0,26000.0,26000.0,32667.0
2024-12-21,,35000.0,28500.0,28000.0,28667.0,39333.0,20000.0,23333.0,37000.0,32000.0,32400.0,35667.0,46667.0,31667.0,,38333.0,24000.0,25000.0,33000.0,26333.0,,25000.0,35000.0,26333.0,34250.0,32000.0,35000.0,29000.0,27167.0,26000.0,26000.0,32500.0
2024-12-22,,35000.0,28500.0,28000.0,28667.0,39333.0,20000.0,23333.0,37000.0,32000.0,35600.0,41333.0,46667.0,35000.0,,39333.0,25000.0,25000.0,35000.0,26333.0,,32000.0,35000.0,28667.0,36250.0,36000.0,39000.0,29000.0,27500.0,26000.0,24000.0,32667.0
2024-12-23,,46500.0,31000.0,30000.0,30667.0,43333.0,20000.0,25000.0,38250.0,38000.0,35000.0,41667.0,45000.0,36333.0,,40333.0,25000.0,25000.0,35000.0,28333.0,,28000.0,37667.0,32667.0,39500.0,42500.0,38667.0,40667.0,40833.0,30000.0,24000.0,34667.0
2024-12-24,,46500.0,31000.0,30000.0,37333.0,43333.0,20000.0,25000.0,39900.0,38000.0,34800.0,40333.0,45000.0,36333.0,,41000.0,25000.0,24333.0,37000.0,29667.0,,33500.0,41667.0,39333.0,45750.0,41500.0,38667.0,40667.0,43333.0,30000.0,24000.0,34667.0
2024-12-25,,46500.0,31000.0,28000.0,37333.0,42333.0,20000.0,25000.0,42400.0,38000.0,34800.0,43667.0,46667.0,38667.0,,41000.0,25000.0,24333.0,37000.0,31000.0,,32500.0,41667.0,40000.0,49500.0,42500.0,41000.0,40667.0,43833.0,30000.0,24000.0,32833.0
2024-12-26,,60000.0,31000.0,30000.0,37333.0,46333.0,20000.0,25000.0,43150.0,38000.0,34000.0,43667.0,51000.0,38667.0,,41667.0,39750.0,24333.0,37000.0,33000.0,,37500.0,41667.0,40000.0,51500.0,42500.0,41667.0,40667.0,43833.0,30000.0,24000.0,34500.0
2024-12-27,,60000.0,54000.0,30000.0,38333.0,50667.0,20000.0,25000.0,49250.0,56333.0,35200.0,52000.0,53000.0,46000.0,,42000.0,39750.0,24333.0,37000.0,34000.0,,42500.0,43000.0,43333.0,52750.0,42500.0,52333.0,40667.0,45833.0,30000.0,24000.0,36333.0
2024-12-28,,60000.0,54000.0,30000.0,45000.0,52333.0,45000.0,29333.0,49250.0,56333.0,35400.0,52000.0,59667.0,44333.0,,47333.0,39750.0,24333.0,37000.0,35333.0,,42500.0,43333.0,46667.0,54000.0,48500.0,54000.0,42333.0,45833.0,30000.0,25667.0,36333.0
2024-12-29,,60000.0,54000.0,45000.0,45000.0,50667.0,45000.0,29333.0,53750.0,56333.0,35600.0,52000.0,61667.0,44333.0,,47333.0,39750.0,24333.0,40000.0,36333.0,,47500.0,43333.0,46667.0,54000.0,52500.0,55000.0,44000.0,46667.0,30000.0,25667.0,37667.0
2024-12-30,,62500.0,55000.0,45000.0,46667.0,47667.0,45000.0,32667.0,53750.0,58667.0,36000.0,55000.0,60000.0,58333.0,,47833.0,42500.0,24333.0,54000.0,35667.0,,45000.0,58333.0,51667.0,55000.0,56500.0,54333.0,51667.0,46667.0,35000.0,25667.0,46833.0
2024-12-31,,57500.0,55000.0,45000.0,46667.0,47333.0,45000.0,32667.0,47900.0,57000.0,37000.0,53333.0,60000.0,58333.0,,45333.0,42500.0,24333.0,54000.0,37667.0,,46500.0,58667.0,51667.0,53750.0,60000.0,48667.0,51667.0,46833.0,35000.0,25667.0,45833.0
2025-01-01,,57500.0,55000.0,45000.0,46667.0,47333.0,45000.0,33000.0,51650.0,57000.0,37000.0,46000.0,60000.0,58333.0,,44833.0,42500.0,24333.0,54000.0,40667.0,,48000.0,58667.0,52500.0,52500.0,40000.0,46333.0,51667.0,46833.0,35000.0,27333.0,45833.0
2025-01-02,,57500.0,57500.0,44000.0,41667.0,43333.0,43333.0,34333.0,53250.0,57667.0,38600.0,52667.0,58333.0,58333.0,,46500.0,52500.0,24333.0,50000.0,40667.0,,48000.0,55000.0,42000.0,53750.0,47500.0,55000.0,52667.0,47667.0,36000.0,27333.0,42167.0
2025-01-03,,55000.0,60000.0,44000.0,44667.0,45000.0,43333.0,34333.0,47000.0,57667.0,39200.0,51667.0,55000.0,58333.0,,47000.0,52500.0,24333.0,50000.0,50000.0,,45000.0,55000.0,42000.0,53750.0,41000.0,48333.0,51000.0,51000.0,36000.0,27333.0,48333.0
2025-01-04,,55000.0,60000.0,40000.0,44667.0,45000.0,43333.0,34667.0,47000.0,57667.0,39200.0,48333.0,51667.0,60000.0,,48667.0,51500.0,24333.0,52500.0,50000.0,,45000.0,55000.0,40250.0,55000.0,44000.0,49333.0,51667.0,51000.0,36000.0,25667.0,52000.0
2025-01-05,,55000.0,60000.0,39000.0,44667.0,46667.0,43333.0,34667.0,47750.0,57667.0,45000.0,48000.0,51667.0,60000.0,,49333.0,51500.0,24333.0,52500.0,49000.0,,45000.0,55000.0,40000.0,51000.0,44000.0,49333.0,51667.0,51000.0,36000.0,25667.0,50667.0
2025-01-06,,49000.0,60000.0,40000.0,43333.0,45000.0,46667.0,34667.0,45500.0,57667.0,46200.0,47333.0,51667.0,60000.0,,48667.0,51500.0,24333.0,54000.0,49000.0,,42000.0,55000.0,42000.0,52750.0,42500.0,45333.0,52000.0,52500.0,40000.0,25667.0,46167.0
2025-01-07,,49000.0,60000.0,40000.0,43333.0,45000.0,46250.0,34667.0,46500.0,56000.0,47000.0,48000.0,50667.0,54667.0,,49333.0,51500.0,24333.0,54000.0,47333.0,,42000.0,52667.0,42500.0,54000.0,44000.0,48000.0,52000.0,53833.0,40000.0,25667.0,43167.0
2025-01-08,,49000.0,60000.0,40000.0,45000.0,44000.0,46250.0,34667.0,44750.0,56000.0,49000.0,46333.0,48333.0,54667.0,,49333.0,51500.0,24333.0,54000.0,47000.0,,41000.0,50000.0,43750.0,64500.0,45500.0,50000.0,51667.0,54500.0,40000.0,27333.0,42000.0
2025-01-09,,49000.0,60000.0,40000.0,45000.0,45000.0,46250.0,35000.0,44450.0,50667.0,49000.0,46333.0,50667.0,58333.0,,49333.0,51500.0,24333.0,52000.0,43667.0,,42500.0,50000.0,43750.0,64500.0,45500.0,47667.0,51000.0,55333.0,40000.0,27333.0,42333.0
2025-01-10,,49000.0,60000.0,40000.0,45000.0,45000.0,43750.0,39000.0,43750.0,50667.0,49000.0,46333.0,50667.0,58333.0,,49333.0,51500.0,24333.0,52000.0,42667.0,,42500.0,50000.0,44000.0,59500.0,45500.0,45000.0,51000.0,55333.0,40000.0,27333.0,43000.0
2025-01-11,,49000.0,60000.0,40000.0,45000.0,46333.0,44500.0,38667.0,46250.0,50667.0,49000.0,47000.0,50667.0,58333.0,,49333.0,51500.0,24333.0,52000.0,44667.0,,42500.0,50000.0,43750.0,62000.0,47500.0,47000.0,52000.0,57000.0,40000.0,32000.0,44000.0
2025-01-12,,50000.0,60000.0,40000.0,45000.0,46333.0,44500.0,38667.0,43750.0,50667.0,49000.0,46667.0,50667.0,55667.0,,49333.0,51500.0,24333.0,50000.0,44667.0,,42500.0,50000.0,45000.0,59000.0,49000.0,48000.0,52000.0,59167.0,40000.0,35000.0,45000.0
2025-01-13,,50000.0,60000.0,44000.0,45000.0,48333.0,43250.0,38667.0,43150.0,54333.0,49000.0,49333.0,50000.0,55667.0,,51000.0,52500.0,24333.0,50000.0,44667.0,,43000.0,45667.0,47250.0,65000.0,49000.0,49667.0,52000.0,59167.0,50000.0,33333.0,46000.0
2025-01-14,,50000.0,60000.0,44000.0,46667.0,48333.0,41667.0,38667.0,43500.0,54333.0,48200.0,49333.0,50000.0,56667.0,,51667.0,49000.0,24333.0,50000.0,44667.0,,44500.0,45000.0,47250.0,66250.0,49000.0,45333.0,52000.0,56833.0,50000.0,30000.0,46833.0
2025-01-15,,50000.0,60000.0,44000.0,46667.0,47000.0,43250.0,39000.0,45500.0,52333.0,47200.0,50000.0,51667.0,56667.0,,51667.0,49000.0,24333.0,50000.0,44667.0,,45000.0,49000.0,47250.0,66250.0,49000.0,48667.0,49333.0,56833.0,50000.0,30000.0,45833.0
2025-01-16,,50000.0,60000.0,44000.0,46667.0,47000.0,43250.0,38333.0,45000.0,52333.0,47200.0,50000.0,53333.0,53333.0,,53333.0,49000.0,24333.0,50000.0,44667.0,,45000.0,50000.0,47250.0,66250.0,48000.0,46667.0,49333.0,56833.0,50000.0,40000.0,46167.0
2025-01-17,,50000.0,60000.0,47000.0,46667.0,50000.0,43250.0,37000.0,43650.0,51667.0,47200.0,50000.0,50000.0,50000.0,,55667.0,49000.0,24333.0,50000.0,44667.0,,44000.0,50000.0,47250.0,66250.0,46000.0,45667.0,48333.0,56833.0,50000.0,43333.0,48833.0
2025-01-18,,50000.0,60000.0,47000.0,46667.0,50000.0,43250.0,38667.0,45175.0,51667.0,47600.0,50000.0,50000.0,50000.0,,56333.0,50000.0,24333.0,50000.0,47000.0,,44000.0,50000.0,47750.0,61250.0,49000.0,47000.0,48333.0,58500.0,50000.0,45000.0,49333.0
2025-01-19,,50000.0,60000.0,47000.0,46667.0,50000.0,43250.0,38667.0,44900.0,51667.0,48600.0,50000.0,50000.0,47333.0,,58000.0,50000.0,24333.0,50000.0,47000.0,,44000.0,50000.0,46750.0,62500.0,49000.0,46333.0,48333.0,58500.0,50000.0,45000.0,49500.0
2025-01-20,,46000.0,60000.0,50000.0,46667.0,48333.0,43250.0,39667.0,44650.0,50000.0,50600.0,50000.0,50000.0,47333.0,,56333.0,50000.0,24333.0,50000.0,47000.0,,44000.0,50000.0,46750.0,61250.0,45500.0,45333.0,47333.0,56667.0,55000.0,43333.0,49500.0
2025-01-21,,46000.0,60000.0,50000.0,46667.0,48333.0,43250.0,39667.0,44400.0,50000.0,49600.0,50000.0,48333.0,47333.0,,56333.0,50000.0,24333.0,50000.0,47333.0,,40000.0,48333.0,46750.0,61250.0,45500.0,45333.0,50667.0,56667.0,53000.0,46667.0,49500.0
2025-01-22,,46000.0,60000.0,50000.0,46667.0,47667.0,43250.0,39000.0,45075.0,50000.0,51000.0,51000.0,47667.0,46000.0,,56333.0,50000.0,24333.0,50000.0,47667.0,,37500.0,48333.0,47250.0,60000.0,44500.0,45667.0,50667.0,56667.0,53000.0,46667.0,52000.0
2025-01-23,,46000.0,60000.0,50000.0,46667.0,48667.0,43250.0,39000.0,44075.0,50000.0,51000.0,49333.0,51667.0,44333.0,,59000.0,50000.0,24333.0,54000.0,48000.0,,37500.0,48333.0,46250.0,62500.0,44000.0,44333.0,51333.0,58333.0,53000.0,46667.0,53500.0
2025-01-24,,46000.0,60000.0,50000.0,49000.0,48667.0,43250.0,39000.0,45575.0,50000.0,52000.0,49333.0,51667.0,44333.0,,59000.0,50000.0,24333.0,56500.0,49333.0,,37500.0,44000.0,46250.0,58750.0,47000.0,42667.0,49667.0,57833.0,55000.0,46667.0,53500.0
2025-01-25,,46000.0,60000.0,50000.0,49000.0,49333.0,43250.0,39667.0,45575.0,50000.0,53000.0,51000.0,55000.0,44333.0,,59667.0,48000.0,24333.0,56500.0,47667.0,,37500.0,44000.0,46250.0,58750.0,47000.0,44333.0,49667.0,57000.0,55000.0,46667.0,52667.0
2025-01-26,,46000.0,60000.0,50000.0,49000.0,47667.0,43250.0,39667.0,46325.0,50000.0,51000.0,51000.0,55000.0,44333.0,,59667.0,48000.0,24333.0,54000.0,47000.0,,39000.0,44000.0,46250.0,57500.0,47500.0,45333.0,50667.0,57000.0,55000.0,46667.0,51167.0
2025-01-27,,46000.0,60000.0,50000.0,49000.0,48667.0,43250.0,39667.0,45500.0,50000.0,50000.0,51000.0,55000.0,46000.0,,60000.0,48000.0,24333.0,50000.0,46333.0,,39500.0,44000.0,46250.0,57500.0,46000.0,48333.0,50667.0,57833.0,55000.0,46667.0,52667.0
2025-01-28,,46000.0,60000.0,50000.0,51000.0,48000.0,43250.0,39000.0,47750.0,50000.0,50000.0,51000.0,55000.0,46000.0,,60333.0,48000.0,24333.0,50000.0,47667.0,,40500.0,43000.0,47500.0,57500.0,48000.0,47667.0,50000.0,57833.0,55000.0,46667.0,51833.0
2025-01-29,,46000.0,58333.0,50000.0,51000.0,50333.0,43250.0,39000.0,46750.0,50000.0,50000.0,51000.0,55000.0,51667.0,,60000.0,48000.0,24333.0,51000.0,47667.0,,40500.0,43000.0,46250.0,57750.0,47000.0,47667.0,50000.0,56667.0,55000.0,46667.0,51000.0
2025-01-30,,46000.0,58333.0,45000.0,51000.0,49667.0,44500.0,48667.0,45075.0,52667.0,50000.0,50667.0,53333.0,51667.0,,59833.0,49000.0,24333.0,51000.0,46333.0,,40500.0,47667.0,45500.0,62750.0,47000.0,46000.0,49333.0,56667.0,55000.0,46667.0,50500.0
2025-01-31,,46000.0,58333.0,45000.0,51000.0,50333.0,48750.0,48667.0,45825.0,52667.0,50000.0,50667.0,50000.0,51667.0,,59833.0,49000.0,24333.0,52000.0,45667.0,,41000.0,47667.0,45000.0,62750.0,46500.0,47667.0,50000.0,57833.0,55000.0,46667.0,52833.0
2025-02-01,,46000.0,58333.0,45000.0,51000.0,50000.0,48750.0,48667.0,46000.0,52667.0,50000.0,51667.0,50000.0,53333.0,,58167.0,49000.0,24333.0,52000.0,45667.0,,41000.0,47667.0,44250.0,62750.0,48000.0,47667.0,50000.0,57833.0,55000.0,50000.0,54500.0
2025-02-02,,46000.0,58333.0,45000.0,51000.0,50000.0,48750.0,48667.0,45650.0,52667.0,50000.0,51667.0,51333.0,53333.0,,58667.0,49000.0,24333.0,52000.0,45667.0,,41000.0,47667.0,46750.0,60000.0,48000.0,46333.0,50667.0,59167.0,55000.0,50000.0,54500.0
2025-02-03,,50000.0,58333.0,55000.0,50000.0,53333.0,48750.0,49333.0,47400.0,52667.0,50000.0,51667.0,50667.0,56667.0,,58667.0,49000.0,24333.0,54000.0,47333.0,,41000.0,47667.0,46250.0,57125.0,46500.0,47000.0,51667.0,59167.0,55000.0,50000.0,54167.0
2025-02-04,,50000.0,58360.0,55000.0,50000.0,49333.0,48750.0,49667.0,48150.0,52667.0,49000.0,51000.0,50667.0,55000.0,,60333.0,51000.0,24333.0,54000.0,47333.0,,42000.0,46667.0,46250.0,56250.0,44000.0,45667.0,52333.0,59167.0,55000.0,50000.0,55000.0
2025-02-05,,50000.0,58333.0,55000.0,50000.0,49333.0,50000.0,49670.0,48400.0,54000.0,47000.0,51000.0,52333.0,55000.0,,60333.0,51000.0,24333.0,54000.0,47333.0,,42000.0,46667.0,45000.0,58750.0,42000.0,46000.0,52333.0,57833.0,55000.0,50000.0,54833.0
2025-02-06,,50000.0,58333.0,55000.0,48333.0,48333.0,50000.0,50000.0,47150.0,45667.0,46800.0,51000.0,50000.0,50000.0,,58667.0,51000.0,24333.0,54000.0,47333.0,,39500.0,45000.0,44250.0,58750.0,40000.0,45333.0,50667.0,56667.0,53600.0,50000.0,54000.0
2025-02-07,,50000.0,58333.0,55000.0,48333.0,46667.0,50000.0,50000.0,42400.0,45667.0,48200.0,51000.0,50000.0,50000.0,,58667.0,51000.0,24333.0,54000.0,47333.0,,39500.0,45000.0,41250.0,58750.0,36000.0,43333.0,50667.0,56667.0,54000.0,50000.0,50667.0
2025-02-08,,50000.0,58333.0,55000.0,48333.0,45000.0,50000.0,50000.0,37650.0,45667.0,48400.0,47667.0,50000.0,50000.0,,56000.0,46500.0,24333.0,51000.0,49000.0,,39500.0,45000.0,38250.0,62500.0,33000.0,41667.0,50667.0,56667.0,54000.0,50000.0,49000.0
2025-02-09,,50000.0,58333.0,55000.0,41667.0,44333.0,50000.0,50000.0,35400.0,45667.0,47200.0,47000.0,49333.0,50000.0,,56000.0,46500.0,24333.0,45000.0,47333.0,,39500.0,45000.0,38250.0,62500.0,30000.0,36667.0,51333.0,54167.0,54000.0,50000.0,48167.0
2025-02-10,,40000.0,50000.0,45000.0,40333.0,38333.0,50000.0,50000.0,32150.0,33333.0,44400.0,35333.0,38000.0,46667.0,,51333.0,46500.0,24333.0,44000.0,47333.0,,39000.0,45000.0,34750.0,61250.0,25500.0,31333.0,45667.0,45000.0,40000.0,50000.0,33167.0
2025-02-11,,40000.0,50000.0,35000.0,40333.0,33000.0,50000.0,50000.0,32325.0,33333.0,42000.0,35000.0,40000.0,42000.0,,44667.0,42000.0,24333.0,37500.0,46000.0,,33500.0,45000.0,32250.0,51250.0,30500.0,33000.0,45667.0,45000.0,40000.0,48333.0,35000.0
2025-02-12,,40000.0,50000.0,35000.0,37000.0,33333.0,46250.0,50000.0,30825.0,31667.0,41000.0,35000.0,40000.0,38667.0,,40000.0,42000.0,24333.0,36000.0,45333.0,,32500.0,41667.0,32250.0,51250.0,28500.0,35000.0,41667.0,45000.0,40000.0,43333.0,37000.0
2025-02-13,,40000.0,50000.0,25000.0,37000.0,34333.0,43750.0,49667.0,30400.0,31667.0,40000.0,35000.0,40000.0,38667.0,,40000.0,42000.0,24333.0,36000.0,43667.0,,32500.0,37000.0,31000.0,51250.0,27500.0,35000.0,39667.0,44667.0,40000.0,43333.0,35167.0
2025-02-14,,40000.0,46667.0,30000.0,37000.0,34000.0,118750.0,49333.0,32900.0,32000.0,41000.0,35000.0,40000.0,40000.0,,40000.0,42000.0,24333.0,36000.0,42667.0,,34000.0,37000.0,30000.0,51250.0,36000.0,31667.0,39333.0,44667.0,40000.0,45000.0,35000.0
2025-02-15,,40000.0,46667.0,30000.0,37000.0,36333.0,118750.0,49333.0,34400.0,32000.0,40600.0,35000.0,39333.0,40000.0,,38333.0,42000.0,24333.0,36000.0,42667.0,,34000.0,37000.0,32500.0,53750.0,36000.0,31667.0,39333.0,44667.0,40000.0,45000.0,34500.0
2025-02-16,,40000.0,46667.0,30000.0,37000.0,34667.0,40750.0,49667.0,35075.0,32000.0,40600.0,35000.0,38667.0,41000.0,,38000.0,42000.0,24333.0,36000.0,42667.0,,34000.0,37000.0,32502.0,53750.0,33000.0,33667.0,39333.0,44667.0,40000.0,45000.0,37000.0
2025-02-17,,42500.0,46667.0,30000.0,36667.0,36667.0,43250.0,49667.0,34325.0,34000.0,42000.0,37000.0,38667.0,41000.0,,39333.0,42000.0,27667.0,36000.0,43333.0,,35000.0,37667.0,39500.0,45000.0,35500.0,34000.0,40000.0,41333.0,40000.0,45000.0,37833.0
2025-02-18,,42500.0,46667.0,30000.0,38333.0,39333.0,40750.0,49667.0,35825.0,34000.0,43200.0,37000.0,40667.0,39000.0,,39333.0,34000.0,29333.0,38500.0,43333.0,,36000.0,37667.0,39500.0,45000.0,38000.0,36667.0,41667.0,39667.0,40000.0,45000.0,39000.0
2025-02-19,,42500.0,46667.0,35000.0,36667.0,40000.0,43250.0,49667.0,38325.0,38000.0,42000.0,37667.0,40667.0,41667.0,,44000.0,34000.0,29333.0,38500.0,42667.0,,35500.0,37667.0,39000.0,45000.0,36500.0,37667.0,43333.0,39833.0,40000.0,45000.0,40667.0
2025-02-20,,42500.0,46667.0,35000.0,36667.0,40667.0,43250.0,49667.0,40000.0,38000.0,42000.0,40667.0,45000.0,41667.0,,46333.0,35500.0,30000.0,38500.0,41667.0,,38000.0,39333.0,40250.0,47750.0,42500.0,42667.0,44000.0,39833.0,40000.0,39667.0,41500.0
2025-02-21,,42500.0,46667.0,35000.0,36667.0,41667.0,42000.0,50000.0,42000.0,40000.0,42000.0,40667.0,45000.0,41333.0,,46333.0,35500.0,30000.0,39500.0,41667.0,,38500.0,39333.0,43500.0,46875.0,42000.0,45000.0,45667.0,41500.0,40000.0,39667.0,44333.0
2025-02-22,,42500.0,46667.0,35000.0,36667.0,41667.0,42000.0,50000.0,42250.0,40000.0,43000.0,45000.0,45000.0,42333.0,,46500.0,35500.0,30000.0,39500.0,41667.0,,38500.0,40000.0,43750.0,46875.0,40000.0,45667.0,45667.0,41500.0,40000.0,39667.0,44333.0
2025-02-23,,42500.0,46667.0,40000.0,36667.0,41667.0,43250.0,50333.0,42250.0,40000.0,43000.0,45000.0,45000.0,42333.0,,47167.0,35500.0,30000.0,39500.0,41667.0,,40000.0,40000.0,43250.0,48125.0,45000.0,45000.0,45667.0,41500.0,40000.0,39667.0,45000.0
2025-02-24,,41000.0,50000.0,40000.0,40000.0,41667.0,42000.0,49667.0,42250.0,45000.0,43400.0,45667.0,48333.0,43333.0,,49000.0,35500.0,30000.0,44500.0,43333.0,,42000.0,35333.0,47500.0,47500.0,45500.0,46667.0,49333.0,43833.0,40000.0,43000.0,48167.0
2025-02-25,,41000.0,50000.0,40000.0,41667.0,41667.0,42000.0,49667.0,42250.0,45000.0,43000.0,46667.0,50000.0,43333.0,,50667.0,43500.0,30000.0,44500.0,46000.0,,42500.0,35333.0,47250.0,47500.0,45500.0,49000.0,47333.0,46500.0,45000.0,40000.0,46500.0
2025-02-26,,41000.0,56667.0,45000.0,41667.0,46667.0,42000.0,50000.0,42650.0,45000.0,45000.0,46000.0,50000.0,45333.0,,51000.0,43500.0,30000.0,44500.0,46667.0,,42500.0,44000.0,48500.0,54375.0,46500.0,50000.0,47333.0,49333.0,45000.0,43333.0,48333.0
2025-02-27,,41000.0,56667.0,45000.0,43333.0,46667.0,42000.0,49667.0,42650.0,45000.0,45000.0,45667.0,49333.0,45333.0,,52000.0,43500.0,30000.0,54000.0,46667.0,,43000.0,44000.0,47000.0,55625.0,44500.0,51667.0,47333.0,49333.0,45000.0,43333.0,47667.0
2025-02-28,,41000.0,57667.0,50000.0,43333.0,46000.0,42000.0,49667.0,42000.0,45000.0,45800.0,46667.0,48333.0,47667.0,,52000.0,43500.0,30000.0,51500.0,46667.0,,41000.0,44000.0,47000.0,57500.0,44500.0,47333.0,49000.0,55167.0,45000.0,43333.0,51000.0
2025-03-01,,41000.0,57667.0,50000.0,43333.0,44333.0,43250.0,49667.0,42000.0,45000.0,45800.0,46667.0,48333.0,47667.0,,51000.0,43500.0,30667.0,51000.0,46667.0,,41000.0,44000.0,47000.0,58750.0,44500.0,47333.0,49000.0,52667.0,45000.0,45000.0,52500.0
2025-03-02,,41000.0,57667.0,50000.0,43333.0,48000.0,43250.0,49667.0,43900.0,45000.0,47000.0,46667.0,46667.0,47667.0,,60333.0,43500.0,30667.0,54000.0,50000.0,,42000.0,44000.0,43750.0,57500.0,43500.0,55000.0,48667.0,52667.0,45000.0,45000.0,62500.0
2025-03-03,,42500.0,60000.0,50000.0,44333.0,55000.0,45750.0,49667.0,45125.0,46667.0,49000.0,55000.0,51667.0,53667.0,,67667.0,43500.0,30667.0,65000.0,61667.0,,45500.0,47000.0,46000.0,61125.0,49000.0,56667.0,51333.0,64333.0,55000.0,48333.0,64500.0
2025-03-04,,42500.0,60000.0,58000.0,46667.0,51667.0,45750.0,49667.0,44500.0,47333.0,55000.0,55000.0,50000.0,57000.0,,62000.0,43500.0,32000.0,65000.0,62333.0,,45000.0,49333.0,46000.0,64250.0,49000.0,57333.0,49667.0,62333.0,55000.0,46667.0,59167.0
2025-03-05,,42500.0,60000.0,58000.0,46667.0,50000.0,45750.0,49667.0,44150.0,47333.0,57000.0,54000.0,50000.0,52667.0,,57667.0,50000.0,32000.0,50000.0,63333.0,,42500.0,50667.0,46000.0,63750.0,41500.0,54333.0,49333.0,63333.0,52000.0,46667.0,52500.0
2025-03-06,,42500.0,58333.0,50000.0,46667.0,45000.0,45750.0,49667.0,41250.0,42667.0,47000.0,52333.0,44000.0,52667.0,,55667.0,50000.0,32000.0,50000.0,60000.0,,34000.0,53333.0,47500.0,61875.0,40500.0,54000.0,48667.0,62500.0,50000.0,43333.0,49167.0
2025-03-07,,42500.0,58333.0,45000.0,45000.0,41667.0,45750.0,51333.0,39150.0,38000.0,48400.0,48000.0,41667.0,46333.0,,50000.0,50000.0,32000.0,45000.0,59333.0,,32000.0,36667.0,47500.0,59375.0,40500.0,43333.0,45333.0,61667.0,48000.0,41667.0,42667.0
2025-03-08,,42500.0,58333.0,45000.0,45000.0,33333.0,45750.0,51333.0,36250.0,38000.0,48400.0,39333.0,40000.0,44667.0,,48333.0,50000.0,32000.0,45000.0,59333.0,,29500.0,36667.0,45250.0,54375.0,37500.0,38333.0,45333.0,60500.0,48000.0,41667.0,41833.0
2025-03-09,,37500.0,58333.0,45000.0,45000.0,34333.0,45750.0,51333.0,32500.0,38000.0,48400.0,39333.0,37667.0,44667.0,,48333.0,50000.0,32000.0,39500.0,59333.0,,34000.0,36667.0,38750.0,54375.0,32000.0,38000.0,42000.0,60500.0,48000.0,41667.0,41667.0
2025-03-10,,30000.0,56667.0,30000.0,32667.0,34000.0,45750.0,51667.0,33900.0,32333.0,40600.0,39333.0,38333.0,39000.0,,42000.0,50000.0,32000.0,40000.0,53667.0,,34000.0,39333.0,33750.0,45000.0,30000.0,37000.0,43333.0,55500.0,30000.0,36667.0,43500.0
2025-03-11,,30000.0,56667.0,32000.0,36667.0,38333.0,38250.0,51667.0,32250.0,32333.0,37600.0,38667.0,41000.0,39000.0,,39667.0,33000.0,32000.0,40000.0,53667.0,,31500.0,38333.0,32500.0,45000.0,35000.0,39000.0,46667.0,53000.0,30000.0,36667.0,42667.0
2025-03-12,,30000.0,48333.0,32000.0,36667.0,38333.0,38250.0,51667.0,33250.0,32333.0,34600.0,38667.0,39333.0,37333.0,,41333.0,33000.0,32000.0,37500.0,50333.0,,33000.0,38333.0,32500.0,47500.0,35000.0,43333.0,45000.0,49667.0,30000.0,38333.0,42667.0
2025-03-13,,30000.0,48333.0,35000.0,36667.0,38333.0,38250.0,50000.0,32500.0,32333.0,38000.0,40000.0,37667.0,37333.0,,43000.0,33000.0,32000.0,37500.0,49667.0,,30500.0,38667.0,33250.0,45500.0,36000.0,41667.0,45000.0,49667.0,35000.0,36667.0,42333.0
2025-03-14,,30000.0,45000.0,37000.0,36667.0,36667.0,38250.0,50000.0,33000.0,33667.0,38000.0,39333.0,40000.0,37333.0,,43000.0,33000.0,32000.0,37500.0,47333.0,,28500.0,38667.0,33500.0,46250.0,32500.0,41333.0,43333.0,49667.0,35000.0,36667.0,41833.0
2025-03-15,,30000.0,45000.0,37000.0,36667.0,36667.0,36250.0,50000.0,32650.0,33667.0,38000.0,39333.0,38333.0,37333.0,,39667.0,33000.0,32000.0,37500.0,47333.0,,28500.0,38667.0,33500.0,46250.0,34500.0,41333.0,43333.0,49667.0,35000.0,38333.0,41833.0
2025-03-16,,30000.0,45000.0,37000.0,36667.0,38333.0,36250.0,50000.0,33650.0,33667.0,38000.0,38000.0,38333.0,37333.0,,41833.0,33000.0,32000.0,37500.0,47333.0,,35000.0,38667.0,33500.0,45000.0,34500.0,40333.0,44000.0,49667.0,35000.0,36667.0,41833.0
2025-03-17,,40000.0,42500.0,32000.0,30000.0,37333.0,36250.0,50000.0,32400.0,36000.0,38000.0,38000.0,38667.0,37333.0,,48000.0,33000.0,32000.0,37500.0,46000.0,,32000.0,36000.0,34750.0,43750.0,32500.0,39667.0,36667.0,49667.0,33000.0,36667.0,39500.0
2025-03-18,,40000.0,42500.0,32000.0,36667.0,39000.0,36250.0,50000.0,33900.0,36000.0,38000.0,38667.0,40000.0,40000.0,,40667.0,33000.0,32000.0,37500.0,46000.0,,34000.0,35000.0,34750.0,43750.0,34500.0,41667.0,38333.0,47167.0,33000.0,35000.0,38167.0
2025-03-19,,40000.0,42500.0,32000.0,38333.0,43000.0,36250.0,50000.0,37900.0,44667.0,38000.0,42000.0,43667.0,41667.0,,42333.0,33000.0,33000.0,37500.0,45000.0,,36500.0,36000.0,35750.0,50000.0,37500.0,44000.0,40000.0,47167.0,33000.0,35000.0,40000.0
2025-03-20,,40000.0,42500.0,37000.0,40000.0,46333.0,36250.0,50000.0,45400.0,44667.0,38000.0,44333.0,47667.0,41667.0,,43000.0,33000.0,33000.0,37500.0,45000.0,,37500.0,35000.0,45250.0,46250.0,37500.0,44000.0,43667.0,47167.0,33000.0,35000.0,43500.0
2025-03-21,,40000.0,45000.0,37000.0,40333.0,48667.0,31250.0,50333.0,44750.0,51667.0,38000.0,48667.0,47667.0,50000.0,,45000.0,44500.0,33000.0,37500.0,45000.0,,41000.0,35000.0,47000.0,46250.0,40500.0,46667.0,43667.0,42167.0,33000.0,35000.0,44000.0
2025-03-22,,40000.0,45000.0,37000.0,40333.0,48667.0,31250.0,50333.0,44500.0,51667.0,39000.0,50667.0,45000.0,51000.0,,46000.0,44500.0,33000.0,40000.0,45667.0,,40000.0,35000.0,47000.0,46250.0,39500.0,45667.0,43667.0,44667.0,33000.0,35000.0,43167.0
2025-03-23,,40000.0,45000.0,37000.0,41000.0,47667.0,31250.0,50667.0,45000.0,51667.0,38000.0,48000.0,45000.0,51000.0,,46667.0,44500.0,32000.0,40000.0,45667.0,,47500.0,35000.0,45750.0,46250.0,40500.0,45667.0,43667.0,43833.0,33000.0,35000.0,42333.0
2025-03-24,,42500.0,45000.0,37000.0,43333.0,46333.0,31250.0,50000.0,45500.0,52333.0,40000.0,47333.0,46000.0,51000.0,,45000.0,42500.0,32000.0,40000.0,45667.0,,47500.0,38333.0,47000.0,43750.0,45500.0,44667.0,43333.0,49167.0,37000.0,36667.0,45667.0
2025-03-25,,42500.0,47500.0,40000.0,42667.0,49333.0,31250.0,50000.0,45500.0,52333.0,40200.0,50000.0,50000.0,51000.0,,46667.0,42500.0,31000.0,42500.0,45000.0,,45000.0,44000.0,45750.0,47500.0,46000.0,47667.0,44667.0,47833.0,38000.0,36667.0,44500.0
2025-03-26,,42500.0,50000.0,50000.0,42667.0,48333.0,31250.0,50333.0,45500.0,51000.0,40200.0,50000.0,50000.0,51000.0,,47333.0,42500.0,31000.0,47500.0,45000.0,,45000.0,43000.0,45750.0,54375.0,46000.0,50667.0,44667.0,48333.0,38000.0,36667.0,44333.0
2025-03-27,,50000.0,52500.0,50000.0,42667.0,49333.0,31250.0,50667.0,48500.0,57333.0,41000.0,50000.0,55000.0,51000.0,,47333.0,42500.0,31000.0,47500.0,45000.0,,42500.0,44000.0,45750.0,54375.0,47500.0,49000.0,44667.0,48333.0,41000.0,36667.0,44833.0
2025-03-28,,50000.0,52500.0,50000.0,42667.0,50000.0,31250.0,50667.0,47750.0,55667.0,41000.0,51333.0,55000.0,51000.0,,47500.0,42500.0,31000.0,47500.0,45000.0,,42500.0,44000.0,47500.0,54875.0,47500.0,49333.0,44667.0,47000.0,41000.0,39667.0,47667.0
2025-03-29,,50000.0,52500.0,50000.0,46000.0,50000.0,31250.0,50667.0,46500.0,56333.0,41000.0,50000.0,54000.0,51000.0,,48333.0,42500.0,31000.0,47500.0,46667.0,,42500.0,44000.0,48750.0,54125.0,44500.0,51000.0,45333.0,49000.0,41000.0,39667.0,49333.0
2025-03-30,,50000.0,52500.0,50000.0,46667.0,61000.0,31250.0,50667.0,49250.0,56333.0,41000.0,54667.0,70000.0,51000.0,,50000.0,42500.0,31000.0,47500.0,46667.0,,42500.0,44000.0,50000.0,54875.0,48000.0,53333.0,45333.0,49000.0,41000.0,39667.0,50000.0
2025-03-31,,50000.0,52500.0,50000.0,46667.0,61000.0,31250.0,50667.0,49250.0,56333.0,38000.0,54667.0,70000.0,51000.0,,50000.0,42500.0,31000.0,47500.0,46667.0,,42500.0,44000.0,50000.0,55250.0,48000.0,53333.0,45333.0,49000.0,41000.0,39667.0,50000.0
2025-04-01,,65000.0,52500.0,50000.0,46667.0,61000.0,31250.0,50667.0,49250.0,56333.0,38000.0,54667.0,85000.0,51000.0,,49333.0,42500.0,31000.0,47500.0,46667.0,,42500.0,44000.0,55000.0,53000.0,54000.0,53333.0,45333.0,49000.0,41000.0,39667.0,50000.0
2025-04-02,,55000.0,52500.0,50000.0,58333.0,76667.0,31250.0,50333.0,49250.0,56333.0,38000.0,66667.0,60000.0,51000.0,,53667.0,42500.0,31000.0,47500.0,46667.0,,47500.0,44000.0,53750.0,52750.0,60000.0,71667.0,45333.0,49000.0,41000.0,39667.0,50000.0
2025-04-03,,42500.0,52500.0,50000.0,53333.0,71667.0,31250.0,50333.0,49250.0,56333.0,39000.0,50000.0,56667.0,51000.0,,51000.0,42500.0,31000.0,47500.0,45000.0,,46500.0,44000.0,53750.0,49000.0,45500.0,71667.0,44667.0,49000.0,41000.0,39667.0,54667.0
2025-04-04,,42500.0,52500.0,50000.0,53333.0,54667.0,31250.0,50333.0,41250.0,56333.0,39000.0,41000.0,48333.0,47333.0,,52333.0,42500.0,31000.0,45000.0,45000.0,,46500.0,44000.0,48750.0,45500.0,44500.0,53333.0,42000.0,49000.0,41000.0,39667.0,49333.0
2025-04-05,,45000.0,52500.0,30000.0,53333.0,51000.0,31250.0,50000.0,38500.0,56333.0,36200.0,41000.0,50000.0,47333.0,,40667.0,42500.0,31000.0,45000.0,45000.0,,33500.0,44000.0,48750.0,45500.0,43500.0,46667.0,40333.0,47333.0,41000.0,39667.0,48333.0
2025-04-06,,45000.0,52500.0,30000.0,40000.0,41333.0,31250.0,50000.0,39000.0,56333.0,35800.0,41667.0,41667.0,45667.0,,44000.0,42500.0,31000.0,45000.0,45000.0,,43500.0,44000.0,45000.0,44750.0,40000.0,45000.0,40333.0,47333.0,41000.0,39667.0,46667.0
2025-04-07,,45000.0,52500.0,28000.0,40000.0,39667.0,31250.0,50000.0,39500.0,56333.0,35600.0,41000.0,45000.0,45667.0,,44000.0,42500.0,31067.0,40000.0,45000.0,,36000.0,43000.0,42500.0,47250.0,35000.0,40000.0,46333.0,45667.0,41000.0,36333.0,45000.0
2025-04-08,,40000.0,45000.0,28000.0,40000.0,42667.0,31250.0,50000.0,42750.0,51667.0,36600.0,44333.0,45000.0,44000.0,,44000.0,42500.0,31333.0,38000.0,45000.0,,40000.0,45000.0,40250.0,48750.0,35000.0,42667.0,46667.0,43667.0,39000.0,36333.0,46667.0
2025-04-09,,45000.0,45000.0,30000.0,40000.0,45667.0,31250.0,50333.0,45250.0,51667.0,40000.0,41333.0,44333.0,49667.0,,41667.0,42500.0,30667.0,38000.0,43333.0,,42500.0,45000.0,42750.0,48750.0,36000.0,46333.0,46000.0,43167.0,40000.0,36333.0,45000.0
2025-04-10,,42500.0,47500.0,30000.0,41667.0,49333.0,31250.0,50333.0,46750.0,46000.0,39000.0,47000.0,44333.0,49667.0,,36333.0,42500.0,30667.0,43000.0,43333.0,,44000.0,45000.0,42750.0,48750.0,45000.0,37667.0,48333.0,43167.0,40000.0,36333.0,41667.0
2025-04-11,,42500.0,47500.0,28000.0,41667.0,48000.0,31250.0,50333.0,47750.0,46000.0,34000.0,48333.0,50000.0,49667.0,,33333.0,42500.0,30667.0,40500.0,43333.0,,44000.0,45000.0,42500.0,48750.0,40000.0,49333.0,44333.0,43167.0,40000.0,38000.0,47500.0
2025-04-12,,42500.0,47500.0,28000.0,45000.0,50667.0,31250.0,50333.0,50250.0,46000.0,34000.0,49333.0,53333.0,48000.0,,32667.0,42500.0,30667.0,40500.0,43333.0,,44000.0,45000.0,43750.0,49000.0,44000.0,52333.0,46667.0,43167.0,40000.0,39667.0,45000.0
2025-04-13,,42500.0,47500.0,28000.0,45000.0,50000.0,31250.0,50333.0,51250.0,46000.0,35000.0,50000.0,50000.0,49333.0,,38000.0,52000.0,30667.0,40500.0,40000.0,,44000.0,45000.0,41750.0,45250.0,44000.0,52333.0,45000.0,43167.0,40000.0,36333.0,48000.0
2025-04-14,,50000.0,47500.0,26000.0,45000.0,55000.0,31250.0,50333.0,51900.0,55333.0,38000.0,50000.0,53333.0,49333.0,,36667.0,52000.0,30667.0,38000.0,39000.0,,48500.0,44333.0,48750.0,40000.0,48000.0,52667.0,44667.0,42833.0,40000.0,36333.0,48000.0
2025-04-15,,50000.0,47500.0,26000.0,45000.0,58333.0,31250.0,50333.0,55750.0,55333.0,33400.0,50000.0,52667.0,49333.0,,38333.0,55000.0,30667.0,38000.0,39000.0,,50500.0,44333.0,47500.0,40000.0,49000.0,57333.0,44667.0,43167.0,40000.0,38000.0,47500.0
2025-04-16,,50000.0,47500.0,26000.0,45000.0,58333.0,31250.0,50000.0,57500.0,55333.0,34400.0,50667.0,58333.0,52667.0,,39000.0,55000.0,30667.0,38000.0,37667.0,,51000.0,46667.0,50000.0,43375.0,50000.0,59000.0,48667.0,43667.0,40000.0,38000.0,45833.0
2025-04-17,,47500.0,47500.0,26000.0,40000.0,56000.0,31250.0,50000.0,56875.0,56000.0,36400.0,50000.0,57667.0,52667.0,,39000.0,55000.0,30667.0,34000.0,34333.0,,49000.0,46667.0,52500.0,40625.0,40000.0,62333.0,52000.0,43667.0,40000.0,38000.0,44000.0
2025-04-18,,47500.0,47500.0,34000.0,40000.0,56667.0,31250.0,50000.0,56750.0,56000.0,36400.0,50000.0,58333.0,52667.0,,39667.0,55000.0,30667.0,34000.0,33667.0,,49000.0,46667.0,52500.0,39375.0,44000.0,55000.0,52000.0,43667.0,40000.0,38000.0,44000.0
2025-04-19,,47500.0,47500.0,34000.0,40000.0,54667.0,31250.0,50000.0,56500.0,56000.0,37600.0,50000.0,60000.0,52667.0,,38000.0,57500.0,30667.0,34000.0,32667.0,,49000.0,45000.0,50750.0,39375.0,54000.0,55000.0,52000.0,43667.0,40000.0,38000.0,45667.0
2025-04-20,,47500.0,47500.0,34000.0,40000.0,53333.0,30000.0,49667.0,53750.0,56000.0,37000.0,50000.0,60000.0,52667.0,,38000.0,59000.0,30667.0,39000.0,32667.0,,51500.0,45000.0,52000.0,40125.0,52000.0,53333.0,52000.0,43833.0,40000.0,38000.0,44833.0
2025-04-21,,45000.0,45000.0,30000.0,43667.0,51667.0,30000.0,49667.0,54150.0,55333.0,40400.0,49333.0,55000.0,46333.0,,39000.0,59000.0,30667.0,39000.0,32667.0,,47000.0,47667.0,46250.0,40125.0,45500.0,50000.0,48667.0,44000.0,43000.0,36333.0,46500.0
2025-04-22,,45000.0,45000.0,26000.0,47000.0,50000.0,30000.0,49667.0,50500.0,55333.0,40000.0,47667.0,55000.0,48000.0,,39000.0,59000.0,32000.0,39000.0,32667.0,,46500.0,47667.0,45250.0,46125.0,45500.0,48333.0,47667.0,44000.0,43000.0,36333.0,44833.0
2025-04-23,,42500.0,45000.0,26000.0,45000.0,48333.0,28750.0,46333.0,50250.0,53333.0,39000.0,49333.0,55000.0,48000.0,,35667.0,58500.0,32000.0,36500.0,34333.0,,48500.0,51667.0,42500.0,49250.0,46500.0,45000.0,47667.0,49500.0,43000.0,36333.0,49167.0
2025-04-24,,42500.0,45000.0,32000.0,41667.0,45000.0,28750.0,46333.0,48000.0,53333.0,39000.0,47000.0,50667.0,44667.0,,38667.0,55000.0,31667.0,39000.0,34333.0,,44000.0,53333.0,41250.0,47500.0,47000.0,47667.0,47667.0,49167.0,43000.0,36333.0,49500.0
2025-04-25,,42500.0,45000.0,32000.0,41667.0,45000.0,28750.0,46333.0,44250.0,48333.0,39000.0,47000.0,50667.0,44667.0,,38667.0,55000.0,31667.0,38500.0,35000.0,,41500.0,45000.0,38750.0,43750.0,49000.0,41000.0,47000.0,49167.0,43000.0,36333.0,45333.0
2025-04-26,,42500.0,45000.0,32000.0,41667.0,43333.0,28750.0,41000.0,38750.0,48333.0,39000.0,40000.0,46000.0,44667.0,,38333.0,55000.0,31667.0,38500.0,35000.0,,41500.0,45000.0,38750.0,43750.0,49000.0,38333.0,46000.0,49167.0,43000.0,34667.0,40833.0
2025-04-27,,42500.0,45000.0,32000.0,38333.0,41667.0,28750.0,41000.0,34500.0,48333.0,32800.0,36667.0,40000.0,42000.0,,35667.0,55000.0,31667.0,38500.0,35000.0,,37500.0,45000.0,40000.0,45000.0,41500.0,34000.0,44333.0,52167.0,43000.0,34667.0,40000.0
2025-04-28,,37500.0,43333.0,18000.0,33333.0,39000.0,27500.0,41000.0,37150.0,39000.0,32800.0,36667.0,38000.0,38667.0,,34333.0,45000.0,31667.0,38500.0,35000.0,,33500.0,35000.0,37250.0,42500.0,33500.0,33000.0,37333.0,53000.0,40000.0,34667.0,41500.0
2025-04-29,,37500.0,43333.0,28000.0,33333.0,39000.0,27500.0,41000.0,37500.0,39000.0,34000.0,34667.0,35667.0,38667.0,,33667.0,37500.0,31333.0,36000.0,35000.0,,32500.0,35000.0,36000.0,42500.0,33500.0,31667.0,37667.0,53000.0,40000.0,33000.0,39500.0
2025-04-30,,37500.0,41667.0,28000.0,33333.0,40000.0,27500.0,40667.0,36750.0,36000.0,33400.0,34667.0,35667.0,38667.0,,33667.0,37500.0,31333.0,36000.0,35000.0,,31000.0,35000.0,35500.0,45000.0,31000.0,31667.0,37333.0,53000.0,40000.0,33000.0,36000.0
2025-05-01,,37500.0,41667.0,28000.0,33333.0,40000.0,27500.0,40333.0,36650.0,36000.0,33400.0,35000.0,35667.0,38667.0,,33667.0,37500.0,31333.0,34000.0,34333.0,,31000.0,35000.0,35500.0,41250.0,30000.0,35000.0,37667.0,52333.0,40000.0,33000.0,38000.0
2025-05-02,,35000.0,41667.0,28000.0,33333.0,34000.0,27500.0,40333.0,34900.0,36000.0,32600.0,35000.0,34333.0,35667.0,,35333.0,37500.0,31333.0,33500.0,34333.0,,31000.0,35667.0,35500.0,41250.0,30000.0,32333.0,38000.0,46333.0,40000.0,34667.0,38500.0
2025-05-03,,35000.0,41667.0,28000.0,33333.0,34000.0,27500.0,40333.0,35750.0,36000.0,32600.0,35000.0,34333.0,35667.0,,33667.0,39000.0,31333.0,34000.0,34000.0,,31000.0,36333.0,35500.0,39750.0,33500.0,33333.0,38000.0,46333.0,40000.0,34667.0,38000.0
2025-05-04,,32500.0,41667.0,28000.0,33333.0,34000.0,27500.0,40333.0,34250.0,36000.0,32600.0,35000.0,35333.0,35333.0,,33667.0,39000.0,31333.0,34000.0,34000.0,,32500.0,36333.0,35500.0,36250.0,32000.0,33333.0,37667.0,46333.0,40000.0,34667.0,36333.0
2025-05-05,,37500.0,35000.0,28000.0,33333.0,34000.0,29500.0,40333.0,34150.0,36667.0,32600.0,35000.0,35333.0,36000.0,,37000.0,39000.0,31333.0,32500.0,34000.0,,32000.0,35000.0,35500.0,35500.0,31000.0,31333.0,37667.0,44833.0,40000.0,34667.0,36833.0
2025-05-06,,37500.0,35000.0,28000.0,33333.0,34000.0,29500.0,38667.0,33650.0,36667.0,32400.0,35000.0,35333.0,36000.0,,37000.0,39000.0,31333.0,32500.0,34000.0,,32000.0,35000.0,35500.0,34250.0,30000.0,33000.0,38000.0,42833.0,40000.0,34667.0,38167.0
2025-05-07,,35000.0,35000.0,24000.0,29333.0,33667.0,28250.0,38667.0,35075.0,38333.0,33400.0,33667.0,35333.0,36333.0,,38667.0,39000.0,31333.0,32500.0,34000.0,,30500.0,34333.0,35500.0,34250.0,30000.0,31333.0,37667.0,42833.0,40000.0,36333.0,35833.0
2025-05-08,,35000.0,35000.0,24000.0,29333.0,33667.0,28250.0,37333.0,35400.0,38333.0,33400.0,33667.0,35333.0,36333.0,,33667.0,39000.0,31333.0,32500.0,34000.0,,31500.0,35000.0,33250.0,34250.0,30000.0,31333.0,36000.0,38167.0,40000.0,36333.0,37500.0
2025-05-09,,35000.0,35000.0,24000.0,29333.0,33667.0,30000.0,37333.0,36150.0,35000.0,32400.0,33667.0,35333.0,36333.0,,33000.0,39000.0,31333.0,31000.0,34000.0,,31000.0,35000.0,33250.0,34000.0,30000.0,32333.0,35667.0,38167.0,40000.0,36333.0,36167.0
2025-05-10,,35000.0,35000.0,24000.0,29333.0,33667.0,30000.0,37333.0,36150.0,35000.0,31400.0,33667.0,38000.0,36333.0,,33000.0,39000.0,31333.0,31000.0,34667.0,,31000.0,35000.0,34750.0,34250.0,30000.0,32667.0,36667.0,38167.0,40000.0,36333.0,35167.0
2025-05-11,,35000.0,35000.0,24000.0,29333.0,33667.0,30000.0,37333.0,36150.0,35000.0,30000.0,33667.0,39333.0,36333.0,,33000.0,37500.0,31333.0,31500.0,34667.0,,30000.0,35000.0,34750.0,37000.0,30000.0,31667.0,35333.0,36333.0,40000.0,36333.0,37167.0
2025-05-12,,35000.0,35000.0,24000.0,29333.0,33333.0,30000.0,37333.0,36250.0,35000.0,30000.0,33667.0,38667.0,36000.0,,31667.0,37500.0,31333.0,31500.0,32667.0,,30000.0,35000.0,34750.0,37000.0,30000.0,29333.0,35667.0,36333.0,40000.0,36333.0,34833.0
2025-05-13,,35000.0,35000.0,24000.0,30667.0,33333.0,30000.0,37333.0,35650.0,35000.0,29000.0,33667.0,39333.0,36000.0,,31667.0,37500.0,31333.0,31500.0,32667.0,,30000.0,35000.0,34750.0,38250.0,27500.0,29667.0,35333.0,31500.0,40000.0,36333.0,34167.0
2025-05-14,,35000.0,35000.0,24000.0,28000.0,31667.0,28750.0,35667.0,32900.0,31333.0,30000.0,33667.0,38667.0,34333.0,,31667.0,36000.0,31333.0,31500.0,32000.0,,28500.0,32333.0,32750.0,39250.0,26500.0,28000.0,35667.0,31500.0,30000.0,38000.0,34167.0
2025-05-15,,35000.0,35000.0,24000.0,24333.0,31333.0,28750.0,35667.0,32625.0,31333.0,29200.0,33667.0,35000.0,34333.0,,31667.0,36000.0,31333.0,31500.0,32000.0,,28500.0,30000.0,31250.0,39000.0,27000.0,29000.0,35667.0,31500.0,30000.0,38000.0,33833.0
2025-05-16,,35000.0,35000.0,24000.0,23667.0,31333.0,27000.0,35667.0,32750.0,32333.0,29200.0,33667.0,35000.0,33333.0,,31000.0,36000.0,31333.0,31500.0,32000.0,,28500.0,32667.0,30750.0,41000.0,29000.0,28000.0,36000.0,31500.0,30000.0,36333.0,33000.0
2025-05-17,,35000.0,35000.0,24000.0,23667.0,31333.0,27000.0,35667.0,32000.0,32333.0,30200.0,31667.0,34333.0,33333.0,,31000.0,36000.0,31333.0,30500.0,31333.0,,28500.0,32667.0,30000.0,41000.0,28000.0,28000.0,35667.0,32333.0,30000.0,36333.0,33500.0
2025-05-18,,35000.0,35000.0,24000.0,23667.0,30667.0,27000.0,35667.0,33000.0,32333.0,30200.0,32667.0,34333.0,33333.0,,31000.0,36000.0,31333.0,30500.0,31333.0,,28500.0,32667.0,30000.0,39000.0,28000.0,28000.0,35667.0,32333.0,30000.0,36333.0,33500.0
2025-05-19,,32500.0,35000.0,24000.0,25333.0,30000.0,27500.0,35667.0,31750.0,33000.0,30200.0,30000.0,35000.0,33333.0,,29000.0,34500.0,31333.0,30000.0,31333.0,,30500.0,33667.0,31000.0,39000.0,25500.0,28333.0,37667.0,32333.0,30000.0,36333.0,32333.0
2025-05-20,,32500.0,35000.0,24000.0,25333.0,25333.0,27500.0,35667.0,31000.0,33000.0,30200.0,30667.0,34000.0,33333.0,,29000.0,34500.0,31333.0,30000.0,31333.0,,30500.0,34333.0,31000.0,43250.0,24500.0,26500.0,37667.0,32333.0,30000.0,34667.0,32333.0
2025-05-21,,32500.0,35000.0,24000.0,27000.0,25333.0,27500.0,34333.0,28825.0,33000.0,28800.0,30000.0,33333.0,33333.0,,31667.0,34500.0,31333.0,30000.0,30667.0,,30000.0,35000.0,29750.0,39250.0,24500.0,27667.0,38333.0,32333.0,30000.0,34667.0,31833.0
2025-05-22,,32500.0,35000.0,24000.0,27000.0,25333.0,27500.0,34333.0,29825.0,33000.0,28200.0,30667.0,35000.0,34000.0,,30000.0,34500.0,31333.0,27500.0,30667.0,,26000.0,33000.0,29750.0,36750.0,24000.0,28000.0,38333.0,31667.0,30000.0,34667.0,31333.0
2025-05-23,,32500.0,35000.0,24000.0,27000.0,23667.0,27500.0,34667.0,29500.0,33000.0,28200.0,31333.0,35000.0,34000.0,,30000.0,34500.0,31333.0,27500.0,30667.0,,24000.0,33000.0,29750.0,33750.0,24000.0,27333.0,37667.0,30833.0,30000.0,34667.0,32000.0
2025-05-24,,32500.0,35000.0,24000.0,27000.0,23667.0,27500.0,34667.0,28500.0,33000.0,28200.0,31333.0,35000.0,34000.0,,30000.0,34500.0,31333.0,27500.0,30000.0,,24000.0,34000.0,29750.0,33750.0,24500.0,27667.0,37667.0,30833.0,30000.0,34667.0,30833.0
2025-05-25,,32500.0,35000.0,24000.0,27000.0,23667.0,27500.0,34667.0,28750.0,33000.0,28200.0,31333.0,35000.0,34000.0,,31333.0,32500.0,31333.0,27500.0,30000.0,,24000.0,34000.0,29500.0,33750.0,24500.0,27667.0,37667.0,30833.0,30000.0,34667.0,30833.0
2025-05-26,,30000.0,35000.0,26000.0,23000.0,24000.0,26000.0,34667.0,25825.0,29000.0,27600.0,30667.0,34333.0,32333.0,,31667.0,30000.0,31333.0,26500.0,30000.0,,24000.0,35333.0,25250.0,31250.0,24000.0,27667.0,33000.0,31667.0,30000.0,34667.0,29667.0
2025-05-27,,30000.0,35000.0,26000.0,25333.0,24333.0,26000.0,33000.0,25250.0,29000.0,28200.0,30667.0,29667.0,30333.0,,31667.0,30000.0,31333.0,26500.0,30667.0,,21500.0,35333.0,25250.0,31250.0,24000.0,27000.0,33000.0,30833.0,30000.0,35333.0,29667.0
2025-05-28,,30000.0,35000.0,26000.0,26333.0,24667.0,26000.0,33000.0,26900.0,30000.0,28600.0,30667.0,29667.0,30333.0,,31667.0,30000.0,31333.0,26500.0,30667.0,,22500.0,31333.0,25250.0,33000.0,24500.0,28000.0,35667.0,30833.0,30000.0,34667.0,31500.0
2025-05-29,,30000.0,35000.0,26000.0,26333.0,24667.0,26000.0,33333.0,27000.0,30000.0,28600.0,28667.0,31333.0,30333.0,,31667.0,30000.0,31333.0,26500.0,30667.0,,22500.0,31333.0,23750.0,35000.0,24500.0,28000.0,35667.0,30833.0,30000.0,31333.0,31333.0
2025-05-30,,30000.0,35000.0,26000.0,27667.0,24667.0,26000.0,33000.0,27000.0,30000.0,28600.0,28667.0,34333.0,30333.0,,31667.0,30000.0,31333.0,25000.0,30667.0,,22500.0,31333.0,23000.0,35000.0,24500.0,28000.0,37000.0,30833.0,30000.0,31333.0,29667.0
2025-05-31,,30000.0,35000.0,26000.0,27667.0,24667.0,26000.0,33000.0,26750.0,30000.0,28600.0,28667.0,33667.0,30333.0,,31000.0,30000.0,31333.0,25000.0,30667.0,,24000.0,31333.0,23750.0,35000.0,24500.0,29000.0,37000.0,30833.0,30000.0,31333.0,30500.0
2025-06-01,,30000.0,35000.0,26000.0,27667.0,26667.0,27250.0,33000.0,30000.0,30000.0,30600.0,28667.0,31667.0,30333.0,,31000.0,30000.0,31333.0,25000.0,30667.0,,24000.0,31333.0,24250.0,36250.0,24500.0,27667.0,37000.0,30833.0,30000.0,33000.0,31667.0
2025-06-02,,29000.0,37500.0,26000.0,30333.0,30667.0,29250.0,32667.0,32250.0,30333.0,30000.0,31333.0,34000.0,32000.0,,39000.0,30000.0,31333.0,29000.0,31667.0,,25000.0,29333.0,26000.0,35625.0,28000.0,28333.0,36667.0,30833.0,35000.0,34667.0,38500.0
2025-06-03,,37500.0,37500.0,28000.0,30333.0,32667.0,34250.0,33000.0,32650.0,30333.0,30600.0,40000.0,36667.0,36667.0,,39667.0,26500.0,31333.0,34000.0,35000.0,,28000.0,33667.0,28750.0,35625.0,28000.0,36667.0,36333.0,31667.0,35000.0,34667.0,38000.0
2025-06-04,,36500.0,37500.0,36000.0,34333.0,34333.0,34250.0,44000.0,36825.0,30333.0,30000.0,40000.0,36667.0,36667.0,,40333.0,26500.0,31333.0,39000.0,35000.0,,28500.0,37333.0,28750.0,37250.0,29000.0,34333.0,38333.0,32167.0,38000.0,34667.0,37667.0
2025-06-05,,36500.0,37500.0,36000.0,38333.0,35000.0,35500.0,43667.0,34250.0,34667.0,32800.0,32333.0,36667.0,36667.0,,40333.0,26500.0,31333.0,39000.0,36667.0,,29500.0,37333.0,28750.0,37250.0,29000.0,34667.0,38000.0,33000.0,38000.0,34667.0,35500.0
2025-06-06,,36500.0,37500.0,36000.0,38333.0,35000.0,35500.0,44000.0,34250.0,34667.0,32800.0,35667.0,36667.0,36667.0,,40333.0,26500.0,31333.0,39000.0,36667.0,,29500.0,37333.0,28750.0,38500.0,28000.0,34667.0,38000.0,33000.0,38000.0,34667.0,35833.0
2025-06-07,,36500.0,37500.0,36000.0,38333.0,35667.0,35500.0,44000.0,37500.0,34667.0,32800.0,40667.0,41667.0,36667.0,,40333.0,36000.0,31333.0,39000.0,36667.0,,29500.0,37333.0,28750.0,39000.0,28000.0,33333.0,41667.0,34667.0,38000.0,34667.0,38333.0
2025-06-08,,39000.0,37500.0,36000.0,30000.0,35667.0,35500.0,44000.0,27575.0,34667.0,32800.0,37333.0,48333.0,34000.0,,45667.0,36000.0,31333.0,39000.0,36667.0,,29500.0,37333.0,29500.0,41500.0,28000.0,36000.0,41667.0,34667.0,38000.0,34667.0,41667.0
2025-06-09,,39000.0,37500.0,32000.0,30000.0,35667.0,35500.0,44000.0,33750.0,34667.0,32800.0,35667.0,35000.0,34000.0,,44000.0,36000.0,31333.0,39000.0,36667.0,,29000.0,37333.0,30750.0,44250.0,28000.0,35333.0,44000.0,34667.0,38000.0,34667.0,40333.0
2025-06-10,,36500.0,40000.0,30000.0,35667.0,34667.0,31750.0,43667.0,36150.0,33667.0,35800.0,35667.0,35000.0,34000.0,,42333.0,36000.0,31333.0,38000.0,38333.0,,30000.0,31667.0,27750.0,44250.0,25000.0,34333.0,41667.0,34667.0,40000.0,34667.0,33167.0
2025-06-11,,36500.0,40000.0,26500.0,32333.0,33000.0,36250.0,43667.0,31000.0,33667.0,37200.0,34667.0,34000.0,32667.0,,42333.0,36000.0,31333.0,38000.0,38333.0,,28500.0,31333.0,28250.0,39500.0,23500.0,31667.0,38333.0,34667.0,40000.0,34667.0,32333.0
2025-06-12,,36500.0,45000.0,26500.0,31000.0,33000.0,37500.0,43667.0,31500.0,33667.0,35000.0,34000.0,35667.0,32667.0,,36667.0,36000.0,31333.0,35000.0,39000.0,,28000.0,30333.0,28250.0,39500.0,22000.0,27000.0,40667.0,36333.0,41000.0,34667.0,31667.0
2025-06-13,,36500.0,45000.0,26000.0,31000.0,28667.0,37500.0,43667.0,27750.0,33667.0,35000.0,34000.0,28333.0,30667.0,,36667.0,37500.0,31333.0,35000.0,39000.0,,20500.0,26667.0,25750.0,39500.0,22500.0,29333.0,37333.0,37167.0,41000.0,34667.0,32000.0
2025-06-14,,36500.0,45000.0,26000.0,31000.0,28667.0,37500.0,43667.0,26750.0,33667.0,30000.0,30000.0,35000.0,30667.0,,36000.0,37500.0,31333.0,35000.0,39000.0,,19500.0,26667.0,25250.0,39500.0,18000.0,28000.0,37667.0,35500.0,41000.0,33000.0,32667.0
2025-06-15,,36500.0,45000.0,26000.0,31000.0,26000.0,37500.0,43667.0,26750.0,33667.0,30000.0,30000.0,30000.0,30667.0,,32833.0,37500.0,31333.0,33500.0,39000.0,,19500.0,26667.0,26500.0,39500.0,18000.0,31667.0,37667.0,35500.0,41000.0,33000.0,32500.0
2025-06-16,,34000.0,45000.0,24000.0,31667.0,24667.0,37000.0,43667.0,27000.0,29000.0,33200.0,30000.0,31333.0,30667.0,,37333.0,37500.0,31333.0,31500.0,39000.0,,19500.0,26667.0,24000.0,38000.0,20000.0,26667.0,30000.0,35500.0,35000.0,33000.0,30833.0
2025-06-17,,30000.0,45000.0,18000.0,28333.0,24667.0,37000.0,44000.0,25750.0,29000.0,33400.0,30000.0,30667.0,30667.0,,36667.0,37500.0,31667.0,31500.0,39000.0,,19500.0,26667.0,20000.0,39000.0,21000.0,25000.0,30000.0,35500.0,34000.0,33000.0,29833.0
2025-06-18,,30000.0,45000.0,18000.0,35000.0,25000.0,36250.0,44000.0,25000.0,29000.0,33400.0,28667.0,28333.0,32333.0,,31000.0,30000.0,31667.0,30000.0,39000.0,,19500.0,30000.0,21250.0,39000.0,21000.0,22000.0,31000.0,33167.0,32000.0,33000.0,30667.0
2025-06-19,,30000.0,36667.0,17000.0,35000.0,25000.0,28750.0,44000.0,26000.0,29000.0,31600.0,28667.0,30000.0,32333.0,,30333.0,30000.0,31667.0,27500.0,39000.0,,18500.0,30000.0,21250.0,39000.0,20000.0,24667.0,30000.0,33167.0,30000.0,36333.0,31667.0
2025-06-20,,30000.0,36667.0,17000.0,29000.0,25000.0,28750.0,44667.0,28750.0,29000.0,31600.0,30333.0,31000.0,30667.0,,30333.0,30000.0,31667.0,27500.0,39000.0,,24000.0,30000.0,21250.0,40500.0,21000.0,26667.0,30000.0,33167.0,33000.0,36333.0,33333.0
2025-06-21,,30000.0,36667.0,18000.0,29000.0,25000.0,28750.0,41333.0,30250.0,30333.0,31600.0,30333.0,35000.0,30667.0,,32000.0,30000.0,31667.0,27500.0,39000.0,,24000.0,30000.0,21250.0,41000.0,21000.0,28667.0,30000.0,33167.0,33000.0,35333.0,34167.0
2025-06-22,,30000.0,36667.0,18000.0,28333.0,25667.0,28750.0,41333.0,31250.0,30333.0,31600.0,30000.0,35000.0,30667.0,,32667.0,30000.0,31667.0,27500.0,38000.0,,22500.0,30000.0,22250.0,38500.0,22000.0,29333.0,36667.0,32167.0,33000.0,36333.0,33167.0
2025-06-23,,30000.0,35000.0,18000.0,25000.0,28333.0,30000.0,38000.0,30250.0,31000.0,30800.0,30000.0,36000.0,34000.0,,32000.0,30000.0,31667.0,27500.0,38000.0,,23500.0,30000.0,24750.0,38250.0,24000.0,28333.0,35667.0,31333.0,33000.0,36333.0,30833.0
2025-06-24,,30000.0,35000.0,17000.0,24667.0,28333.0,30000.0,38000.0,30500.0,31000.0,27600.0,30000.0,35000.0,34000.0,,31333.0,30000.0,31667.0,27500.0,38000.0,,24000.0,30667.0,24250.0,40250.0,23500.0,27000.0,34000.0,31167.0,33000.0,36333.0,31167.0
2025-06-25,,30000.0,33333.0,17000.0,24667.0,28333.0,30000.0,35333.0,30125.0,31000.0,26400.0,28667.0,35000.0,34000.0,,28000.0,30000.0,31667.0,27500.0,35333.0,,24000.0,30667.0,24250.0,43250.0,22500.0,26667.0,33000.0,31167.0,33000.0,34667.0,30333.0
2025-06-26,,30000.0,33333.0,17000.0,26667.0,28333.0,31250.0,35333.0,30000.0,31000.0,27400.0,25333.0,35000.0,30667.0,,28000.0,30000.0,31667.0,25000.0,35333.0,,22000.0,30667.0,26250.0,48750.0,23500.0,26667.0,34000.0,30333.0,33000.0,34667.0,30333.0
2025-06-27,,30000.0,33333.0,17000.0,26667.0,28333.0,31250.0,35333.0,28250.0,31000.0,27400.0,30000.0,34000.0,30667.0,,28000.0,30000.0,31667.0,25000.0,36333.0,,22000.0,30667.0,26250.0,46750.0,24500.0,26667.0,34000.0,30333.0,33000.0,34667.0,30667.0
2025-06-28,,30000.0,33333.0,17000.0,26333.0,28333.0,31250.0,35333.0,29500.0,31000.0,27400.0,30000.0,36000.0,30667.0,,28333.0,30000.0,31667.0,25000.0,36333.0,,22000.0,30667.0,27250.0,46750.0,26000.0,26333.0,33000.0,30333.0,33000.0,34667.0,30333.0
2025-06-29,,35000.0,33333.0,21000.0,26333.0,28667.0,31250.0,35333.0,32000.0,31000.0,28400.0,30000.0,36000.0,30667.0,,29000.0,30000.0,31667.0,25000.0,36333.0,,24000.0,30667.0,27250.0,46750.0,27000.0,25667.0,35667.0,30333.0,33000.0,34667.0,32167.0
2025-06-30,,35000.0,31667.0,23000.0,30667.0,32000.0,36250.0,35000.0,34900.0,34333.0,28400.0,32667.0,37000.0,30000.0,,28333.0,33000.0,31667.0,27500.0,35000.0,,28500.0,32333.0,28500.0,38750.0,26000.0,29333.0,40667.0,34667.0,33000.0,36333.0,33667.0
2025-07-01,,35000.0,31667.0,22000.0,30667.0,36667.0,36250.0,35000.0,33650.0,34333.0,28400.0,35000.0,35667.0,32000.0,,29000.0,33000.0,31667.0,29000.0,35000.0,,28000.0,33000.0,29000.0,38750.0,27500.0,29000.0,39667.0,36500.0,35000.0,34667.0,32333.0
2025-07-02,,35000.0,31667.0,21000.0,30667.0,36667.0,35000.0,35000.0,34500.0,31000.0,28400.0,30000.0,36667.0,32000.0,,29000.0,33000.0,31667.0,29000.0,34000.0,,26500.0,30667.0,29000.0,37500.0,27500.0,29000.0,37667.0,37333.0,35000.0,34667.0,33667.0
2025-07-03,,40000.0,34000.0,22000.0,30667.0,34333.0,32500.0,35000.0,34000.0,31000.0,30400.0,30000.0,33667.0,32667.0,,28333.0,33000.0,31667.0,29000.0,34000.0,,26500.0,30667.0,29000.0,42000.0,26500.0,30000.0,38000.0,37333.0,35000.0,36333.0,33000.0
2025-07-04,,40000.0,34000.0,22000.0,30667.0,34333.0,32500.0,35000.0,33150.0,33000.0,30400.0,33000.0,36000.0,33333.0,,28333.0,33000.0,31667.0,29000.0,34000.0,,27000.0,30667.0,29000.0,38750.0,27500.0,30667.0,37333.0,38500.0,35000.0,38000.0,33333.0
2025-07-05,,40000.0,34000.0,22000.0,30667.0,35333.0,32500.0,35000.0,33150.0,33000.0,30400.0,34667.0,36000.0,33333.0,,30667.0,34500.0,31667.0,29000.0,34000.0,,27000.0,30667.0,30250.0,40000.0,27500.0,30667.0,39000.0,38500.0,35000.0,36333.0,33333.0
2025-07-06,,40000.0,34000.0,24000.0,30667.0,35333.0,32500.0,35333.0,32500.0,33000.0,30400.0,34667.0,36000.0,33333.0,,38000.0,34500.0,31667.0,29000.0,34333.0,,27000.0,30667.0,30000.0,38750.0,29000.0,30667.0,39000.0,37833.0,35000.0,36333.0,34833.0
2025-07-07,,32500.0,35000.0,24000.0,30667.0,35333.0,37500.0,35333.0,32325.0,34000.0,31000.0,34667.0,36000.0,33333.0,,38500.0,34500.0,31667.0,36500.0,34333.0,,27500.0,31333.0,30000.0,36250.0,27500.0,30667.0,36333.0,37833.0,37000.0,36333.0,32167.0
2025-07-08,,32500.0,35000.0,24000.0,28333.0,33333.0,40000.0,35333.0,32400.0,34000.0,30000.0,33667.0,34333.0,32000.0,,38000.0,34500.0,31667.0,37000.0,34333.0,,26500.0,30667.0,28750.0,36750.0,28000.0,30667.0,36333.0,38500.0,37000.0,38000.0,32500.0
2025-07-09,,32500.0,35000.0,23000.0,30000.0,31333.0,40000.0,35333.0,32825.0,35000.0,31000.0,33333.0,36000.0,32000.0,,38667.0,34500.0,31667.0,37000.0,28667.0,,25500.0,30667.0,28750.0,37250.0,27000.0,31333.0,41000.0,37000.0,38000.0,38000.0,32833.0
2025-07-10,,32500.0,36667.0,25000.0,30000.0,30667.0,38750.0,35333.0,33075.0,35000.0,31000.0,34333.0,36000.0,32000.0,,38000.0,34500.0,31667.0,37000.0,28667.0,,25500.0,30667.0,28750.0,37250.0,25500.0,31333.0,40333.0,37833.0,39000.0,36333.0,32833.0
2025-07-11,35000.0,32500.0,36667.0,23000.0,30000.0,30667.0,38750.0,35333.0,31250.0,32667.0,31000.0,33333.0,33667.0,32667.0,,36333.0,34500.0,31667.0,37000.0,28667.0,,27500.0,30667.0,28750.0,36000.0,25500.0,32000.0,40333.0,36833.0,39000.0,36333.0,32833.0
2025-07-12,35000.0,32500.0,36667.0,26000.0,30000.0,32667.0,38750.0,35333.0,36500.0,32667.0,31000.0,35000.0,33667.0,32667.0,,36333.0,34500.0,31667.0,37000.0,31000.0,,27500.0,30667.0,28000.0,36000.0,25500.0,31333.0,40333.0,36833.0,39000.0,36333.0,32833.0
2025-07-13,35000.0,32500.0,36667.0,26000.0,30000.0,32000.0,38750.0,35333.0,35900.0,32667.0,30000.0,36000.0,35333.0,32667.0,,36333.0,34500.0,31667.0,37000.0,31333.0,,28500.0,30667.0,29500.0,36000.0,27500.0,31333.0,40333.0,35167.0,39000.0,36333.0,32833.0
2025-07-14,33000.0,37500.0,36667.0,29000.0,30000.0,32000.0,37750.0,35333.0,35575.0,36000.0,33000.0,36000.0,37667.0,35333.0,,36333.0,34500.0,31000.0,35500.0,31333.0,,27500.0,31333.0,31750.0,37000.0,29000.0,32000.0,41000.0,36833.0,40000.0,36333.0,33333.0
2025-07-15,33000.0,37500.0,36667.0,29000.0,30000.0,33333.0,37750.0,31667.0,35125.0,36000.0,33000.0,36333.0,36000.0,35333.0,,36667.0,34500.0,31000.0,35500.0,32000.0,,27500.0,34333.0,30250.0,36500.0,29000.0,33000.0,38333.0,36833.0,40000.0,36333.0,32500.0
2025-07-16,32000.0,37500.0,38667.0,29000.0,28667.0,32667.0,36250.0,31667.0,31625.0,36000.0,32000.0,34667.0,36000.0,36667.0,,38333.0,34500.0,31000.0,34000.0,32000.0,,28500.0,31667.0,30250.0,38000.0,26000.0,33000.0,37333.0,36833.0,40000.0,36333.0,32833.0
2025-07-17,32000.0,37500.0,38667.0,27000.0,28667.0,33000.0,36250.0,29667.0,30750.0,36000.0,32000.0,34667.0,35000.0,36667.0,,38333.0,35000.0,31000.0,34000.0,32000.0,,24000.0,30667.0,29500.0,37500.0,26000.0,32000.0,36667.0,37000.0,40000.0,38000.0,32000.0
2025-07-18,32000.0,37500.0,37667.0,26500.0,29333.0,33000.0,36250.0,29667.0,29750.0,31667.0,32000.0,31333.0,35000.0,34667.0,,38333.0,35000.0,31000.0,34000.0,31333.0,,23500.0,30667.0,28250.0,37500.0,26000.0,32000.0,36000.0,35333.0,40000.0,38000.0,31667.0
2025-07-19,32000.0,37500.0,37667.0,25500.0,29333.0,30333.0,36250.0,29667.0,28875.0,31667.0,32000.0,31000.0,34000.0,34667.0,,38333.0,35000.0,31000.0,34000.0,31333.0,,23500.0,30667.0,27750.0,39250.0,23000.0,30667.0,36000.0,35333.0,40000.0,38000.0,32500.0
2025-07-20,32000.0,37500.0,37667.0,25500.0,29333.0,29333.0,36250.0,29667.0,29500.0,31667.0,32000.0,31000.0,30000.0,34667.0,,36333.0,35000.0,31000.0,34000.0,31333.0,,23500.0,30667.0,26000.0,39250.0,23000.0,29000.0,35667.0,35333.0,40000.0,38000.0,33000.0
2025-07-21,32000.0,27500.0,36000.0,25000.0,28667.0,29333.0,35500.0,29667.0,29500.0,30333.0,31400.0,30000.0,30667.0,32333.0,,38000.0,35000.0,31000.0,31500.0,29000.0,,24000.0,28667.0,27250.0,39250.0,22000.0,26333.0,34000.0,35333.0,40000.0,38000.0,32333.0
2025-07-22,32000.0,27500.0,36000.0,25000.0,28667.0,29333.0,35500.0,30000.0,29000.0,30333.0,31400.0,30000.0,30667.0,32333.0,,38000.0,32500.0,31000.0,34000.0,28333.0,,24000.0,28667.0,27750.0,40250.0,22000.0,27000.0,34000.0,35333.0,40000.0,38000.0,33000.0
2025-07-23,32000.0,27500.0,33333.0,26000.0,26667.0,26333.0,35500.0,30000.0,27250.0,28667.0,31400.0,30000.0,31667.0,31000.0,,38000.0,32500.0,30000.0,33500.0,28333.0,,23000.0,28667.0,27750.0,46250.0,23000.0,26000.0,35000.0,35333.0,40000.0,38000.0,31333.0
2025-07-24,32000.0,27500.0,33333.0,23000.0,26667.0,25667.0,35500.0,30000.0,27150.0,28667.0,31400.0,30000.0,31333.0,31000.0,,38000.0,32500.0,30000.0,18250.0,28333.0,,23000.0,28667.0,27250.0,46250.0,22000.0,26000.0,35667.0,35333.0,40000.0,38000.0,31333.0
2025-07-25,32000.0,27500.0,33333.0,24000.0,26667.0,25667.0,33750.0,30000.0,27150.0,28667.0,31400.0,30000.0,31333.0,31000.0,,39667.0,32500.0,30000.0,34000.0,28333.0,,24000.0,28667.0,27250.0,45000.0,25500.0,26667.0,35667.0,35333.0,40000.0,38000.0,30667.0
2025-07-26,32000.0,27500.0,33333.0,24000.0,26667.0,25667.0,33750.0,30000.0,27000.0,28667.0,31400.0,28667.0,30667.0,30333.0,,39667.0,32500.0,30000.0,34000.0,28667.0,,24000.0,28667.0,27250.0,45000.0,24000.0,26667.0,35667.0,35333.0,40000.0,38000.0,29833.0
2025-07-27,32000.0,27500.0,33333.0,24000.0,26667.0,25667.0,33750.0,30000.0,26575.0,28667.0,31400.0,26333.0,30667.0,30333.0,,37333.0,32500.0,30000.0,34000.0,28667.0,,24000.0,28667.0,27000.0,43000.0,24500.0,26667.0,35000.0,35333.0,40000.0,38000.0,29833.0
2025-07-28,30000.0,30000.0,32333.0,24000.0,27667.0,25667.0,31500.0,30000.0,25750.0,28667.0,32400.0,27667.0,28000.0,28333.0,,35667.0,32500.0,30000.0,26500.0,28667.0,,23000.0,25333.0,26250.0,43000.0,24500.0,26000.0,34667.0,33500.0,35000.0,38000.0,28667.0
2025-07-29,27000.0,30000.0,32333.0,24000.0,27667.0,25667.0,32750.0,30000.0,25650.0,28667.0,32400.0,27667.0,29333.0,28333.0,,35667.0,32500.0,30000.0,26500.0,29333.0,,23000.0,25333.0,25750.0,44000.0,24500.0,24667.0,34667.0,33500.0,35000.0,38000.0,28167.0
2025-07-30,27000.0,30000.0,33000.0,24000.0,27667.0,25667.0,30750.0,29333.0,26000.0,28667.0,30400.0,24333.0,29333.0,28333.0,,35667.0,32500.0,30000.0,26500.0,29333.0,,23000.0,25333.0,25750.0,40750.0,23000.0,25333.0,34333.0,33500.0,35000.0,39667.0,30833.0
2025-07-31,27000.0,30000.0,33000.0,25000.0,27667.0,25667.0,31250.0,29333.0,26500.0,28667.0,30600.0,26000.0,29333.0,30000.0,,37333.0,32500.0,30000.0,26500.0,30000.0,,24000.0,25333.0,25750.0,40750.0,22000.0,26333.0,37333.0,33833.0,35000.0,39667.0,31167.0
2025-08-01,34000.0,30000.0,33000.0,27000.0,30667.0,27333.0,31250.0,29333.0,28150.0,28667.0,30600.0,30333.0,29333.0,29333.0,,37333.0,32500.0,30000.0,26500.0,30000.0,,26000.0,26667.0,25750.0,38750.0,22000.0,26667.0,35667.0,33833.0,35000.0,38000.0,32000.0
2025-08-02,34000.0,30000.0,33000.0,27000.0,30667.0,27333.0,31250.0,29000.0,30750.0,28667.0,30600.0,32667.0,30667.0,29333.0,,38333.0,32500.0,30000.0,26500.0,30000.0,,26000.0,27000.0,26750.0,35750.0,23000.0,29667.0,36333.0,33833.0,35000.0,38000.0,32333.0
2025-08-03,34000.0,30000.0,33000.0,27000.0,30667.0,28000.0,31250.0,29000.0,32500.0,28667.0,30600.0,34333.0,30667.0,29333.0,,38667.0,32500.0,30000.0,24000.0,30000.0,,26000.0,27000.0,27250.0,36250.0,25000.0,29000.0,35333.0,33833.0,35000.0,38000.0,33000.0
2025-08-04,34000.0,37500.0,33000.0,30000.0,31667.0,31333.0,30000.0,29000.0,33000.0,29500.0,33000.0,34333.0,40000.0,31333.0,,39000.0,32500.0,30000.0,24000.0,30000.0,,27500.0,32000.0,31250.0,36250.0,27000.0,32333.0,35667.0,34667.0,36000.0,38000.0,34000.0
2025-08-05,33000.0,37500.0,33000.0,32000.0,31667.0,32667.0,30000.0,29000.0,33400.0,29500.0,32800.0,34667.0,40000.0,30667.0,,39000.0,32500.0,30000.0,31500.0,30000.0,,27500.0,35000.0,31250.0,37500.0,29000.0,35000.0,38000.0,34167.0,36000.0,38000.0,32667.0
2025-08-06,33000.0,37500.0,33000.0,28000.0,31667.0,34333.0,30000.0,28667.0,34325.0,36667.0,32800.0,34667.0,38333.0,30667.0,,38000.0,32500.0,30000.0,31500.0,29333.0,,29000.0,35667.0,31250.0,41500.0,29500.0,35133.0,37667.0,35500.0,36000.0,38000.0,32333.0
2025-08-07,33000.0,37500.0,34667.0,28000.0,31667.0,35000.0,33250.0,29000.0,34000.0,36667.0,32800.0,34667.0,37667.0,30000.0,,38000.0,34000.0,30000.0,32500.0,29333.0,,28500.0,35667.0,32500.0,38500.0,29500.0,35000.0,37000.0,36333.0,36000.0,38000.0,33167.0
2025-08-08,33000.0,37500.0,34667.0,28000.0,30000.0,34333.0,33250.0,30000.0,33750.0,36667.0,33000.0,34333.0,38667.0,30000.0,,39000.0,34000.0,30000.0,25000.0,29333.0,,30000.0,35333.0,33250.0,38500.0,28000.0,32333.0,37333.0,37000.0,36000.0,38000.0,32667.0
2025-08-09,33000.0,37500.0,34667.0,28000.0,31667.0,34667.0,33250.0,30000.0,31575.0,36667.0,33000.0,34333.0,37000.0,31333.0,,39667.0,34000.0,30000.0,29000.0,29333.0,,30000.0,35333.0,32000.0,38250.0,27000.0,32333.0,38000.0,37000.0,36000.0,38000.0,31833.0
2025-08-10,33000.0,37500.0,34667.0,28000.0,31667.0,32000.0,33250.0,30000.0,30000.0,36667.0,33000.0,34667.0,36000.0,29333.0,,39667.0,34000.0,30000.0,29000.0,29333.0,,30000.0,35333.0,32000.0,36250.0,27000.0,29667.0,38000.0,37000.0,36000.0,38000.0,31500.0
2025-08-11,32000.0,35000.0,33333.0,26000.0,31667.0,29000.0,30000.0,29667.0,29250.0,32333.0,33000.0,34667.0,36000.0,29333.0,,39167.0,34000.0,30000.0,33000.0,28667.0,,24000.0,27000.0,29250.0,36250.0,25300.0,27667.0,37667.0,36833.0,36000.0,38000.0,31000.0
2025-08-12,32000.0,35000.0,33333.0,25500.0,31667.0,29000.0,30000.0,29667.0,28575.0,32333.0,33000.0,34667.0,36000.0,30333.0,,36333.0,34000.0,30000.0,33000.0,28667.0,,22000.0,26333.0,27000.0,34250.0,26300.0,28000.0,37667.0,36833.0,36000.0,38000.0,31000.0
2025-08-13,32000.0,35000.0,33333.0,25000.0,26333.0,28333.0,30000.0,29667.0,21175.0,32333.0,33000.0,31333.0,33667.0,30333.0,,36333.0,34000.0,28000.0,33000.0,28667.0,,22000.0,26000.0,27000.0,33000.0,23500.0,25000.0,35000.0,36333.0,36000.0,38000.0,31000.0
2025-08-14,32000.0,32500.0,33333.0,26000.0,26333.0,27667.0,30000.0,30000.0,25575.0,30000.0,33000.0,31333.0,32000.0,30333.0,,36000.0,34000.0,28000.0,34000.0,28333.0,,22000.0,26333.0,27000.0,34000.0,22500.0,25000.0,35000.0,36333.0,36000.0,38000.0,31000.0
2025-08-15,32000.0,32500.0,33333.0,24000.0,28000.0,27000.0,30000.0,30000.0,25400.0,30000.0,31400.0,29333.0,32000.0,29667.0,,36000.0,34000.0,28000.0,33000.0,28333.0,,22000.0,26333.0,27000.0,33750.0,22500.0,24667.0,34000.0,36333.0,36000.0,38000.0,30667.0
2025-08-16,32000.0,32500.0,33333.0,24000.0,28000.0,27000.0,30000.0,30000.0,24875.0,30000.0,30600.0,29333.0,29667.0,29667.0,,36000.0,34000.0,28000.0,33000.0,28333.0,,22000.0,25333.0,27000.0,31250.0,23500.0,25667.0,34333.0,36333.0,36000.0,38000.0,31333.0
2025-08-17,30000.0,32500.0,33333.0,21000.0,28000.0,27000.0,30000.0,30000.0,25750.0,30000.0,30600.0,29000.0,29667.0,26333.0,,34667.0,34000.0,28000.0,33000.0,28333.0,,22000.0,25333.0,27000.0,31250.0,23500.0,26667.0,34333.0,36333.0,36000.0,38000.0,31167.0
2025-08-18,30000.0,32500.0,33333.0,21000.0,28000.0,27000.0,30000.0,30000.0,26250.0,30000.0,30600.0,29000.0,29000.0,26333.0,,34667.0,34000.0,28000.0,33000.0,28333.0,,22500.0,25333.0,25750.0,31250.0,23500.0,25667.0,36333.0,36333.0,36000.0,38000.0,30833.0
2025-08-19,30000.0,32500.0,33333.0,26500.0,28000.0,27000.0,29250.0,30000.0,26200.0,29833.0,31000.0,26000.0,29333.0,27333.0,,34667.0,34000.0,28000.0,27500.0,28333.0,,22000.0,25000.0,26250.0,33750.0,23500.0,25667.0,36333.0,36833.0,35000.0,38000.0,35333.0
2025-08-20,30000.0,32500.0,33667.0,26500.0,28000.0,27000.0,29250.0,30000.0,26000.0,29833.0,31400.0,28667.0,30667.0,27333.0,,32000.0,27500.0,28000.0,27500.0,28333.0,,22500.0,25000.0,25250.0,33750.0,24500.0,26667.0,35333.0,36833.0,35000.0,38000.0,34500.0
2025-08-21,30000.0,32500.0,33667.0,26500.0,28000.0,27667.0,29250.0,30000.0,24750.0,27833.0,29400.0,29667.0,30667.0,27333.0,,32000.0,26500.0,28000.0,27500.0,27667.0,,22500.0,27667.0,24750.0,35000.0,23000.0,26667.0,36667.0,36000.0,35000.0,34667.0,34167.0
2025-08-22,30000.0,32500.0,33667.0,26500.0,28000.0,27667.0,29250.0,30000.0,24750.0,27833.0,29400.0,29333.0,32333.0,27000.0,,32000.0,26500.0,28000.0,27500.0,26333.0,,22500.0,28000.0,24750.0,36250.0,23500.0,26667.0,36667.0,34333.0,35000.0,34667.0,31500.0
2025-08-23,30000.0,32500.0,33667.0,24000.0,28000.0,27667.0,29250.0,30000.0,28000.0,27833.0,29400.0,29333.0,32333.0,28667.0,,32000.0,26500.0,28000.0,27500.0,27000.0,,22500.0,28000.0,24750.0,36250.0,23500.0,26333.0,35667.0,33333.0,35000.0,34667.0,31833.0
2025-08-24,30000.0,32500.0,33667.0,24000.0,28000.0,27667.0,29250.0,30000.0,26000.0,27833.0,29400.0,29333.0,32333.0,28667.0,,32000.0,26500.0,28000.0,27500.0,27000.0,,22500.0,28000.0,24750.0,35000.0,23500.0,26333.0,35333.0,31167.0,35000.0,34667.0,31833.0
2025-08-25,30000.0,30000.0,32000.0,18000.0,27333.0,26333.0,29250.0,30000.0,25650.0,28333.0,30000.0,30000.0,32333.0,28000.0,,32000.0,26500.0,26000.0,28500.0,27000.0,,24000.0,25000.0,25250.0,32500.0,23500.0,26333.0,35333.0,30167.0,35000.0,31333.0,28833.0
2025-08-26,30000.0,30000.0,32667.0,18000.0,27333.0,28667.0,29250.0,30333.0,25500.0,28333.0,30400.0,28333.0,29667.0,28000.0,,31667.0,26500.0,26000.0,27500.0,27000.0,,23000.0,25000.0,25250.0,31250.0,23000.0,25667.0,30333.0,29667.0,35000.0,31333.0,28500.0
2025-08-27,24000.0,30000.0,32667.0,18000.0,27333.0,28667.0,26250.0,30333.0,25900.0,27667.0,30400.0,28333.0,29667.0,28000.0,,31667.0,26500.0,26000.0,27500.0,26333.0,,23000.0,27667.0,25000.0,32500.0,23000.0,24667.0,31000.0,29667.0,35000.0,31333.0,28000.0
2025-08-28,24000.0,30000.0,32667.0,19000.0,27333.0,28667.0,25500.0,30333.0,26075.0,27667.0,29800.0,28000.0,29333.0,27000.0,,31667.0,26500.0,26000.0,29500.0,25667.0,,24000.0,29333.0,25000.0,32500.0,24000.0,24667.0,31000.0,29500.0,35000.0,31333.0,27667.0
2025-08-29,24000.0,30000.0,32667.0,19000.0,27333.0,28667.0,25500.0,30333.0,24325.0,27667.0,29800.0,28333.0,28000.0,29667.0,,31667.0,26500.0,26667.0,29500.0,25667.0,,24000.0,29333.0,24250.0,32500.0,24000.0,25333.0,30333.0,30000.0,35000.0,31333.0,27500.0
2025-08-30,24000.0,30000.0,32667.0,19000.0,27333.0,28667.0,25500.0,30333.0,28000.0,27667.0,29800.0,28333.0,29333.0,29667.0,,31667.0,26500.0,26667.0,29500.0,26000.0,,24000.0,29333.0,24250.0,31250.0,23500.0,25667.0,30333.0,30000.0,35000.0,31333.0,27833.0
2025-08-31,24000.0,30000.0,32667.0,19000.0,27333.0,29333.0,25500.0,30333.0,27900.0,27667.0,29800.0,27333.0,30000.0,30667.0,,31667.0,26500.0,26667.0,29500.0,26000.0,,24000.0,29333.0,25500.0,31250.0,23500.0,25667.0,31333.0,29667.0,35000.0,31333.0,28333.0
2025-09-01,24000.0,30000.0,32667.0,18000.0,26000.0,30667.0,25000.0,30333.0,29650.0,28167.0,29600.0,26667.0,30000.0,28667.0,,31333.0,25000.0,26667.0,29500.0,26000.0,,26500.0,29333.0,27500.0,31250.0,24500.0,25667.0,30667.0,29667.0,34000.0,31000.0,26667.0
2025-09-02,24000.0,27500.0,32667.0,18000.0,27333.0,30667.0,25000.0,30000.0,29900.0,28167.0,30600.0,26667.0,31000.0,27667.0,,31333.0,25000.0,26667.0,27500.0,26000.0,,27500.0,29333.0,27500.0,35750.0,24500.0,25667.0,35000.0,29667.0,34000.0,31333.0,27000.0
2025-09-03,24000.0,27500.0,32667.0,20000.0,26000.0,31000.0,25000.0,30000.0,31500.0,32000.0,30600.0,29667.0,30667.0,27667.0,,31333.0,25000.0,25000.0,27500.0,25333.0,,27500.0,29333.0,27500.0,34500.0,24500.0,29000.0,35000.0,29667.0,34000.0,31333.0,27667.0
2025-09-04,24000.0,27500.0,35000.0,24000.0,26000.0,33667.0,25000.0,30000.0,34500.0,32000.0,30000.0,32333.0,34000.0,30333.0,,31667.0,25000.0,25000.0,27500.0,25333.0,,31000.0,30667.0,27500.0,30000.0,33000.0,30000.0,35667.0,32167.0,33000.0,30333.0,27000.0
2025-09-05,24000.0,27500.0,35000.0,23000.0,26000.0,34667.0,25000.0,30333.0,37750.0,34833.0,30000.0,32333.0,34000.0,30333.0,,31667.0,25000.0,25000.0,27500.0,25333.0,,31000.0,30667.0,29500.0,30000.0,33000.0,30000.0,36000.0,32167.0,33000.0,30333.0,27833.0
2025-09-06,25000.0,35000.0,35000.0,23000.0,26000.0,34667.0,25000.0,30333.0,38650.0,34833.0,30000.0,34333.0,39333.0,30333.0,,31000.0,25000.0,25000.0,27500.0,25667.0,,31000.0,30667.0,31250.0,30000.0,34000.0,31333.0,36333.0,32500.0,33000.0,30333.0,30667.0
2025-09-07,26000.0,35000.0,35000.0,23000.0,26000.0,34667.0,25000.0,30333.0,39250.0,34833.0,30000.0,38000.0,39333.0,30333.0,,34000.0,25000.0,25000.0,28500.0,25667.0,,35000.0,30667.0,31250.0,30000.0,34000.0,34000.0,36667.0,33833.0,33000.0,30333.0,31667.0
2025-09-08,26000.0,40000.0,36667.0,23000.0,28333.0,38000.0,28250.0,30000.0,39500.0,39667.0,33200.0,38333.0,40667.0,32000.0,,36000.0,25000.0,26667.0,32500.0,25667.0,,34500.0,31667.0,34250.0,30000.0,34000.0,37333.0,38000.0,35000.0,35000.0,31333.0,33500.0
2025-09-09,26000.0,40000.0,36667.0,24000.0,26667.0,38333.0,28250.0,30000.0,39400.0,39667.0,33600.0,38333.0,40667.0,34000.0,,36333.0,25000.0,26667.0,32500.0,26333.0,,34000.0,39333.0,35000.0,30625.0,35500.0,38667.0,38667.0,35000.0,35000.0,30333.0,32667.0
2025-09-10,26000.0,41000.0,36667.0,26000.0,26667.0,38667.0,28250.0,30000.0,38400.0,39667.0,32800.0,38000.0,40667.0,34000.0,,36833.0,25000.0,26667.0,32500.0,26333.0,,36500.0,39333.0,38000.0,31875.0,34500.0,36667.0,42000.0,35000.0,36000.0,31333.0,33500.0
2025-09-11,26000.0,41000.0,36667.0,26000.0,26667.0,38000.0,28250.0,30000.0,37550.0,37000.0,32800.0,37667.0,42333.0,34000.0,,37333.0,31500.0,26667.0,32500.0,26333.0,,34500.0,39333.0,38000.0,40625.0,34500.0,38667.0,42000.0,35000.0,36000.0,31333.0,33833.0
2025-09-12,26000.0,41000.0,36667.0,26000.0,26667.0,38000.0,28250.0,30000.0,36975.0,37000.0,32800.0,37667.0,41333.0,36000.0,,33000.0,31500.0,26667.0,34000.0,26333.0,,34500.0,40000.0,38000.0,39375.0,34500.0,37667.0,42000.0,35000.0,36000.0,31333.0,34667.0
2025-09-13,26000.0,41000.0,36667.0,26000.0,26667.0,38000.0,28250.0,30000.0,37900.0,37000.0,32800.0,37333.0,40667.0,36000.0,,33000.0,31500.0,26667.0,34000.0,26333.0,,34500.0,40000.0,39500.0,39375.0,34500.0,37667.0,42000.0,35000.0,36000.0,30333.0,33833.0
2025-09-14,26000.0,41000.0,36667.0,26000.0,26667.0,40333.0,28250.0,30000.0,40325.0,37000.0,32800.0,37333.0,42333.0,35333.0,,33000.0,31500.0,26667.0,34000.0,26333.0,,37000.0,40000.0,39500.0,37875.0,34500.0,41333.0,40000.0,35000.0,36000.0,30333.0,33833.0
2025-09-15,26000.0,57500.0,41667.0,27000.0,26667.0,43333.0,32500.0,30000.0,42825.0,52333.0,34400.0,48333.0,45667.0,37333.0,,35167.0,31500.0,26667.0,35000.0,26333.0,,40500.0,51000.0,46250.0,37875.0,43500.0,42000.0,46000.0,35000.0,35000.0,39667.0,35167.0
2025-09-16,30000.0,57500.0,41667.0,28000.0,26667.0,45333.0,32500.0,30000.0,53900.0,54667.0,33400.0,50000.0,55000.0,40667.0,,34667.0,31500.0,24667.0,34500.0,26667.0,,43000.0,52333.0,47500.0,37875.0,53500.0,45000.0,47667.0,36333.0,35000.0,38667.0,36833.0
2025-09-17,30000.0,57500.0,41667.0,31000.0,26667.0,45333.0,32500.0,30000.0,50250.0,58333.0,33000.0,54333.0,60000.0,40667.0,,36167.0,31500.0,24667.0,34500.0,26667.0,,47000.0,53000.0,52000.0,37875.0,50000.0,54667.0,51667.0,36333.0,35000.0,39667.0,38833.0
2025-09-18,30000.0,57500.0,46667.0,35000.0,26667.0,42667.0,32500.0,30000.0,51400.0,57333.0,33000.0,54333.0,60000.0,42333.0,,38333.0,45000.0,24667.0,42000.0,28000.0,,47500.0,53000.0,52000.0,36750.0,47500.0,53667.0,52333.0,36333.0,35000.0,39667.0,39333.0
2025-09-19,30000.0,57500.0,46667.0,38500.0,26667.0,42667.0,35000.0,30333.0,51400.0,57333.0,33000.0,54333.0,56667.0,44000.0,,43667.0,45000.0,24667.0,42000.0,31000.0,,47500.0,48667.0,52750.0,37500.0,47500.0,50000.0,52333.0,36333.0,35000.0,39667.0,39333.0
2025-09-20,32000.0,57500.0,46667.0,38500.0,40000.0,42667.0,35000.0,30333.0,51250.0,57333.0,33800.0,49333.0,54333.0,44000.0,,44000.0,42500.0,24667.0,42000.0,31000.0,,47500.0,47667.0,50750.0,36250.0,47500.0,51000.0,51667.0,36500.0,35000.0,39667.0,41833.0
2025-09-21,32000.0,57500.0,46667.0,41000.0,40000.0,44333.0,35000.0,30333.0,51400.0,57333.0,34400.0,50000.0,56000.0,44000.0,,40667.0,42500.0,24667.0,42000.0,31000.0,,47500.0,46000.0,50750.0,36250.0,47500.0,51000.0,51667.0,36500.0,38000.0,39667.0,41833.0
2025-09-22,40000.0,52500.0,50000.0,49000.0,40000.0,45333.0,44500.0,30000.0,53900.0,59000.0,35000.0,59333.0,56000.0,45333.0,,42500.0,42500.0,24667.0,44500.0,31000.0,,48500.0,50000.0,51250.0,38750.0,48000.0,54000.0,55667.0,37667.0,38000.0,46333.0,43000.0
2025-09-23,40000.0,52500.0,50000.0,49000.0,40000.0,46333.0,44500.0,39667.0,53900.0,59000.0,35000.0,58000.0,55000.0,47000.0,,43167.0,42500.0,25333.0,54500.0,33000.0,,50000.0,52333.0,51750.0,41875.0,50000.0,52000.0,55333.0,43167.0,38000.0,46333.0,45833.0
2025-09-24,44000.0,52500.0,53333.0,49000.0,41667.0,47000.0,44500.0,39667.0,54250.0,59000.0,37400.0,55333.0,55333.0,47000.0,,43667.0,42500.0,25333.0,53000.0,38667.0,,50500.0,51667.0,51750.0,45625.0,50000.0,54667.0,55333.0,43167.0,40000.0,45333.0,45833.0
2025-09-25,44000.0,55000.0,55000.0,49000.0,45000.0,48000.0,45000.0,39667.0,54825.0,59000.0,42200.0,56333.0,53667.0,47000.0,,44000.0,42500.0,25000.0,53000.0,38667.0,,51000.0,51333.0,51500.0,45625.0,45000.0,55333.0,50333.0,50667.0,40000.0,46333.0,46667.0
2025-09-26,40000.0,55000.0,53333.0,46500.0,46667.0,52333.0,45000.0,39667.0,51975.0,59000.0,44600.0,55000.0,55333.0,43667.0,,52333.0,42500.0,25000.0,53500.0,38667.0,,51000.0,50667.0,52000.0,48750.0,45000.0,50667.0,50333.0,55667.0,41000.0,44667.0,46667.0
2025-09-27,44000.0,55000.0,53333.0,46500.0,46667.0,51667.0,45000.0,39667.0,51250.0,59000.0,44600.0,54000.0,55333.0,45667.0,,52333.0,42500.0,25000.0,53500.0,38667.0,,45000.0,50667.0,51750.0,51250.0,49000.0,50000.0,50333.0,55667.0,41000.0,44667.0,46333.0
2025-09-28,44000.0,55000.0,53333.0,46500.0,46667.0,51667.0,45000.0,39667.0,51575.0,59000.0,44600.0,50000.0,55333.0,44000.0,,51000.0,42500.0,25000.0,51000.0,38667.0,,42000.0,50667.0,50000.0,51250.0,49000.0,50000.0,53333.0,55333.0,41000.0,44667.0,46667.0
2025-09-29,44000.0,52500.0,53333.0,46500.0,46667.0,50000.0,46750.0,40000.0,47400.0,49667.0,44600.0,50000.0,54000.0,42333.0,,51000.0,42500.0,25000.0,51000.0,38667.0,,41000.0,49000.0,47000.0,51250.0,44000.0,50667.0,49667.0,55333.0,41000.0,44667.0,48333.0
2025-09-30,40000.0,52500.0,53333.0,46500.0,45000.0,50000.0,46750.0,40333.0,44650.0,49667.0,44400.0,49000.0,51667.0,42333.0,,51000.0,42500.0,25667.0,49000.0,38667.0,,40500.0,48667.0,47000.0,51250.0,44000.0,48333.0,50333.0,55333.0,41000.0,44667.0,47500.0
2025-10-01,40000.0,52500.0,53333.0,46500.0,45000.0,48000.0,46750.0,39667.0,44400.0,43667.0,44800.0,49000.0,51667.0,42333.0,,51000.0,45000.0,25667.0,49000.0,38667.0,,41000.0,48667.0,46000.0,48125.0,38000.0,46667.0,50333.0,53833.0,41000.0,44667.0,45000.0
2025-10-02,40000.0,52500.0,53333.0,44000.0,43333.0,48000.0,43750.0,39667.0,44500.0,43667.0,44800.0,46667.0,50000.0,42333.0,,46333.0,45000.0,25667.0,49000.0,38333.0,,38500.0,48667.0,43000.0,48125.0,37000.0,46333.0,49667.0,52167.0,41000.0,44667.0,45000.0
2025-10-03,40000.0,52500.0,53333.0,44000.0,43000.0,47000.0,41250.0,39667.0,43900.0,44000.0,44800.0,44333.0,50000.0,42333.0,,46333.0,45000.0,25667.0,49000.0,38333.0,,38500.0,48667.0,43250.0,53625.0,37000.0,45333.0,48000.0,50500.0,41000.0,44667.0,44167.0
2025-10-04,37500.0,50000.0,53333.0,44000.0,43000.0,47000.0,41250.0,39667.0,43150.0,44000.0,41800.0,44333.0,50000.0,42333.0,,46333.0,45000.0,25667.0,44000.0,37667.0,,38500.0,48667.0,43250.0,56750.0,37000.0,44667.0,48333.0,50500.0,41000.0,44667.0,44167.0
2025-10-05,37500.0,50000.0,53333.0,44000.0,43000.0,50667.0,41250.0,39667.0,51150.0,44000.0,41800.0,44333.0,50000.0,42333.0,,46333.0,45000.0,25667.0,44000.0,37667.0,,38500.0,48667.0,45500.0,56750.0,37000.0,51667.0,48333.0,50500.0,41000.0,44667.0,45000.0
2025-10-06,37500.0,55000.0,50667.0,43000.0,41333.0,50667.0,41250.0,39667.0,53250.0,54667.0,42900.0,48667.0,58333.0,44333.0,,48333.0,47500.0,25667.0,48000.0,37667.0,,48000.0,50000.0,51250.0,52500.0,47500.0,54667.0,53000.0,50500.0,41000.0,44667.0,48000.0
2025-10-07,37500.0,55000.0,50667.0,42000.0,41333.0,53667.0,41250.0,39667.0,53650.0,54667.0,42900.0,54333.0,58333.0,46000.0,,48333.0,47500.0,25667.0,49000.0,37667.0,,49000.0,51667.0,51750.0,50000.0,50000.0,55667.0,54667.0,50500.0,41000.0,44667.0,48000.0
2025-10-08,37500.0,55000.0,50667.0,44000.0,44667.0,53667.0,41250.0,40000.0,53825.0,53333.0,44300.0,49333.0,56667.0,46000.0,,50000.0,50000.0,25667.0,49000.0,37667.0,,51000.0,51667.0,51750.0,50000.0,49000.0,56000.0,54333.0,48833.0,41000.0,44667.0,46667.0
2025-10-09,37500.0,55000.0,58333.0,42000.0,44667.0,53000.0,41250.0,40000.0,54000.0,51667.0,44300.0,53000.0,55000.0,46000.0,,47667.0,50000.0,25667.0,49000.0,38667.0,,48500.0,51667.0,51750.0,48750.0,48000.0,56000.0,54333.0,48000.0,41000.0,44667.0,48333.0
2025-10-10,37500.0,55000.0,58333.0,42500.0,44667.0,53000.0,41250.0,40333.0,53500.0,52333.0,44300.0,52667.0,58333.0,51000.0,,51000.0,50000.0,25667.0,47500.0,38667.0,,47500.0,51667.0,51750.0,48750.0,48000.0,54000.0,54333.0,48000.0,41000.0,46333.0,47833.0
2025-10-11,43000.0,55000.0,58333.0,42500.0,44667.0,53000.0,41250.0,40333.0,51150.0,52333.0,44300.0,50000.0,61667.0,50333.0,,51000.0,52500.0,25667.0,47500.0,38667.0,,47500.0,51667.0,51750.0,48750.0,46500.0,55000.0,54333.0,48000.0,41000.0,46333.0,47833.0
2025-10-12,43000.0,47500.0,58333.0,42500.0,44667.0,52333.0,41250.0,40000.0,51500.0,52333.0,44300.0,50667.0,61667.0,50333.0,,51000.0,52500.0,25667.0,49500.0,42667.0,,49000.0,51667.0,51000.0,48750.0,46500.0,55000.0,54333.0,48000.0,41000.0,46333.0,48667.0
2025-10-13,43000.0,47500.0,58333.0,42500.0,48333.0,51667.0,41250.0,40000.0,51500.0,52000.0,45100.0,50000.0,58333.0,50333.0,,51000.0,52500.0,25667.0,49500.0,42000.0,,47000.0,54333.0,48750.0,49375.0,49000.0,51000.0,56000.0,47167.0,41000.0,44667.0,52083.0
2025-10-14,43000.0,52500.0,58333.0,45500.0,48333.0,49333.0,42000.0,40000.0,47500.0,52000.0,46400.0,50000.0,53333.0,49333.0,,51000.0,52500.0,25667.0,50000.0,41000.0,,46500.0,54333.0,46500.0,49375.0,49000.0,51000.0,56000.0,48833.0,41000.0,46333.0,52083.0
2025-10-15,43000.0,52500.0,58333.0,44000.0,48333.0,49333.0,45000.0,40000.0,45500.0,47000.0,46400.0,49333.0,50667.0,49333.0,,52667.0,50000.0,25667.0,50000.0,48333.0,,44000.0,50667.0,46500.0,57375.0,45000.0,51000.0,56000.0,49667.0,41000.0,46333.0,49167.0
2025-10-16,43000.0,52500.0,58333.0,44000.0,45667.0,49333.0,45000.0,39667.0,46250.0,47000.0,46400.0,40000.0,49333.0,47667.0,,51333.0,48000.0,25667.0,50000.0,48333.0,,43500.0,50667.0,46500.0,55375.0,42500.0,51667.0,50000.0,49333.0,41000.0,46333.0,49167.0
2025-10-17,42000.0,49000.0,56667.0,44000.0,45667.0,49333.0,45000.0,39667.0,45750.0,47000.0,46400.0,43000.0,50000.0,47667.0,,51333.0,48000.0,25667.0,49500.0,47667.0,,42000.0,46667.0,46500.0,54375.0,40000.0,50667.0,50000.0,49000.0,41000.0,44667.0,48500.0
2025-10-18,42000.0,49000.0,56667.0,43000.0,45667.0,49333.0,45000.0,39667.0,45250.0,47000.0,46400.0,44333.0,50000.0,47667.0,,51333.0,48000.0,25667.0,49500.0,47667.0,,42000.0,46667.0,45250.0,53125.0,40000.0,49667.0,50000.0,49000.0,41000.0,44667.0,45500.0
2025-10-19,42000.0,49000.0,56667.0,43000.0,45667.0,49333.0,45000.0,39667.0,45250.0,47000.0,46000.0,44000.0,50000.0,50333.0,,51333.0,48000.0,25667.0,51000.0,47667.0,,42000.0,46667.0,45250.0,53125.0,37500.0,51667.0,50000.0,48667.0,41000.0,44667.0,44667.0
2025-10-20,42000.0,49000.0,56667.0,40000.0,44333.0,49000.0,40000.0,40000.0,43900.0,48000.0,44600.0,43667.0,47667.0,50333.0,,49667.0,45500.0,25667.0,39500.0,47667.0,,42000.0,45667.0,44500.0,56125.0,37500.0,46667.0,49333.0,48667.0,41000.0,41333.0,45000.0
2025-10-21,35000.0,49000.0,53333.0,36000.0,44333.0,43333.0,40000.0,40000.0,43075.0,48000.0,44600.0,43333.0,45000.0,49000.0,,48000.0,45500.0,25667.0,44000.0,47667.0,,38500.0,45667.0,43000.0,57375.0,39000.0,45333.0,44000.0,48667.0,41000.0,43000.0,45000.0
2025-10-22,35000.0,47500.0,51667.0,36000.0,44333.0,43333.0,40000.0,40333.0,31900.0,43000.0,44600.0,43333.0,45000.0,49000.0,,48000.0,45500.0,24667.0,44000.0,47667.0,,37500.0,41333.0,41750.0,54375.0,36000.0,41333.0,44000.0,47833.0,41000.0,43000.0,43333.0
2025-10-23,35000.0,47500.0,45667.0,36000.0,40000.0,43333.0,40000.0,40000.0,39600.0,43000.0,44600.0,43333.0,44000.0,46667.0,,44333.0,45500.0,24667.0,41500.0,46667.0,,40000.0,41333.0,41750.0,54375.0,33500.0,40667.0,43333.0,47833.0,41000.0,43000.0,44667.0
2025-10-24,35000.0,42500.0,45667.0,33500.0,40000.0,39667.0,40000.0,40000.0,39400.0,43000.0,44600.0,40000.0,42333.0,45333.0,,43667.0,45500.0,24667.0,40000.0,46667.0,,35500.0,41333.0,40000.0,55500.0,33750.0,41000.0,43333.0,46833.0,40000.0,43000.0,42333.0
2025-10-25,35000.0,42500.0,45667.0,33500.0,40000.0,39667.0,40000.0,40000.0,37750.0,43000.0,44000.0,40000.0,40667.0,45333.0,,41333.0,45500.0,24667.0,40000.0,46000.0,,35500.0,41333.0,40000.0,54625.0,33750.0,40333.0,42667.0,46833.0,40000.0,43000.0,44833.0
2025-10-26,34000.0,42500.0,45667.0,33500.0,40000.0,39667.0,40000.0,40000.0,36250.0,43000.0,44000.0,40000.0,40667.0,45333.0,,41333.0,45500.0,24667.0,40000.0,46000.0,,35500.0,41333.0,40000.0,54625.0,33750.0,40333.0,42667.0,46833.0,40000.0,41333.0,39333.0
2025-10-27,34000.0,42500.0,44000.0,33500.0,40000.0,39333.0,33750.0,40000.0,37750.0,41000.0,42800.0,43667.0,43333.0,42667.0,,42000.0,40000.0,24667.0,40000.0,46000.0,,36500.0,36667.0,40750.0,53375.0,32500.0,40667.0,41333.0,46833.0,40000.0,39667.0,39333.0
2025-10-28,32000.0,42500.0,42333.0,33500.0,37333.0,39333.0,32500.0,39667.0,41500.0,41000.0,42800.0,42333.0,45000.0,42667.0,,42000.0,40000.0,24667.0,40000.0,44333.0,,40000.0,35000.0,41250.0,51875.0,37000.0,40000.0,43333.0,46833.0,40000.0,39667.0,39667.0
2025-10-29,35000.0,42500.0,42333.0,39000.0,37333.0,42333.0,32500.0,39667.0,45750.0,42333.0,42400.0,42333.0,50000.0,42667.0,,42000.0,40000.0,24667.0,39500.0,44333.0,,41000.0,38333.0,42750.0,53250.0,43000.0,41667.0,46000.0,49500.0,40000.0,39667.0,41333.0
2025-10-30,35000.0,42500.0,46667.0,39000.0,37333.0,42333.0,36250.0,38000.0,48000.0,42333.0,41600.0,46333.0,52333.0,42667.0,,49333.0,45000.0,24667.0,39500.0,43333.0,,42000.0,38667.0,44750.0,54500.0,47000.0,46000.0,46000.0,49500.0,40000.0,39667.0,43000.0
2025-10-31,36000.0,42500.0,46667.0,41000.0,33333.0,42333.0,36250.0,38000.0,47750.0,45000.0,41600.0,46667.0,52333.0,43333.0,,49333.0,45000.0,24667.0,51000.0,43333.0,,43500.0,41000.0,44750.0,53750.0,42500.0,46000.0,49000.0,49500.0,42000.0,39667.0,46333.0
2025-11-01,45000.0,50000.0,46667.0,41000.0,33333.0,42333.0,36250.0,38000.0,46250.0,45000.0,41600.0,46667.0,52333.0,43333.0,,49667.0,45000.0,24667.0,52000.0,43333.0,,43500.0,42667.0,44750.0,56250.0,42500.0,46000.0,49333.0,49500.0,42000.0,39667.0,45500.0
2025-11-02,45000.0,50000.0,46667.0,41000.0,33333.0,42333.0,36250.0,38000.0,47750.0,46333.0,41600.0,46667.0,52333.0,43333.0,,49667.0,45000.0,24667.0,52000.0,43333.0,,43500.0,42667.0,44750.0,55000.0,42500.0,48333.0,49333.0,49500.0,42000.0,41333.0,46667.0
2025-11-03,50000.0,50000.0,47333.0,48000.0,40000.0,47000.0,40000.0,36667.0,46400.0,46000.0,44000.0,48667.0,54000.0,47000.0,,52333.0,45000.0,24667.0,51000.0,43333.0,,44500.0,45000.0,45250.0,60500.0,42000.0,51000.0,49667.0,49167.0,42000.0,43000.0,50000.0
2025-11-04,50000.0,50000.0,49000.0,52000.0,40000.0,47333.0,40000.0,35333.0,47500.0,46000.0,44400.0,49667.0,54000.0,47000.0,,53333.0,45000.0,24667.0,51000.0,46667.0,,45500.0,45000.0,45250.0,59125.0,42000.0,50000.0,48000.0,51167.0,42000.0,48000.0,50000.0
2025-11-05,52000.0,50000.0,49000.0,52000.0,46667.0,48333.0,40000.0,35333.0,48000.0,47333.0,47800.0,49667.0,53333.0,47000.0,,54667.0,45000.0,24667.0,51000.0,46667.0,,42500.0,45000.0,45250.0,61875.0,38500.0,51000.0,46667.0,51167.0,42000.0,44667.0,49167.0
2025-11-06,52000.0,50000.0,53000.0,46500.0,46667.0,48667.0,41250.0,35333.0,49000.0,47333.0,47800.0,50000.0,55000.0,47000.0,,57100.0,45000.0,24667.0,51000.0,46667.0,,44500.0,45000.0,45750.0,61625.0,41500.0,51000.0,49333.0,51167.0,42000.0,46333.0,50667.0
2025-11-07,54000.0,52500.0,53000.0,48000.0,48333.0,48667.0,39500.0,35333.0,50000.0,48333.0,48400.0,50000.0,55000.0,47000.0,,58567.0,45000.0,24667.0,55000.0,46667.0,,47500.0,44333.0,45750.0,58625.0,46500.0,52333.0,49333.0,51000.0,42000.0,48000.0,52000.0
2025-11-08,54000.0,52500.0,53000.0,50500.0,48333.0,48667.0,39500.0,43667.0,49000.0,48333.0,49000.0,50000.0,55000.0,47667.0,,56333.0,45000.0,24667.0,59000.0,52333.0,,47500.0,44333.0,45750.0,59125.0,46500.0,53333.0,49000.0,51000.0,42000.0,48000.0,50667.0
2025-11-09,54000.0,52500.0,53000.0,51500.0,48333.0,48667.0,39500.0,43667.0,49500.0,48333.0,49000.0,50000.0,55000.0,47667.0,,56667.0,45000.0,24667.0,59000.0,51000.0,,45500.0,44333.0,45750.0,59125.0,44500.0,52667.0,49000.0,52667.0,42000.0,48000.0,50667.0
2025-11-10,54000.0,52500.0,53000.0,46500.0,48333.0,48333.0,39500.0,43667.0,48750.0,47500.0,50400.0,49333.0,55000.0,48667.0,,56667.0,45000.0,24667.0,59000.0,52333.0,,44500.0,45333.0,46000.0,58875.0,43000.0,46000.0,53333.0,55167.0,42000.0,54667.0,49833.0
2025-11-11,50000.0,52500.0,50667.0,49000.0,48333.0,47333.0,40000.0,43667.0,49250.0,47500.0,50500.0,50000.0,54000.0,48667.0,,59000.0,45000.0,24667.0,59000.0,52333.0,,42000.0,45333.0,45500.0,59375.0,44500.0,46667.0,53333.0,55167.0,43000.0,51333.0,47500.0
2025-11-12,50000.0,52500.0,51333.0,42500.0,48333.0,47333.0,41750.0,43667.0,47500.0,47500.0,50500.0,47667.0,54000.0,48667.0,,59000.0,45000.0,24667.0,59000.0,52333.0,,43000.0,44333.0,45750.0,63625.0,42500.0,48333.0,52667.0,55167.0,43000.0,51333.0,47500.0
2025-11-13,38000.0,47500.0,51333.0,40000.0,48333.0,47333.0,43000.0,43333.0,45750.0,47500.0,50500.0,46000.0,51333.0,48333.0,,62333.0,46000.0,24667.0,59000.0,51667.0,,43000.0,45000.0,44750.0,64250.0,47000.0,47000.0,52667.0,55167.0,43000.0,54667.0,47500.0
2025-11-14,38000.0,45000.0,51333.0,40000.0,48333.0,47333.0,43000.0,51667.0,41250.0,46000.0,50000.0,45667.0,47333.0,48333.0,,59000.0,46000.0,24667.0,53000.0,51000.0,,37500.0,45000.0,43250.0,64250.0,44000.0,47333.0,52667.0,53500.0,43000.0,54667.0,50000.0
2025-11-15,37000.0,45000.0,51333.0,40000.0,48333.0,45667.0,43000.0,51667.0,40500.0,46000.0,50000.0,43667.0,47333.0,48333.0,,59000.0,43500.0,24667.0,46500.0,51000.0,,36500.0,43333.0,43250.0,65500.0,44000.0,44333.0,52333.0,56000.0,43000.0,51333.0,49167.0
2025-11-16,37000.0,47500.0,51333.0,40000.0,48333.0,45667.0,43000.0,60333.0,41400.0,46000.0,50000.0,44667.0,47333.0,48333.0,,58667.0,43500.0,24667.0,46500.0,51000.0,,36500.0,43333.0,42750.0,63000.0,38000.0,47333.0,52333.0,56000.0,43000.0,51333.0,48000.0
2025-11-17,37000.0,50000.0,47333.0,40000.0,48333.0,44667.0,43000.0,54000.0,42150.0,40667.0,50000.0,44000.0,54000.0,49000.0,,51667.0,43500.0,24667.0,46500.0,51000.0,,39000.0,44333.0,38500.0,63000.0,41500.0,48000.0,41667.0,56000.0,45000.0,49667.0,44167.0
2025-11-18,42000.0,47500.0,47333.0,36500.0,48333.0,45667.0,43000.0,55667.0,46150.0,40667.0,50000.0,48667.0,54000.0,48667.0,,55000.0,43500.0,24667.0,45000.0,51000.0,,41500.0,45667.0,46250.0,64875.0,40000.0,48000.0,41667.0,56000.0,45000.0,49667.0,41667.0
2025-11-19,42000.0,50000.0,49000.0,37500.0,48333.0,45667.0,43000.0,58000.0,47400.0,41667.0,49600.0,48667.0,55667.0,48667.0,,55333.0,46000.0,24667.0,45000.0,51000.0,,44500.0,46000.0,46250.0,64875.0,40000.0,49333.0,46000.0,54667.0,45000.0,46333.0,41667.0
2025-11-20,42000.0,50000.0,44333.0,45000.0,47667.0,47000.0,43750.0,58000.0,45900.0,41667.0,49600.0,48667.0,48333.0,48667.0,,57000.0,47500.0,24667.0,45000.0,51000.0,,42000.0,46000.0,46250.0,67000.0,42000.0,49333.0,46000.0,53833.0,45000.0,46333.0,42500.0
2025-11-21,44000.0,50000.0,44333.0,46500.0,47667.0,46000.0,43750.0,58000.0,48250.0,42333.0,43600.0,48667.0,50000.0,48667.0,,57000.0,47500.0,24333.0,45000.0,51000.0,,40000.0,43667.0,42000.0,63750.0,41000.0,49333.0,44667.0,53833.0,45000.0,46333.0,45000.0
2025-11-22,44000.0,50000.0,44333.0,46500.0,47667.0,46000.0,43750.0,54333.0,47900.0,42333.0,43000.0,48667.0,50000.0,48667.0,,57000.0,47500.0,24333.0,45000.0,51000.0,,42000.0,41667.0,42000.0,62750.0,41000.0,49333.0,44667.0,53833.0,45000.0,44667.0,44167.0
2025-11-23,44000.0,50000.0,44333.0,46500.0,47667.0,47000.0,43750.0,54333.0,48750.0,42333.0,39000.0,47000.0,50000.0,48667.0,,55333.0,47500.0,24333.0,46500.0,51000.0,,43000.0,41667.0,42000.0,60500.0,41000.0,50000.0,44667.0,52500.0,45000.0,46333.0,43333.0
2025-11-24,44000.0,50000.0,46000.0,36500.0,46000.0,48000.0,43750.0,54333.0,49825.0,44000.0,39000.0,47667.0,58333.0,48667.0,,51167.0,47500.0,24333.0,46500.0,51000.0,,44500.0,43333.0,48000.0,63750.0,46000.0,51000.0,55000.0,53833.0,45000.0,46333.0,44167.0
2025-11-25,45000.0,50000.0,46000.0,36500.0,46000.0,48000.0,43750.0,50667.0,51000.0,44000.0,39000.0,49000.0,56667.0,53333.0,,51167.0,50000.0,24333.0,46500.0,51000.0,,44500.0,45000.0,48000.0,63750.0,47000.0,50667.0,55000.0,137833.0,45000.0,43000.0,45833.0
2025-11-26,45000.0,50000.0,46000.0,36500.0,46000.0,49000.0,43750.0,51000.0,50400.0,44000.0,42000.0,49000.0,60000.0,53333.0,,51167.0,50000.0,24333.0,46500.0,51000.0,,47500.0,44333.0,48000.0,60625.0,49000.0,52667.0,55000.0,54500.0,45000.0,46333.0,47333.0
2025-11-27,45000.0,50000.0,56667.0,39000.0,45667.0,49667.0,43750.0,51000.0,50400.0,47667.0,43000.0,50667.0,60000.0,53333.0,,51167.0,50000.0,24333.0,46500.0,49333.0,,49000.0,44667.0,47250.0,60625.0,46500.0,52667.0,55333.0,52833.0,45000.0,46333.0,46167.0
2025-11-28,45000.0,50000.0,56667.0,39000.0,45000.0,49667.0,48750.0,51000.0,49150.0,49333.0,43000.0,50000.0,58333.0,55000.0,,51667.0,50000.0,24333.0,50000.0,49333.0,,44000.0,45667.0,47250.0,60625.0,46500.0,50000.0,55000.0,53667.0,45000.0,46333.0,48000.0
2025-11-29,45000.0,50000.0,56667.0,39000.0,45000.0,48333.0,48750.0,51000.0,49750.0,49333.0,43000.0,50000.0,55000.0,56667.0,,51667.0,50000.0,24333.0,53000.0,49333.0,,44000.0,45667.0,48000.0,59375.0,46500.0,50000.0,55000.0,53667.0,45000.0,46333.0,45833.0
2025-11-30,45000.0,50000.0,56667.0,41500.0,45000.0,47000.0,48750.0,51000.0,47125.0,49333.0,43600.0,46667.0,55000.0,56667.0,,53333.0,48500.0,24333.0,53000.0,49333.0,,44000.0,45667.0,48000.0,63125.0,47500.0,48333.0,53333.0,53667.0,45000.0,46333.0,45833.0
2025-12-01,42000.0,47500.0,53333.0,36500.0,45000.0,47667.0,48750.0,51000.0,50150.0,48667.0,45000.0,48333.0,55000.0,56667.0,,53333.0,48500.0,24333.0,53000.0,49333.0,,44500.0,46667.0,49500.0,63000.0,47500.0,51667.0,53333.0,54167.0,45000.0,48000.0,45833.0
2025-12-02,42000.0,47500.0,53333.0,36500.0,45000.0,48333.0,48750.0,51000.0,55250.0,48667.0,45000.0,47000.0,55000.0,56667.0,,55000.0,48500.0,24333.0,51000.0,49333.0,,46500.0,46333.0,49500.0,63750.0,47500.0,51000.0,53000.0,54167.0,45000.0,48000.0,46667.0
2025-12-03,42000.0,47500.0,56667.0,36500.0,45000.0,48667.0,56250.0,51000.0,49250.0,48333.0,45000.0,47000.0,56667.0,56667.0,,52333.0,48500.0,24333.0,49500.0,49333.0,,49000.0,46667.0,49500.0,68125.0,44500.0,50000.0,50333.0,56667.0,44000.0,49667.0,45000.0
2025-12-04,42000.0,52500.0,56667.0,36500.0,43333.0,48667.0,53750.0,51000.0,48250.0,48333.0,45000.0,47000.0,50000.0,56667.0,,52333.0,54500.0,24333.0,49500.0,48333.0,,47500.0,49333.0,46250.0,68125.0,44500.0,48333.0,50333.0,56667.0,44000.0,49667.0,43833.0
2025-12-05,42000.0,52500.0,58333.0,36500.0,43333.0,48667.0,53750.0,51000.0,47900.0,48667.0,47800.0,50000.0,55000.0,54333.0,,53333.0,50000.0,24333.0,49500.0,46667.0,,45000.0,49333.0,46250.0,66875.0,42000.0,50000.0,50333.0,56667.0,44000.0,49667.0,46333.0
2025-12-06,42000.0,52500.0,58333.0,36500.0,43333.0,53333.0,52500.0,51000.0,51750.0,48667.0,47800.0,51667.0,56667.0,54333.0,,48333.0,50000.0,24333.0,49000.0,46667.0,,45000.0,50000.0,46250.0,68375.0,44000.0,52667.0,50333.0,56667.0,44000.0,49667.0,45833.0
2025-12-07,42000.0,55000.0,58333.0,36500.0,43333.0,56333.0,52500.0,51000.0,57500.0,48667.0,49000.0,58333.0,63333.0,56667.0,,48333.0,50000.0,24333.0,49000.0,46667.0,,50000.0,50000.0,46250.0,68375.0,61000.0,61000.0,50333.0,56667.0,44000.0,49667.0,45000.0
2025-12-08,42000.0,70000.0,60000.0,37500.0,43333.0,56667.0,58250.0,51000.0,65250.0,58667.0,49000.0,61667.0,73333.0,61667.0,,47167.0,50000.0,24333.0,49000.0,49333.0,,59000.0,61667.0,57000.0,63750.0,58500.0,67000.0,52000.0,56667.0,48000.0,49667.0,46667.0
2025-12-09,42000.0,70000.0,61667.0,37500.0,43333.0,60000.0,58250.0,51000.0,68050.0,58667.0,49000.0,61667.0,75000.0,61667.0,,47733.0,50000.0,24333.0,54000.0,49333.0,,61500.0,66000.0,58250.0,63750.0,64000.0,70000.0,64667.0,56667.0,48000.0,49667.0,49167.0
2025-12-10,42000.0,70000.0,61667.0,40000.0,50000.0,60000.0,58250.0,51000.0,66475.0,60333.0,49000.0,63000.0,78333.0,61667.0,,52167.0,60000.0,24667.0,57500.0,49333.0,,61000.0,67333.0,59000.0,63750.0,63000.0,70000.0,64667.0,62000.0,48000.0,49667.0,53000.0
2025-12-11,42000.0,67500.0,63333.0,40000.0,50000.0,63000.0,58250.0,51000.0,67400.0,60333.0,49000.0,64333.0,73333.0,61667.0,,52167.0,60000.0,24667.0,59000.0,52000.0,,61000.0,65000.0,59000.0,62500.0,60000.0,69333.0,63333.0,63667.0,48000.0,49667.0,50000.0
2025-12-12,42000.0,60000.0,63333.0,40000.0,50000.0,60333.0,58750.0,51000.0,63500.0,62000.0,49000.0,60333.0,68333.0,61667.0,,52167.0,60000.0,24667.0,49500.0,52000.0,,57500.0,65000.0,59000.0,60000.0,59000.0,67000.0,67333.0,67833.0,48000.0,49667.0,51667.0
2025-12-13,42000.0,60000.0,63333.0,40000.0,50000.0,59333.0,58750.0,51000.0,205600.0,62000.0,47600.0,55333.0,68333.0,60000.0,,52000.0,60000.0,24667.0,49500.0,52000.0,,57500.0,65000.0,60000.0,60000.0,56500.0,61000.0,67333.0,67833.0,48000.0,49667.0,53000.0
2025-12-14,42000.0,60000.0,63333.0,40000.0,50000.0,60000.0,58750.0,51000.0,61500.0,62000.0,46400.0,55333.0,68333.0,61667.0,,52000.0,60000.0,24667.0,49500.0,52333.0,,55000.0,65000.0,60000.0,60000.0,52500.0,62667.0,66667.0,67833.0,48000.0,49667.0,50833.0
2025-12-15,42000.0,60000.0,63333.0,37500.0,50000.0,58333.0,59500.0,51000.0,58900.0,62000.0,46800.0,53000.0,63333.0,61667.0,,52000.0,62500.0,24667.0,56500.0,52333.0,,52500.0,60667.0,59000.0,60500.0,52500.0,59333.0,65000.0,68167.0,48000.0,49667.0,56667.0
2025-12-16,40000.0,55000.0,61667.0,37500.0,43333.0,55000.0,59500.0,50667.0,51650.0,62000.0,47800.0,50000.0,60000.0,61667.0,,50333.0,62500.0,24667.0,56500.0,50000.0,,47500.0,55667.0,54250.0,62500.0,47000.0,54000.0,61667.0,67833.0,50000.0,49667.0,53333.0
2025-12-17,40000.0,47500.0,56667.0,35500.0,43333.0,50000.0,55750.0,50667.0,51000.0,55000.0,54000.0,46333.0,53333.0,61667.0,,48667.0,62500.0,24667.0,56500.0,47667.0,,46000.0,46000.0,53000.0,61250.0,40000.0,49667.0,59333.0,64500.0,50000.0,49667.0,51667.0
2025-12-18,40000.0,45000.0,56667.0,29000.0,43333.0,46667.0,44500.0,50667.0,41400.0,55000.0,54000.0,38667.0,47000.0,48333.0,,46500.0,62500.0,24667.0,47500.0,40667.0,,41500.0,43333.0,50750.0,61250.0,35000.0,49000.0,57667.0,64500.0,50000.0,49667.0,49167.0
2025-12-19,35000.0,40000.0,56667.0,29000.0,43333.0,38667.0,44500.0,50667.0,36250.0,45000.0,53000.0,38000.0,44333.0,41667.0,,48167.0,62500.0,24667.0,47500.0,40667.0,,35000.0,35667.0,46250.0,63125.0,33000.0,35000.0,57667.0,61667.0,50000.0,43000.0,41667.0
2025-12-20,35000.0,40000.0,56667.0,29000.0,43333.0,36333.0,44500.0,50667.0,35250.0,45000.0,53000.0,30000.0,42667.0,45000.0,,48167.0,40000.0,24667.0,45000.0,40667.0,,28500.0,35667.0,42500.0,61375.0,30000.0,34667.0,55000.0,58333.0,50000.0,43000.0,42000.0
2025-12-21,35000.0,40000.0,56667.0,27000.0,43333.0,34333.0,44500.0,50667.0,35250.0,45000.0,49200.0,31667.0,44333.0,46667.0,,41500.0,40000.0,24667.0,45000.0,36667.0,,28500.0,35667.0,42500.0,61375.0,30000.0,34000.0,55000.0,57833.0,50000.0,43000.0,42000.0
2025-12-22,30000.0,32500.0,55000.0,19000.0,30000.0,33000.0,37000.0,50667.0,33575.0,39000.0,50000.0,31667.0,40333.0,40000.0,,38167.0,40000.0,24667.0,34500.0,36667.0,,31000.0,35667.0,36250.0,56875.0,30000.0,29333.0,36000.0,45000.0,40000.0,44667.0,41333.0
2025-12-23,27000.0,32500.0,55000.0,19000.0,28000.0,32667.0,37000.0,50667.0,34075.0,39000.0,46000.0,35333.0,38333.0,37333.0,,37500.0,35000.0,24667.0,38000.0,33333.0,,31000.0,35667.0,35000.0,53875.0,29000.0,31667.0,35000.0,46000.0,38000.0,39667.0,37667.0
2025-12-24,27000.0,32500.0,46667.0,20000.0,28000.0,31667.0,37000.0,50667.0,33800.0,38000.0,41200.0,35333.0,40000.0,37333.0,,37000.0,35000.0,24667.0,37000.0,35000.0,,29000.0,35667.0,32500.0,48250.0,29000.0,34000.0,34667.0,44667.0,38000.0,39667.0,39000.0
2025-12-25,27000.0,37500.0,46667.0,20000.0,28000.0,31667.0,37000.0,50667.0,33800.0,38000.0,38400.0,35333.0,40000.0,39000.0,,37000.0,37500.0,24667.0,37000.0,34333.0,,29000.0,35667.0,33500.0,48250.0,26500.0,32333.0,34667.0,44667.0,38000.0,39667.0,37667.0
2025-12-26,20000.0,37500.0,46667.0,22000.0,28000.0,31000.0,37000.0,50667.0,33250.0,38000.0,38400.0,35333.0,40000.0,39000.0,,34667.0,37500.0,24667.0,37000.0,35000.0,,28500.0,36667.0,32500.0,46250.0,26500.0,32333.0,36000.0,44667.0,38000.0,39667.0,38333.0
2025-12-27,20000.0,37500.0,46667.0,22000.0,28000.0,30000.0,37000.0,50000.0,34500.0,34667.0,38400.0,34667.0,41000.0,39000.0,,34667.0,37500.0,24667.0,37000.0,34000.0,,28500.0,36667.0,34000.0,46250.0,29000.0,32333.0,37000.0,44667.0,38000.0,39667.0,37000.0
2025-12-28,20000.0,37500.0,46667.0,24500.0,30000.0,30000.0,37000.0,50667.0,35000.0,34667.0,36600.0,34667.0,41000.0,39000.0,,34667.0,37500.0,24667.0,36000.0,34000.0,,31000.0,36667.0,32750.0,46250.0,29000.0,34333.0,36000.0,44667.0,38000.0,43000.0,38333.0
2025-12-29,25000.0,35000.0,36667.0,23500.0,30000.0,29333.0,40750.0,51000.0,33575.0,34667.0,35400.0,34667.0,36333.0,39000.0,,33667.0,33500.0,24667.0,30000.0,34000.0,,30000.0,35000.0,31750.0,43000.0,29000.0,31000.0,35667.0,41667.0,35000.0,43000.0,37500.0
2025-12-30,25000.0,35000.0,36667.0,21000.0,30000.0,29333.0,40750.0,51000.0,32800.0,34667.0,35400.0,33667.0,36333.0,40333.0,,33000.0,33500.0,24667.0,27500.0,34000.0,,29000.0,35000.0,31000.0,40500.0,29000.0,30000.0,36000.0,41667.0,35000.0,43000.0,40000.0
2025-12-31,25000.0,35000.0,33333.0,21000.0,30000.0,29333.0,38250.0,51000.0,32150.0,34333.0,35400.0,33667.0,36667.0,40333.0,,32500.0,33500.0,24667.0,27500.0,34000.0,,26500.0,35000.0,31000.0,41250.0,26500.0,30333.0,34000.0,39500.0,35000.0,43000.0,37833.0
2026-01-01,22000.0,35000.0,33333.0,21000.0,30000.0,29667.0,38250.0,51000.0,30000.0,34333.0,35400.0,30000.0,38333.0,40333.0,,32500.0,33500.0,24667.0,27500.0,36667.0,,26500.0,35000.0,31000.0,38750.0,26500.0,30333.0,34000.0,39500.0,35000.0,43000.0,36667.0
2026-01-02,23000.0,35000.0,33333.0,20000.0,30000.0,29667.0,38250.0,51000.0,33650.0,34333.0,34000.0,30000.0,40000.0,41333.0,,32333.0,33500.0,24667.0,27500.0,34000.0,,29000.0,35000.0,30000.0,38750.0,26500.0,28667.0,34000.0,37000.0,35000.0,43000.0,37500.0
2026-01-03,22000.0,35000.0,33333.0,20000.0,30000.0,29667.0,38250.0,51000.0,32000.0,34333.0,34000.0,30000.0,35000.0,40333.0,,31667.0,33500.0,24667.0,28500.0,32000.0,,29000.0,35000.0,30000.0,38750.0,26500.0,32000.0,33333.0,37000.0,35000.0,36333.0,36333.0
2026-01-04,23000.0,30000.0,33333.0,20000.0,30000.0,29000.0,38250.0,50667.0,30750.0,34333.0,35600.0,30000.0,35000.0,37333.0,,31667.0,33500.0,24667.0,28500.0,32000.0,,26000.0,35000.0,30000.0,36250.0,25500.0,30333.0,33333.0,37833.0,35000.0,36333.0,37000.0
2026-01-05,23000.0,35000.0,31667.0,22000.0,26333.0,28000.0,38250.0,43333.0,32000.0,33333.0,33600.0,30000.0,35000.0,33333.0,,31667.0,30000.0,24667.0,25500.0,32000.0,,25000.0,33333.0,29500.0,35625.0,25500.0,30000.0,28333.0,32833.0,34000.0,36333.0,35667.0
2026-01-06,23000.0,32500.0,31667.0,22000.0,26333.0,27000.0,38250.0,43333.0,31225.0,33333.0,32200.0,30000.0,35000.0,33333.0,,31333.0,30000.0,24667.0,28000.0,31000.0,,27000.0,32333.0,29000.0,35625.0,24000.0,31000.0,28000.0,32833.0,33000.0,36333.0,35000.0
2026-01-07,22000.0,32500.0,33333.0,22000.0,26333.0,26667.0,31250.0,40333.0,29625.0,31000.0,32400.0,30000.0,33333.0,33333.0,,29667.0,30000.0,24667.0,28000.0,31000.0,,27000.0,31667.0,30500.0,38875.0,23000.0,31000.0,28000.0,32833.0,32000.0,36333.0,32000.0
2026-01-08,22000.0,30000.0,33333.0,22000.0,26333.0,26667.0,38250.0,40333.0,29400.0,31000.0,32000.0,30000.0,35000.0,33333.0,,29667.0,30000.0,24667.0,28000.0,31000.0,,27000.0,31667.0,31000.0,40125.0,23000.0,27000.0,28000.0,33167.0,31000.0,36333.0,30000.0
2026-01-09,22000.0,30000.0,33333.0,22000.0,26333.0,26667.0,31250.0,40333.0,28150.0,29333.0,32600.0,28333.0,35000.0,32667.0,,29167.0,30000.0,24667.0,28000.0,27000.0,,26000.0,31667.0,29750.0,38125.0,22000.0,27000.0,28000.0,33167.0,31000.0,36333.0,31167.0
2026-01-10,22000.0,30000.0,33333.0,22000.0,24667.0,26333.0,31250.0,40333.0,25400.0,29333.0,31200.0,28333.0,35000.0,30000.0,,29167.0,30000.0,24667.0,28000.0,28000.0,,26000.0,31667.0,27250.0,36875.0,23000.0,26667.0,28000.0,33167.0,31000.0,36333.0,32333.0
2026-01-11,22000.0,30000.0,33333.0,22000.0,24667.0,26333.0,31250.0,40333.0,24900.0,29333.0,30600.0,26000.0,33333.0,30000.0,,28333.0,30000.0,24667.0,28000.0,28000.0,,26000.0,31667.0,27250.0,36750.0,22000.0,25000.0,28000.0,27833.0,31000.0,36333.0,33333.0
2026-01-12,22000.0,25000.0,31667.0,19000.0,24333.0,24667.0,29625.0,38667.0,25500.0,27333.0,29200.0,26667.0,25333.0,26333.0,,28333.0,30000.0,24667.0,28000.0,28000.0,,22500.0,27333.0,27250.0,34250.0,22000.0,26667.0,27000.0,27167.0,31000.0,36333.0,30833.0
2026-01-13,20000.0,25000.0,30000.0,19000.0,24333.0,24333.0,28250.0,38667.0,26150.0,27333.0,28200.0,25000.0,25333.0,26333.0,,28333.0,26000.0,24667.0,28000.0,28000.0,,22500.0,26667.0,26500.0,31750.0,22000.0,26333.0,27000.0,27167.0,31000.0,31667.0,30000.0
2026-01-14,20000.0,27500.0,30000.0,19000.0,25333.0,24333.0,28750.0,38667.0,23900.0,27333.0,28200.0,25000.0,29333.0,26333.0,,28000.0,24500.0,24667.0,28000.0,28667.0,,24000.0,26000.0,24750.0,33250.0,22000.0,26667.0,27333.0,27167.0,30000.0,31667.0,26333.0
2026-01-15,20000.0,27500.0,32333.0,19000.0,24667.0,24000.0,30000.0,38667.0,22650.0,27000.0,27600.0,25000.0,29333.0,26333.0,,28000.0,24500.0,24000.0,28000.0,28667.0,,24000.0,25667.0,25750.0,31250.0,20000.0,25667.0,27333.0,26500.0,30000.0,31667.0,26333.0
2026-01-16,21000.0,27500.0,32333.0,19000.0,24667.0,24333.0,30000.0,38000.0,23250.0,27000.0,28000.0,25000.0,29333.0,28000.0,,27333.0,24500.0,24000.0,28000.0,28667.0,,24000.0,26667.0,25750.0,31250.0,19000.0,24667.0,27333.0,26000.0,30000.0,30000.0,26333.0
2026-01-17,21000.0,27500.0,32333.0,19000.0,24667.0,23667.0,30000.0,38000.0,22900.0,26000.0,28000.0,25000.0,30000.0,28000.0,,27333.0,24500.0,24000.0,29000.0,28667.0,,24000.0,26667.0,23750.0,31250.0,19000.0,24667.0,28333.0,26000.0,30000.0,30000.0,27167.0
2026-01-18,21333.0,27500.0,32333.0,19000.0,24667.0,23667.0,30000.0,38000.0,23575.0,26000.0,28600.0,25000.0,30000.0,29667.0,,27333.0,24500.0,24000.0,29000.0,28667.0,,24000.0,26667.0,24250.0,31000.0,19000.0,25333.0,28333.0,26000.0,30000.0,30667.0,28167.0
2026-01-19,22000.0,27500.0,30667.0,20000.0,24667.0,23667.0,27000.0,37667.0,23125.0,25667.0,26800.0,25000.0,29333.0,31000.0,,30833.0,30000.0,24000.0,29000.0,28667.0,,24000.0,25000.0,24250.0,30250.0,19000.0,26000.0,26667.0,26000.0,30000.0,31667.0,29500.0
2026-01-20,22000.0,27500.0,30667.0,20000.0,24667.0,23667.0,27000.0,37667.0,24300.0,25667.0,25800.0,25000.0,28333.0,27667.0,,30833.0,30000.0,24000.0,29000.0,28000.0,,22500.0,25000.0,24250.0,29000.0,19000.0,25000.0,26333.0,26000.0,30000.0,31667.0,27833.0
2026-01-21,21000.0,25000.0,30667.0,19000.0,24667.0,23667.0,27000.0,37667.0,23500.0,24333.0,25400.0,25000.0,28333.0,27667.0,,30333.0,30000.0,24000.0,29000.0,27333.0,,22500.0,25000.0,24250.0,29000.0,19000.0,24667.0,26333.0,26333.0,30000.0,31667.0,27000.0
2026-01-22,21000.0,25000.0,30667.0,20000.0,24667.0,23667.0,27000.0,37667.0,23900.0,24333.0,25400.0,25000.0,29333.0,27000.0,,28667.0,30000.0,24000.0,29000.0,26333.0,,21500.0,25000.0,24250.0,30250.0,19000.0,25000.0,26667.0,27667.0,30000.0,31667.0,27000.0
2026-01-23,22000.0,25000.0,30667.0,20000.0,23333.0,23667.0,27125.0,37667.0,24550.0,24333.0,26400.0,25000.0,28667.0,27000.0,,28667.0,27000.0,24000.0,26500.0,26333.0,,24000.0,25000.0,24750.0,30250.0,19000.0,25667.0,28333.0,27667.0,30000.0,30000.0,25667.0
2026-01-24,22000.0,27500.0,30667.0,20000.0,23333.0,23667.0,27125.0,37667.0,27975.0,24333.0,26400.0,27000.0,28667.0,27667.0,,28667.0,27000.0,24000.0,23500.0,24667.0,,24000.0,25000.0,25000.0,34750.0,19000.0,26667.0,28333.0,27833.0,30000.0,30000.0,26167.0
2026-01-25,22000.0,27500.0,30667.0,20000.0,23333.0,25000.0,27125.0,37333.0,27075.0,24333.0,26400.0,27000.0,28667.0,29333.0,,28667.0,27000.0,24000.0,23500.0,24667.0,,24000.0,25000.0,25000.0,33750.0,21000.0,26333.0,28333.0,27833.0,30000.0,30000.0,27000.0
2026-01-26,21000.0,30000.0,32333.0,19000.0,23333.0,25333.0,28750.0,37333.0,27975.0,25333.0,28200.0,27000.0,29333.0,29333.0,,28667.0,29000.0,24000.0,23000.0,24667.0,,25000.0,25000.0,25000.0,35750.0,21000.0,26000.0,29333.0,28500.0,30000.0,31667.0,28667.0
2026-01-27,21000.0,30000.0,32333.0,19000.0,23333.0,26000.0,28750.0,37333.0,28725.0,25333.0,28200.0,25000.0,29333.0,31667.0,,28167.0,29000.0,24000.0,23000.0,24667.0,,25000.0,25000.0,25000.0,36250.0,24000.0,26667.0,29333.0,28333.0,30000.0,31333.0,28167.0
2026-01-28,21000.0,32500.0,34000.0,20000.0,24667.0,26000.0,30000.0,37333.0,27875.0,26667.0,28600.0,25000.0,31000.0,30000.0,,28167.0,27500.0,24000.0,23000.0,24667.0,,23000.0,25000.0,25750.0,32250.0,23000.0,28000.0,31667.0,29500.0,30000.0,33000.0,28167.0
2026-01-29,25000.0,32500.0,35000.0,23500.0,24667.0,26667.0,33000.0,38000.0,28825.0,26667.0,28600.0,26000.0,35000.0,30667.0,,29267.0,27500.0,24000.0,23000.0,24000.0,,24500.0,25000.0,25750.0,31750.0,23000.0,28667.0,30333.0,29500.0,30000.0,33000.0,29333.0
2026-01-30,26000.0,32500.0,35000.0,23500.0,24667.0,27667.0,32000.0,38000.0,27400.0,27667.0,28600.0,26667.0,35000.0,30667.0,,30267.0,27500.0,24000.0,23000.0,24000.0,,25000.0,25000.0,25750.0,35500.0,23000.0,29333.0,31000.0,29500.0,30000.0,33333.0,30000.0
2026-01-31,23500.0,32500.0,35000.0,23500.0,24667.0,27667.0,32000.0,38000.0,27900.0,28667.0,28600.0,27667.0,35000.0,30667.0,,30267.0,27500.0,24000.0,25500.0,24000.0,,25000.0,25000.0,25750.0,35750.0,23000.0,29333.0,31000.0,29500.0,30000.0,33333.0,30000.0
2026-02-01,24000.0,30000.0,35000.0,23500.0,24667.0,27667.0,32000.0,38000.0,27900.0,28667.0,28600.0,28333.0,35000.0,29333.0,,30167.0,27500.0,24000.0,25500.0,24000.0,,25000.0,25000.0,25750.0,35750.0,23000.0,29333.0,31000.0,29500.0,30000.0,33333.0,32500.0
2026-02-02,25500.0,30000.0,35667.0,23500.0,24667.0,28000.0,28500.0,38000.0,28650.0,29667.0,28600.0,29000.0,35000.0,31000.0,,30333.0,27500.0,24000.0,25500.0,24000.0,,25000.0,27667.0,27500.0,35250.0,23000.0,30000.0,31667.0,29667.0,30000.0,33333.0,30167.0
2026-02-03,25500.0,30000.0,35667.0,23500.0,24667.0,28000.0,28500.0,38000.0,29000.0,29667.0,28600.0,29000.0,35000.0,32667.0,,30333.0,27500.0,24000.0,25500.0,24000.0,,26500.0,28000.0,28250.0,35750.0,24000.0,30000.0,31667.0,29667.0,30000.0,33333.0,30167.0
2026-02-04,25500.0,32500.0,35667.0,23500.0,24667.0,28000.0,28500.0,37000.0,29225.0,29667.0,28600.0,28333.0,33333.0,33333.0,,30333.0,27500.0,24000.0,25000.0,25667.0,,26500.0,28000.0,26750.0,37500.0,24000.0,30000.0,31667.0,30333.0,30000.0,33333.0,28500.0
2026-02-05,25500.0,32500.0,35667.0,23500.0,24667.0,28000.0,28500.0,37000.0,30400.0,32333.0,28600.0,28667.0,35000.0,33333.0,,30333.0,32000.0,24000.0,25000.0,25667.0,,28500.0,28667.0,28000.0,35500.0,27000.0,30000.0,31667.0,30000.0,30000.0,32667.0,30500.0
2026-02-06,27000.0,32500.0,35667.0,23500.0,24667.0,28000.0,28500.0,36333.0,30525.0,30667.0,28600.0,28667.0,35000.0,32333.0,,31333.0,32000.0,24000.0,25000.0,25667.0,,28500.0,31667.0,28000.0,36750.0,27000.0,30667.0,31667.0,31000.0,30000.0,32333.0,32667.0
2026-02-07,27000.0,32500.0,35667.0,23500.0,24667.0,28667.0,28500.0,35333.0,31250.0,30667.0,28600.0,28000.0,35000.0,32333.0,,31333.0,32000.0,24000.0,25000.0,25667.0,,28500.0,31667.0,28250.0,36750.0,27000.0,30667.0,31667.0,31000.0,30000.0,31667.0,32167.0
2026-02-08,25000.0,32500.0,35667.0,23500.0,24667.0,28667.0,28500.0,35333.0,31000.0,30667.0,27000.0,28667.0,35000.0,35333.0,,31333.0,32000.0,24000.0,25000.0,26333.0,,30000.0,31667.0,29500.0,36750.0,27000.0,30000.0,31667.0,31000.0,30000.0,31667.0,32167.0
2026-02-09,27000.0,35000.0,36667.0,23500.0,28333.0,29000.0,30250.0,35333.0,32000.0,32333.0,27000.0,30667.0,36667.0,35333.0,,31667.0,32000.0,24000.0,25000.0,28000.0,,30000.0,33333.0,31750.0,35000.0,27000.0,30333.0,31667.0,29333.0,30000.0,29333.0,32833.0
2026-02-10,26000.0,35000.0,36667.0,23500.0,28333.0,29333.0,31500.0,35333.0,33750.0,32667.0,27600.0,32667.0,39000.0,37000.0,,30833.0,32000.0,24000.0,26500.0,28000.0,,31500.0,33333.0,31750.0,36500.0,27000.0,33333.0,36667.0,29333.0,30000.0,29333.0,34333.0
2026-02-11,28000.0,35000.0,36667.0,23500.0,28333.0,29667.0,32000.0,35333.0,34900.0,33667.0,28200.0,32667.0,37333.0,37000.0,,30833.0,32000.0,24000.0,25000.0,28667.0,,33500.0,34000.0,32750.0,36375.0,27000.0,34000.0,38333.0,29667.0,30000.0,29333.0,35167.0
2026-02-12,26500.0,37500.0,36667.0,23500.0,28333.0,31667.0,32000.0,35333.0,26825.0,33667.0,27200.0,36333.0,36667.0,41000.0,,32833.0,34500.0,24000.0,25000.0,28667.0,,32500.0,34000.0,36250.0,33000.0,28000.0,34000.0,37667.0,29667.0,30000.0,33333.0,34167.0
2026-02-13,26500.0,37500.0,36667.0,25500.0,27667.0,31667.0,32000.0,35333.0,34500.0,33333.0,27200.0,36333.0,36667.0,41000.0,,32833.0,34500.0,24000.0,25000.0,29667.0,,33500.0,35000.0,36250.0,36250.0,28000.0,35333.0,37667.0,29667.0,30000.0,33333.0,32833.0
2026-02-14,25000.0,37500.0,36667.0,25500.0,29333.0,33667.0,32000.0,35333.0,36000.0,33333.0,27200.0,36333.0,40333.0,39000.0,,33333.0,34500.0,24000.0,25000.0,29667.0,,33500.0,35000.0,37000.0,36250.0,30000.0,36333.0,37667.0,30500.0,30000.0,32667.0,34500.0
2026-02-15,30000.0,37500.0,36667.0,25500.0,29333.0,37667.0,32000.0,35333.0,38900.0,33333.0,27200.0,36333.0,40333.0,39000.0,,33333.0,34500.0,24000.0,25000.0,30667.0,,36000.0,35000.0,37000.0,37500.0,30000.0,36667.0,37667.0,31333.0,30000.0,32667.0,34833.0
2026-02-16,32000.0,37500.0,36667.0,25500.0,30000.0,39667.0,32000.0,35000.0,39750.0,33333.0,27600.0,36333.0,46667.0,42667.0,,33333.0,34500.0,24000.0,27500.0,30667.0,,36000.0,35000.0,37000.0,38750.0,30000.0,39000.0,38667.0,31333.0,30000.0,32667.0,36667.0
2026-02-17,32000.0,37500.0,36667.0,27500.0,30000.0,43000.0,32000.0,35000.0,42000.0,33333.0,27600.0,36333.0,52667.0,42667.0,,36667.0,34500.0,24000.0,27500.0,30933.0,,36000.0,35000.0,37500.0,38750.0,30000.0,51333.0,38667.0,31333.0,35000.0,33333.0,37167.0
2026-02-18,30000.0,42500.0,40000.0,31000.0,32333.0,40667.0,42500.0,38333.0,38150.0,34667.0,31000.0,36333.0,47000.0,40000.0,,36667.0,34500.0,24000.0,29000.0,30667.0,,30000.0,35000.0,39250.0,40000.0,30000.0,47667.0,42667.0,33000.0,35000.0,33333.0,37833.0
2026-02-19,30000.0,42500.0,40000.0,31000.0,32333.0,40333.0,42500.0,41667.0,39550.0,34667.0,34400.0,36333.0,45000.0,40000.0,,36667.0,38000.0,25000.0,29000.0,30667.0,,34500.0,35000.0,39250.0,40000.0,25000.0,40667.0,48333.0,33000.0,35000.0,33333.0,38333.0
2026-02-20,35000.0,42500.0,48333.0,26000.0,29333.0,40667.0,42500.0,41667.0,40000.0,39667.0,34800.0,36333.0,46667.0,40000.0,,38333.0,38000.0,25000.0,29000.0,28667.0,,36000.0,36667.0,39250.0,43250.0,25000.0,41667.0,48333.0,35500.0,35000.0,31667.0,38333.0
2026-02-21,38000.0,42500.0,48333.0,26000.0,32667.0,41667.0,42500.0,41667.0,41250.0,39667.0,34800.0,39667.0,46667.0,41667.0,,38333.0,38000.0,25000.0,29000.0,28667.0,,36000.0,40000.0,39250.0,42500.0,30000.0,41667.0,48333.0,35500.0,35000.0,33333.0,40000.0
2026-02-22,32000.0,40000.0,48333.0,26000.0,35000.0,41667.0,42500.0,41667.0,39250.0,39667.0,34800.0,41000.0,44000.0,41667.0,,38333.0,39000.0,25000.0,29000.0,31000.0,,36000.0,40000.0,39250.0,43000.0,30000.0,41667.0,48333.0,35833.0,35000.0,33333.0,38667.0
2026-02-23,32000.0,40000.0,47333.0,31000.0,35000.0,39333.0,39500.0,41667.0,37000.0,35667.0,36000.0,36667.0,41667.0,41667.0,,37833.0,38000.0,25000.0,29000.0,31000.0,,33500.0,38333.0,37250.0,40500.0,27500.0,40000.0,45000.0,37500.0,38000.0,33333.0,36167.0
2026-02-24,32000.0,40000.0,42333.0,31000.0,33333.0,36667.0,38250.0,41667.0,35400.0,32667.0,33400.0,36000.0,36667.0,41667.0,,36167.0,38000.0,25000.0,29000.0,31000.0,,30000.0,37667.0,29500.0,35000.0,27500.0,36667.0,43333.0,40500.0,38000.0,33333.0,36167.0
2026-02-25,30000.0,40000.0,40667.0,31000.0,33333.0,35000.0,38250.0,42000.0,30650.0,31333.0,33400.0,34333.0,35000.0,36000.0,,36167.0,38000.0,25000.0,29000.0,31000.0,,27500.0,37667.0,29500.0,34750.0,25000.0,34000.0,43333.0,40500.0,38000.0,33333.0,36167.0
2026-02-26,32500.0,32500.0,40667.0,30000.0,33333.0,34667.0,35750.0,42000.0,28500.0,28667.0,33400.0,31667.0,32667.0,32000.0,,35667.0,38000.0,25000.0,29000.0,31000.0,,25000.0,31667.0,27250.0,35125.0,22500.0,31667.0,35667.0,40500.0,38000.0,33333.0,35167.0
2026-02-27,28000.0,31000.0,40667.0,25000.0,32667.0,32667.0,36250.0,41667.0,27900.0,28667.0,33400.0,29333.0,31667.0,31333.0,,34567.0,28000.0,25000.0,29000.0,30333.0,,25000.0,33333.0,27500.0,35000.0,20000.0,32667.0,35667.0,40500.0,38000.0,33333.0,36167.0
2026-02-28,28000.0,31000.0,40667.0,25000.0,32667.0,28000.0,36250.0,37333.0,30000.0,29333.0,33400.0,27333.0,31667.0,33667.0,,34567.0,28000.0,25000.0,29000.0,30333.0,,24000.0,33333.0,27750.0,31750.0,20000.0,32667.0,36000.0,40500.0,38000.0,32667.0,36167.0
2026-03-01,29000.0,31000.0,40667.0,25000.0,32667.0,28000.0,36250.0,38667.0,29150.0,29333.0,33400.0,27333.0,30667.0,33667.0,,34567.0,28000.0,25000.0,29000.0,30333.0,,24000.0,35000.0,27750.0,31750.0,21000.0,31667.0,36000.0,40500.0,38000.0,31667.0,35333.0
2026-03-02,27500.0,28500.0,40667.0,24000.0,30333.0,28000.0,32000.0,35000.0,29250.0,29333.0,33000.0,27333.0,35000.0,33667.0,,34567.0,27500.0,25000.0,29000.0,29333.0,,28000.0,33333.0,27500.0,31125.0,21000.0,29333.0,35333.0,38000.0,38000.0,35000.0,35333.0
2026-03-03,27500.0,28500.0,40667.0,24000.0,30333.0,28000.0,36250.0,35000.0,29750.0,29333.0,33000.0,27333.0,35000.0,33667.0,,34567.0,27500.0,25000.0,29000.0,29333.0,,25000.0,33333.0,27500.0,28125.0,21000.0,29667.0,35333.0,38000.0,38000.0,35000.0,34500.0
2026-03-04,28000.0,31000.0,40667.0,26000.0,31667.0,28333.0,36250.0,30000.0,30075.0,29333.0,33000.0,27333.0,36667.0,33667.0,,34000.0,27500.0,25000.0,29000.0,29333.0,,27500.0,32333.0,28000.0,26875.0,24500.0,30667.0,35667.0,35667.0,38000.0,35000.0,35000.0
2026-03-05,29000.0,31000.0,40667.0,26000.0,31667.0,29000.0,31250.0,30000.0,31000.0,29333.0,32200.0,27333.0,36667.0,33333.0,,34000.0,27500.0,25000.0,29000.0,30000.0,,28500.0,31667.0,28500.0,27625.0,25000.0,32333.0,35667.0,35167.0,38000.0,34333.0,35333.0
2026-03-06,29000.0,31000.0,40667.0,26000.0,32333.0,31667.0,31000.0,30333.0,31050.0,29333.0,32200.0,27333.0,35000.0,33333.0,,34000.0,28000.0,25000.0,29000.0,29000.0,,28500.0,30000.0,28500.0,30750.0,25000.0,29333.0,35333.0,34833.0,38000.0,34333.0,34500.0
2026-03-07,30500.0,31000.0,40667.0,28000.0,32333.0,32333.0,31000.0,30333.0,31050.0,29333.0,32200.0,27333.0,35000.0,33333.0,,34000.0,28000.0,25000.0,29000.0,29000.0,,28500.0,30000.0,28500.0,30750.0,25000.0,31667.0,36000.0,34333.0,38000.0,34333.0,35333.0
2026-03-08,35000.0,31000.0,40667.0,28000.0,30000.0,33000.0,31000.0,30333.0,32000.0,29333.0,32200.0,27333.0,35000.0,33333.0,,34000.0,28000.0,25000.0,29500.0,29000.0,,28500.0,30000.0,28500.0,31375.0,25000.0,30000.0,36000.0,34333.0,38000.0,34333.0,36167.0
2026-03-09,35000.0,35000.0,37333.0,28500.0,29333.0,33667.0,32250.0,30000.0,32000.0,32667.0,32200.0,30333.0,35000.0,33333.0,,34567.0,30000.0,25000.0,31500.0,29000.0,,29000.0,31667.0,29750.0,31375.0,25000.0,30667.0,32333.0,34333.0,39000.0,35000.0,37000.0
2026-03-10,34000.0,35000.0,36667.0,28500.0,29333.0,34000.0,32250.0,30000.0,31150.0,32667.0,32200.0,30333.0,35000.0,33333.0,,34567.0,31000.0,25000.0,31500.0,29000.0,,27500.0,31667.0,31250.0,31375.0,26000.0,33333.0,32667.0,34333.0,39000.0,33333.0,37500.0
2026-03-11,34000.0,35000.0,36667.0,31000.0,29333.0,33333.0,32250.0,30333.0,31400.0,32667.0,33200.0,27667.0,35000.0,33333.0,,34567.0,31000.0,25000.0,31500.0,29000.0,,27500.0,30000.0,31250.0,30250.0,26000.0,31667.0,32667.0,34333.0,39000.0,33333.0,36667.0
2026-03-12,35000.0,32500.0,36667.0,31000.0,29333.0,33000.0,33500.0,30333.0,34650.0,32667.0,33200.0,29333.0,35000.0,33333.0,,34567.0,31000.0,25000.0,31500.0,29000.0,,29500.0,30000.0,31750.0,28750.0,26000.0,33333.0,33333.0,33333.0,39000.0,33333.0,35833.0
2026-03-13,35000.0,32500.0,37667.0,34000.0,30667.0,31000.0,33500.0,30333.0,35500.0,32667.0,33200.0,30667.0,37667.0,34667.0,,36233.0,31000.0,25000.0,31500.0,29000.0,,29500.0,33000.0,32750.0,28750.0,26000.0,31667.0,33333.0,33333.0,39000.0,33333.0,35500.0
2026-03-14,35000.0,32500.0,37667.0,37000.0,30667.0,34000.0,33500.0,30000.0,37500.0,31333.0,33200.0,32000.0,37667.0,34667.0,,36233.0,34000.0,25000.0,31500.0,28000.0,,29500.0,33000.0,32750.0,28750.0,26000.0,33667.0,33333.0,33000.0,39000.0,33333.0,35167.0
2026-03-15,35000.0,32500.0,37667.0,37000.0,30667.0,33667.0,33500.0,30000.0,34250.0,31333.0,33200.0,32000.0,39333.0,34667.0,,34900.0,37000.0,24667.0,31500.0,28000.0,,28500.0,34000.0,33000.0,28750.0,30000.0,35000.0,33333.0,33000.0,39000.0,33333.0,35167.0
2026-03-16,37500.0,32500.0,41667.0,42000.0,33667.0,33000.0,34750.0,30333.0,34500.0,33000.0,33200.0,46000.0,40000.0,34667.0,,35000.0,37000.0,24667.0,37500.0,30667.0,,30500.0,34000.0,35000.0,37750.0,30000.0,33667.0,35333.0,33000.0,40000.0,33333.0,40000.0
2026-03-17,45000.0,35000.0,45000.0,46000.0,34333.0,35667.0,40250.0,30333.0,40750.0,33000.0,33200.0,43667.0,40000.0,34667.0,,35000.0,37000.0,24667.0,42500.0,30667.0,,35500.0,35000.0,35750.0,44500.0,32000.0,38333.0,35667.0,33833.0,40000.0,33333.0,39500.0
2026-03-18,45000.0,37500.0,45000.0,45000.0,34333.0,35667.0,40250.0,30333.0,40250.0,33333.0,33200.0,43667.0,45000.0,38000.0,,37667.0,37000.0,24667.0,42500.0,30667.0,,32000.0,35000.0,37000.0,45000.0,32000.0,43333.0,36000.0,33833.0,40000.0,33333.0,44167.0
2026-03-19,45000.0,37500.0,45000.0,46500.0,35667.0,36667.0,40250.0,30333.0,38750.0,37667.0,34200.0,50333.0,48333.0,38000.0,,37667.0,37000.0,24667.0,42500.0,30667.0,,31000.0,35000.0,36500.0,45500.0,32000.0,36667.0,49333.0,33833.0,40000.0,33333.0,44167.0
2026-03-20,45000.0,37500.0,45000.0,46500.0,35667.0,36667.0,40250.0,30333.0,44250.0,40667.0,34200.0,50333.0,48333.0,38000.0,,41500.0,37000.0,24667.0,42500.0,30667.0,,31000.0,35000.0,39250.0,46250.0,34000.0,40000.0,55000.0,33833.0,41000.0,33333.0,45833.0
2026-03-21,45000.0,37500.0,45000.0,46500.0,35667.0,37000.0,40250.0,30333.0,44250.0,40667.0,34200.0,50333.0,48333.0,38000.0,,41500.0,37000.0,24667.0,42500.0,30667.0,,31000.0,35000.0,39250.0,46250.0,34000.0,40000.0,55000.0,33833.0,41000.0,33333.0,45833.0
2026-03-22,45000.0,37500.0,45000.0,46500.0,37333.0,37000.0,38000.0,30333.0,44250.0,40667.0,35200.0,50333.0,48333.0,38000.0,,41667.0,37000.0,24667.0,42500.0,30667.0,,31000.0,35000.0,38750.0,46250.0,36000.0,40000.0,60000.0,33833.0,41000.0,33333.0,45833.0
2026-03-23,45000.0,37500.0,45000.0,46500.0,37333.0,37667.0,38000.0,30333.0,45000.0,40667.0,35200.0,50333.0,46000.0,38000.0,,44000.0,37000.0,24667.0,42500.0,30667.0,,33500.0,35000.0,37500.0,46250.0,34000.0,40000.0,60000.0,36667.0,41000.0,33333.0,48333.0
2026-03-24,45000.0,37500.0,45000.0,46500.0,37333.0,36667.0,38000.0,30333.0,40750.0,40667.0,35200.0,50333.0,37667.0,38000.0,,39000.0,37000.0,24667.0,44000.0,30667.0,,34000.0,35000.0,35500.0,43750.0,30000.0,42333.0,55000.0,36667.0,41000.0,33333.0,46667.0
2026-03-25,41500.0,37500.0,50000.0,35000.0,34000.0,32000.0,36250.0,30333.0,33900.0,36000.0,34200.0,50333.0,35000.0,34667.0,,37333.0,37000.0,24667.0,44000.0,34000.0,,30000.0,34000.0,35500.0,43750.0,22000.0,31667.0,53333.0,40833.0,42000.0,35000.0,45833.0
2026-03-26,32500.0,37500.0,46667.0,26000.0,35000.0,31000.0,34500.0,30333.0,33250.0,36000.0,35200.0,40000.0,34333.0,34667.0,,34167.0,37000.0,24667.0,30000.0,34000.0,,27000.0,34000.0,30000.0,42500.0,20000.0,30000.0,46667.0,40833.0,41000.0,35000.0,45833.0
2026-03-27,32500.0,30000.0,46667.0,24500.0,28333.0,31000.0,33750.0,30333.0,31000.0,30667.0,34600.0,31333.0,33333.0,34667.0,,30833.0,37000.0,24667.0,30000.0,35333.0,,27000.0,32333.0,30000.0,36250.0,20000.0,30000.0,46667.0,39167.0,40000.0,35000.0,39167.0
2026-03-28,31500.0,30000.0,46667.0,24500.0,28333.0,31000.0,36250.0,30333.0,31250.0,30667.0,34600.0,36667.0,33333.0,34667.0,,30833.0,37000.0,24667.0,30000.0,33333.0,,27000.0,32333.0,30000.0,31250.0,20000.0,28333.0,46667.0,39167.0,40000.0,35000.0,38333.0
2026-03-29,32500.0,30000.0,46667.0,24500.0,28333.0,31000.0,36250.0,30333.0,29625.0,30667.0,34600.0,32667.0,33333.0,34667.0,,32500.0,37000.0,24667.0,30000.0,34000.0,,27000.0,32333.0,28750.0,30750.0,20000.0,28667.0,46667.0,39167.0,40000.0,35000.0,40000.0
2026-03-30,32500.0,30000.0,41000.0,27000.0,32333.0,30333.0,36250.0,29667.0,31875.0,29667.0,34600.0,28000.0,30667.0,34667.0,,35667.0,37000.0,24667.0,27500.0,34000.0,,29500.0,32333.0,29500.0,31250.0,26000.0,33667.0,46667.0,37667.0,35000.0,35000.0,41667.0
2026-03-31,35000.0,30000.0,41000.0,27000.0,32333.0,35000.0,36250.0,29667.0,32500.0,29667.0,34600.0,33000.0,36333.0,34667.0,,34000.0,37000.0,24667.0,30000.0,34000.0,,32500.0,31667.0,29500.0,32000.0,26000.0,32667.0,46667.0,38833.0,35000.0,35000.0,41667.0
2026-04-01,35000.0,30000.0,29333.0,26000.0,32333.0,35000.0,36000.0,29667.0,34000.0,28333.0,34600.0,33667.0,35000.0,32000.0,,34000.0,28000.0,24667.0,30000.0,31333.0,,31000.0,31667.0,30750.0,35750.0,26000.0,37000.0,46667.0,39667.0,35000.0,35000.0,41667.0
2026-04-02,35000.0,30000.0,29333.0,23000.0,30000.0,35333.0,36000.0,29667.0,30900.0,28333.0,34000.0,33333.0,35000.0,32000.0,,34000.0,28000.0,24667.0,30000.0,31333.0,,28500.0,31667.0,30750.0,38250.0,25000.0,35333.0,46667.0,36833.0,35000.0,35000.0,40000.0
2026-04-03,35000.0,30000.0,29333.0,23000.0,30000.0,34667.0,36000.0,29667.0,31075.0,28333.0,34000.0,33333.0,31000.0,32000.0,,34000.0,33000.0,24667.0,30000.0,31333.0,,28500.0,31667.0,30750.0,33750.0,25000.0,33333.0,46667.0,36500.0,35000.0,36667.0,40000.0
2026-04-04,35000.0,30000.0,29333.0,23000.0,30000.0,34667.0,36000.0,29667.0,31225.0,28667.0,33000.0,33333.0,29333.0,32000.0,,44000.0,33000.0,24667.0,30000.0,31333.0,,30000.0,31667.0,29500.0,32500.0,25000.0,32333.0,46667.0,36000.0,35000.0,36667.0,40000.0
2026-04-05,35000.0,30000.0,31000.0,23000.0,30000.0,34667.0,36000.0,29667.0,31250.0,28667.0,33000.0,33333.0,28667.0,32000.0,,44000.0,33000.0,24667.0,30000.0,31333.0,,29000.0,31667.0,29500.0,33750.0,25000.0,30667.0,46667.0,36000.0,35000.0,36667.0,38333.0
2026-04-06,35000.0,30000.0,31000.0,30000.0,29333.0,35000.0,36750.0,29667.0,32150.0,31000.0,33000.0,28667.0,28667.0,32667.0,,44000.0,33000.0,24667.0,30000.0,31333.0,,30000.0,31667.0,30000.0,38000.0,25000.0,30000.0,45000.0,35000.0,35000.0,36667.0,36667.0
2026-04-07,32500.0,30000.0,33333.0,29000.0,29333.0,33000.0,36750.0,29667.0,31750.0,31000.0,33200.0,33000.0,33333.0,32667.0,,35667.0,33000.0,24667.0,30000.0,31333.0,,29000.0,31000.0,30000.0,38125.0,25000.0,30000.0,33333.0,35000.0,35000.0,33333.0,37500.0
2026-04-08,32500.0,30000.0,33333.0,29000.0,30000.0,33000.0,36750.0,29667.0,31400.0,32333.0,32600.0,33000.0,35000.0,32667.0,,35667.0,32500.0,24667.0,30000.0,31333.0,,29000.0,31000.0,30000.0,41375.0,26000.0,33000.0,34667.0,35000.0,35000.0,33333.0,38333.0
2026-04-09,34000.0,30000.0,33333.0,30000.0,30000.0,33000.0,35750.0,29333.0,31300.0,32333.0,32600.0,31667.0,35000.0,31667.0,,37333.0,32500.0,24667.0,30000.0,27667.0,,31000.0,31000.0,30000.0,41500.0,26000.0,32333.0,32667.0,35000.0,35000.0,33333.0,36667.0
2026-04-10,34000.0,30000.0,33333.0,32000.0,30000.0,32333.0,37500.0,29333.0,31750.0,31667.0,32600.0,33333.0,35000.0,31667.0,,35667.0,32500.0,24667.0,30000.0,27667.0,,30000.0,30333.0,29500.0,42375.0,28000.0,31667.0,32667.0,35500.0,35000.0,33333.0,37500.0
2026-04-11,35000.0,30000.0,33333.0,35000.0,30000.0,32333.0,37500.0,29333.0,31250.0,31667.0,32600.0,33333.0,34000.0,31667.0,,35667.0,32500.0,24667.0,30000.0,27667.0,,30000.0,30333.0,29500.0,33125.0,28000.0,30000.0,32667.0,35500.0,35000.0,33333.0,37500.0
2026-04-12,35000.0,35000.0,33333.0,35000.0,30000.0,31000.0,37500.0,29333.0,33000.0,31667.0,32600.0,33000.0,34000.0,32333.0,,37667.0,32500.0,24667.0,30000.0,27667.0,,30000.0,30333.0,29500.0,33000.0,28000.0,30000.0,32667.0,36333.0,35000.0,33333.0,38000.0
2026-04-13,35000.0,32500.0,36667.0,28000.0,31333.0,32333.0,40000.0,29667.0,33500.0,30667.0,32600.0,31333.0,35667.0,33000.0,,37333.0,41000.0,24667.0,30000.0,27667.0,,30000.0,30333.0,29500.0,33000.0,28000.0,35000.0,36000.0,36333.0,38000.0,35000.0,38833.0
2026-04-14,37500.0,32500.0,36667.0,35000.0,31333.0,32333.0,40000.0,29667.0,33900.0,30667.0,34000.0,31667.0,35333.0,33667.0,,37333.0,41000.0,24667.0,30000.0,28333.0,,30000.0,30333.0,30750.0,31750.0,28000.0,33333.0,39000.0,36000.0,40000.0,35000.0,37500.0
2026-04-15,37500.0,32500.0,36667.0,31000.0,32000.0,35000.0,40000.0,29667.0,34400.0,31333.0,33200.0,35667.0,38333.0,33667.0,,39000.0,41000.0,24667.0,30000.0,28333.0,,30000.0,29333.0,30750.0,31750.0,28000.0,34000.0,42333.0,36000.0,38000.0,35000.0,38333.0
2026-04-16,36500.0,32500.0,38333.0,30000.0,32667.0,35000.0,41250.0,29667.0,36150.0,31333.0,32200.0,35667.0,41667.0,33667.0,,39000.0,41000.0,24667.0,30000.0,28667.0,,30000.0,29333.0,29500.0,31250.0,30000.0,33333.0,39000.0,35500.0,38000.0,35000.0,39167.0
2026-04-17,36500.0,35000.0,38333.0,31000.0,32000.0,35000.0,41250.0,29667.0,37000.0,35000.0,32200.0,35000.0,41667.0,34333.0,,39000.0,41000.0,24667.0,30000.0,28667.0,,30000.0,30667.0,32000.0,31875.0,30000.0,33333.0,39000.0,35500.0,38000.0,35000.0,39667.0
2026-04-18,36500.0,35000.0,38333.0,31000.0,32000.0,35000.0,41250.0,29667.0,35650.0,35000.0,32200.0,34667.0,43333.0,34333.0,,38333.0,41000.0,24667.0,30000.0,28667.0,,32500.0,30667.0,32500.0,31875.0,32000.0,33333.0,39000.0,35833.0,38000.0,35000.0,40167.0
2026-04-19,36500.0,35000.0,38333.0,32000.0,32000.0,36000.0,41250.0,29667.0,36500.0,35000.0,32200.0,34667.0,42667.0,35000.0,,38333.0,41000.0,24667.0,30000.0,28667.0,,32500.0,30667.0,32500.0,31875.0,28000.0,34667.0,39000.0,36167.0,38000.0,35000.0,40167.0
2026-04-20,36500.0,35000.0,39333.0,32500.0,32667.0,37000.0,38750.0,29667.0,37000.0,37667.0,32800.0,35000.0,40667.0,37667.0,,38667.0,37500.0,24667.0,30000.0,28667.0,,32500.0,32667.0,32750.0,36125.0,28000.0,36000.0,40667.0,36167.0,39000.0,35000.0,39667.0
2026-04-21,36500.0,35000.0,39333.0,33500.0,32667.0,37000.0,38750.0,30333.0,37000.0,37667.0,33400.0,38333.0,41667.0,37667.0,,40333.0,37500.0,24667.0,29500.0,28667.0,,33000.0,34000.0,34000.0,36125.0,28000.0,35000.0,41000.0,36167.0,39000.0,35000.0,39667.0
2026-04-22,36500.0,35000.0,39333.0,33000.0,33667.0,37667.0,37500.0,30333.0,36900.0,39000.0,33400.0,35000.0,41667.0,37000.0,,42000.0,37500.0,24667.0,30000.0,28667.0,,33000.0,34000.0,34000.0,35125.0,28000.0,36667.0,41000.0,36167.0,40000.0,35000.0,38833.0
2026-04-23,37500.0,35000.0,39333.0,33000.0,33667.0,37667.0,37500.0,30333.0,36500.0,39000.0,33400.0,34667.0,41667.0,37000.0,,39333.0,37500.0,24667.0,30000.0,28667.0,,33000.0,34000.0,34000.0,35625.0,32000.0,36333.0,40667.0,36167.0,40000.0,36667.0,40000.0
2026-04-24,37500.0,35000.0,39667.0,33000.0,33667.0,37667.0,37500.0,30333.0,36050.0,37667.0,33400.0,34667.0,40667.0,37667.0,,39333.0,37500.0,24667.0,30000.0,30667.0,,33000.0,34000.0,34000.0,35625.0,32000.0,36333.0,37000.0,36167.0,40500.0,36667.0,40000.0
2026-04-25,40000.0,35000.0,39667.0,34000.0,33667.0,37000.0,37500.0,30333.0,35900.0,37667.0,33400.0,35333.0,40667.0,37667.0,,39333.0,37500.0,24667.0,30000.0,30667.0,,33000.0,34000.0,33250.0,35625.0,32000.0,36333.0,37000.0,36000.0,40500.0,36667.0,39167.0
2026-04-26,40000.0,35000.0,39667.0,34000.0,33667.0,36333.0,37500.0,30333.0,36750.0,37667.0,32600.0,36667.0,40667.0,37667.0,,39333.0,37500.0,24667.0,30000.0,30667.0,,33000.0,34000.0,33750.0,38125.0,32000.0,36333.0,37000.0,36000.0,40500.0,36667.0,39500.0
2026-04-27,40000.0,35000.0,41667.0,38000.0,34000.0,35667.0,37000.0,30333.0,36500.0,37667.0,32600.0,36333.0,39333.0,38333.0,,39333.0,37500.0,24667.0,30000.0,30667.0,,32500.0,35000.0,35000.0,38125.0,32000.0,37000.0,39667.0,36000.0,41000.0,40000.0,38667.0
2026-04-28,40000.0,35000.0,41667.0,39000.0,34000.0,36333.0,36500.0,30333.0,37250.0,37667.0,33600.0,36333.0,40000.0,38333.0,,39333.0,37500.0,24667.0,30000.0,30667.0,,32500.0,35000.0,35000.0,38750.0,32000.0,36667.0,39833.0,35833.0,41000.0,40000.0,39167.0
2026-04-29,40000.0,35000.0,41667.0,39000.0,34000.0,36333.0,36500.0,30333.0,36650.0,38667.0,33600.0,38667.0,40000.0,37667.0,,39900.0,37500.0,24667.0,30000.0,30667.0,,32500.0,35000.0,34500.0,41250.0,32000.0,36000.0,41000.0,35833.0,41000.0,40000.0,39167.0
2026-04-30,40000.0,35000.0,41667.0,38000.0,34333.0,36333.0,38750.0,30333.0,36900.0,38667.0,33600.0,36000.0,39000.0,37667.0,,39900.0,37500.0,24667.0,30000.0,30667.0,,32500.0,35000.0,35500.0,43750.0,32000.0,38333.0,41667.0,35833.0,41000.0,40000.0,39167.0
2026-05-01,42500.0,35000.0,41667.0,38000.0,34333.0,36333.0,38750.0,30333.0,36650.0,38667.0,33600.0,36000.0,39000.0,37000.0,,39900.0,37500.0,24667.0,30000.0,30667.0,,32500.0,35000.0,35500.0,43250.0,32000.0,37333.0,41667.0,35833.0,41000.0,40000.0,39167.0
2026-05-02,42500.0,35000.0,41667.0,38000.0,34333.0,36333.0,38750.0,30333.0,35400.0,38667.0,33600.0,39333.0,39000.0,37000.0,,42100.0,37500.0,24667.0,30000.0,30667.0,,36000.0,35000.0,34750.0,43250.0,30000.0,36667.0,41667.0,35833.0,41000.0,40000.0,37500.0
2026-05-03,42500.0,35000.0,41667.0,38000.0,34333.0,36333.0,38750.0,30333.0,34500.0,38667.0,33600.0,40333.0,40000.0,37000.0,,43233.0,37500.0,24667.0,30000.0,30667.0,,33500.0,35000.0,34750.0,42000.0,30000.0,36667.0,41667.0,35833.0,41000.0,40000.0,38667.0
2026-05-04,42500.0,35000.0,40000.0,39000.0,37000.0,37667.0,38500.0,30333.0,37750.0,40667.0,36600.0,40333.0,43333.0,37000.0,,41567.0,37500.0,24667.0,35000.0,30667.0,,34500.0,34000.0,34000.0,43750.0,30000.0,40333.0,42667.0,35667.0,41000.0,40000.0,40833.0
2026-05-05,40000.0,35000.0,40000.0,39000.0,37000.0,39333.0,38500.0,30333.0,40000.0,40667.0,36600.0,41333.0,41667.0,37667.0,,42067.0,37500.0,24667.0,35000.0,30667.0,,34500.0,34000.0,34000.0,42000.0,34000.0,41667.0,42667.0,36667.0,43000.0,40000.0,41667.0
2026-05-06,40000.0,35000.0,46667.0,39000.0,37333.0,40000.0,38500.0,30333.0,40650.0,40000.0,38100.0,45000.0,45000.0,37667.0,,42067.0,37500.0,24667.0,39000.0,30667.0,,34500.0,38333.0,36500.0,42000.0,32000.0,41667.0,43333.0,36667.0,44000.0,40000.0,40000.0
2026-05-07,40000.0,35000.0,49000.0,39000.0,37333.0,40000.0,38500.0,30333.0,42000.0,40667.0,38100.0,42000.0,45000.0,37667.0,,43733.0,37500.0,24666.0,39000.0,30667.0,,35000.0,38333.0,37500.0,43750.0,32000.0,42333.0,43333.0,37333.0,44000.0,40000.0,40833.0
2026-05-08,40000.0,40000.0,49000.0,40000.0,37333.0,41667.0,37500.0,30333.0,42250.0,40667.0,37600.0,48000.0,45000.0,37667.0,,43100.0,40000.0,24666.0,39000.0,30667.0,,38000.0,37667.0,38750.0,42500.0,35000.0,42333.0,45333.0,37333.0,44000.0,40000.0,43333.0
2026-05-09,42000.0,40000.0,49000.0,40000.0,37333.0,43667.0,37500.0,30333.0,41000.0,40667.0,38600.0,48000.0,45000.0,37667.0,,43100.0,40000.0,24666.0,39000.0,30667.0,,38000.0,37667.0,38750.0,42500.0,35000.0,41667.0,45333.0,37333.0,44000.0,40000.0,44167.0
2026-05-10,42000.0,37500.0,49000.0,42000.0,37333.0,44667.0,37500.0,30333.0,43750.0,40667.0,38600.0,48000.0,45000.0,37667.0,,43433.0,40000.0,24666.0,39000.0,30667.0,,38000.0,37667.0,38750.0,42500.0,35000.0,45333.0,45333.0,37667.0,44000.0,40000.0,45000.0
2026-05-11,42500.0,42500.0,50000.0,45000.0,42000.0,44667.0,45000.0,30333.0,43000.0,42333.0,38600.0,45333.0,50000.0,40000.0,,43433.0,40000.0,24666.0,44000.0,30667.0,,37500.0,37667.0,41250.0,42500.0,38000.0,45333.0,45333.0,42000.0,45000.0,41667.0,48000.0
2026-05-12,42500.0,47500.0,50000.0,44000.0,42000.0,46667.0,45000.0,30333.0,45750.0,42333.0,39000.0,48667.0,50000.0,40000.0,,45100.0,40000.0,24666.0,44000.0,30667.0,,37500.0,38667.0,41750.0,42500.0,38000.0,45667.0,46333.0,45500.0,45000.0,41667.0,47500.0
2026-05-13,42500.0,50000.0,50000.0,44000.0,41333.0,49000.0,43750.0,30333.0,45000.0,42333.0,41000.0,45667.0,50000.0,39667.0,,45600.0,40000.0,25000.0,48000.0,30667.0,,40000.0,38667.0,42500.0,42500.0,40000.0,47333.0,46333.0,45500.0,44000.0,41667.0,47500.0
2026-05-14,42500.0,50000.0,50000.0,41000.0,41333.0,49000.0,43750.0,30333.0,45150.0,42333.0,41000.0,45333.0,50000.0,40333.0,,43267.0,40000.0,25000.0,50000.0,30667.0,,40000.0,38667.0,42250.0,45000.0,40000.0,48333.0,46333.0,45500.0,44000.0,41667.0,46667.0
2026-05-15,42500.0,50000.0,50000.0,41000.0,41333.0,49667.0,43750.0,30333.0,43150.0,42333.0,41000.0,45333.0,50000.0,40333.0,,43833.0,47000.0,30333.0,50000.0,30667.0,,39500.0,38667.0,42250.0,45000.0,40000.0,51667.0,46333.0,45500.0,44000.0,41667.0,46667.0
2026-05-16,42500.0,50000.0,50000.0,39000.0,45667.0,48000.0,43750.0,30333.0,43500.0,42333.0,41000.0,50667.0,50000.0,40333.0,,43833.0,47000.0,30333.0,49000.0,30667.0,,40500.0,39333.0,43000.0,43750.0,40000.0,50000.0,45667.0,45500.0,44000.0,41667.0,45333.0
2026-05-17,42500.0,47500.0,50000.0,41000.0,45667.0,46667.0,43750.0,30333.0,43500.0,42333.0,41000.0,48667.0,50000.0,42000.0,,45500.0,47000.0,30333.0,49500.0,30667.0,,40500.0,39333.0,43500.0,43750.0,36000.0,48333.0,45667.0,45500.0,44000.0,41667.0,45833.0
2026-05-18,42500.0,47500.0,49333.0,43000.0,44000.0,46000.0,45000.0,33667.0,43500.0,43667.0,41000.0,48667.0,48333.0,42000.0,,46000.0,43000.0,31000.0,49500.0,30667.0,,37500.0,41667.0,43000.0,46000.0,36000.0,46667.0,46667.0,44667.0,44000.0,41667.0,47500.0
2026-05-19,42500.0,47500.0,49333.0,41000.0,44000.0,46000.0,46750.0,33667.0,43750.0,43667.0,42000.0,48333.0,49000.0,44000.0,,46000.0,42500.0,32000.0,49500.0,30667.0,,37000.0,41667.0,43000.0,49750.0,36000.0,46667.0,46333.0,44667.0,45000.0,41667.0,47667.0
2026-05-20,42500.0,47500.0,50000.0,41000.0,44000.0,46000.0,46750.0,42000.0,43750.0,44667.0,42000.0,50000.0,50000.0,44000.0,,46000.0,42500.0,32000.0,49500.0,30667.0,,37000.0,41667.0,43000.0,48750.0,36000.0,48667.0,46667.0,44667.0,45000.0,41667.0,46833.0
2026-05-21,45000.0,47500.0,50000.0,41000.0,42333.0,47667.0,45750.0,42000.0,44400.0,44667.0,42000.0,50000.0,50000.0,44000.0,,45000.0,42500.0,32000.0,49500.0,30667.0,,40000.0,41667.0,41750.0,50000.0,36000.0,48667.0,46667.0,46333.0,45000.0,41667.0,46833.0
2026-05-22,45000.0,47500.0,50000.0,41000.0,42333.0,47667.0,45000.0,40333.0,45800.0,44667.0,44200.0,47000.0,50667.0,44333.0,,47167.0,42500.0,32000.0,49500.0,30667.0,,40000.0,41667.0,41750.0,48250.0,36000.0,47000.0,46667.0,46000.0,45000.0,41667.0,48333.0
2026-05-23,45000.0,47500.0,50000.0,46000.0,42333.0,47667.0,45000.0,40333.0,35550.0,44667.0,44200.0,47333.0,50667.0,44333.0,,47100.0,42500.0,32000.0,49500.0,30667.0,,40000.0,41667.0,42250.0,48250.0,38000.0,46667.0,46667.0,46000.0,45000.0,41667.0,48333.0
2026-05-24,45000.0,47500.0,50000.0,46000.0,42333.0,47669.0,45000.0,40333.0,48750.0,44667.0,44200.0,52667.0,50667.0,44333.0,,48100.0,42500.0,33333.0,49500.0,30667.0,,40000.0,41667.0,42250.0,47000.0,40000.0,46667.0,46667.0,46000.0,45000.0,41667.0,49167.0
2026-05-25,60000.0,60000.0,55000.0,52000.0,53333.0,56000.0,53750.0,40333.0,58050.0,54333.0,44200.0,60333.0,59333.0,49000.0,,48267.0,42500.0,33333.0,49500.0,30667.0,,52000.0,50000.0,46250.0,48750.0,40000.0,55667.0,56667.0,47667.0,45000.0,43333.0,51667.0
2026-05-26,60000.0,60000.0,65000.0,52000.0,53333.0,56667.0,51250.0,40333.0,60650.0,55000.0,44200.0,70000.0,62667.0,52000.0,,48767.0,42500.0,33333.0,49500.0,30667.0,,52000.0,53333.0,54000.0,50000.0,42000.0,73333.0,63333.0,49833.0,46000.0,43333.0,52500.0
2026-05-27,50000.0,60000.0,65000.0,52000.0,53333.0,61667.0,51250.0,40333.0,60650.0,55000.0,44200.0,70000.0,62667.0,52000.0,,49433.0,42500.0,33333.0,49500.0,30667.0,,52000.0,55000.0,54000.0,53750.0,42000.0,73333.0,63333.0,49833.0,46000.0,43333.0,53333.0
2026-05-28,55000.0,62500.0,65000.0,52000.0,53333.0,60667.0,51250.0,40333.0,62000.0,55000.0,44200.0,74000.0,68333.0,52000.0,,53333.0,42500.0,33333.0,49500.0,30667.0,,58000.0,55000.0,52750.0,53750.0,45000.0,62667.0,63333.0,51000.0,46000.0,43333.0,53333.0
2026-05-29,55000.0,62500.0,65000.0,53000.0,53333.0,60667.0,54500.0,40333.0,66250.0,55667.0,51000.0,81000.0,70667.0,57667.0,,53333.0,65000.0,33333.0,49500.0,30667.0,,58000.0,55667.0,56750.0,58125.0,50000.0,68333.0,63333.0,53333.0,47000.0,43333.0,56667.0
2026-05-30,50000.0,62500.0,65000.0,51000.0,53333.0,59000.0,54500.0,40333.0,65750.0,55667.0,52000.0,76000.0,70000.0,57667.0,,53333.0,65000.0,33333.0,49500.0,30667.0,,51500.0,55667.0,56750.0,58125.0,50000.0,66000.0,63333.0,53333.0,47000.0,53333.0,60833.0
2026-05-31,50000.0,62500.0,65000.0,48000.0,53333.0,57333.0,54500.0,40333.0,57750.0,55667.0,52000.0,70000.0,67667.0,57667.0,,53667.0,65000.0,33333.0,49500.0,30667.0,,50000.0,55667.0,56750.0,56875.0,50000.0,62333.0,63333.0,53333.0,47000.0,53333.0,59167.0
2026-06-01,50000.0,62500.0,65000.0,48000.0,53333.0,49667.0,54500.0,40333.0,53250.0,55667.0,49000.0,70000.0,60000.0,57667.0,,53667.0,65000.0,33333.0,49500.0,30667.0,,46000.0,55000.0,49250.0,56250.0,42000.0,54000.0,63333.0,58333.0,47000.0,53333.0,57667.0
2026-06-02,50000.0,62500.0,56000.0,44500.0,53333.0,49000.0,51250.0,42000.0,49650.0,48333.0,50000.0,61667.0,60000.0,56000.0,,56667.0,54000.0,33333.0,49500.0,30667.0,,43000.0,51000.0,48750.0,56250.0,42000.0,50333.0,61667.0,55000.0,47000.0,53333.0,57000.0
2026-06-03,45000.0,62500.0,56000.0,42000.0,49667.0,49000.0,53250.0,42000.0,45900.0,48333.0,50000.0,47667.0,56667.0,57333.0,,56667.0,54000.0,33333.0,49500.0,30667.0,,43000.0,51667.0,48750.0,56250.0,42000.0,52667.0,57000.0,57500.0,47000.0,63333.0,51667.0
2026-06-04,45000.0,62500.0,56000.0,42000.0,49667.0,47333.0,57500.0,43667.0,47200.0,48333.0,49000.0,48333.0,50667.0,57333.0,,57233.0,54000.0,33333.0,49500.0,30667.0,,42500.0,50000.0,45750.0,55000.0,40000.0,46667.0,61000.0,57500.0,47000.0,65000.0,51167.0
2026-06-05,45000.0,62500.0,56000.0,40000.0,46667.0,47333.0,57500.0,43667.0,41250.0,47000.0,49000.0,49333.0,50667.0,55667.0,,57233.0,54000.0,35000.0,49500.0,30667.0,,40000.0,48333.0,43750.0,56250.0,38000.0,45667.0,61000.0,57833.0,47000.0,60000.0,49500.0
2026-06-06,45000.0,62500.0,56000.0,40000.0,46667.0,45000.0,57500.0,45000.0,43400.0,47000.0,49000.0,50333.0,50667.0,55667.0,,55000.0,46500.0,35000.0,49500.0,30667.0,,40000.0,48333.0,43750.0,56250.0,38000.0,45667.0,59333.0,57833.0,47000.0,60000.0,49500.0
2026-06-07,45000.0,62500.0,56000.0,39000.0,46667.0,45000.0,57500.0,45000.0,41000.0,47000.0,48000.0,50000.0,50667.0,55667.0,,54333.0,46500.0,35000.0,49500.0,30667.0,,38000.0,48333.0,43000.0,55750.0,35000.0,46667.0,59333.0,57333.0,47000.0,60000.0,50000.0
2026-06-08,45000.0,62500.0,55000.0,42000.0,40667.0,43333.0,51250.0,45000.0,40500.0,45667.0,45200.0,49333.0,50667.0,54000.0,,52333.0,47500.0,35000.0,49500.0,30667.0,,39000.0,46333.0,44250.0,53250.0,35000.0,41667.0,59333.0,55000.0,49000.0,61667.0,49500.0
2026-06-09,45000.0,62500.0,53333.0,43000.0,42333.0,43333.0,50000.0,45000.0,40150.0,45667.0,45200.0,48667.0,50000.0,47333.0,,52333.0,47500.0,35000.0,49500.0,34667.0,,38000.0,44667.0,43750.0,52500.0,35000.0,47333.0,59333.0,55000.0,48000.0,61667.0,49500.0
2026-06-10,45000.0,62500.0,51667.0,38000.0,40667.0,43333.0,50000.0,45000.0,40375.0,42333.0,45200.0,47000.0,50000.0,47333.0,,50667.0,47500.0,35000.0,49500.0,34667.0,,37000.0,43000.0,42750.0,55000.0,35000.0,39333.0,59333.0,55000.0,48000.0,61667.0,49500.0
2026-06-11,45000.0,62500.0,51667.0,36000.0,42333.0,41667.0,48750.0,45000.0,39250.0,42333.0,45000.0,43333.0,48333.0,47333.0,,50667.0,47500.0,35000.0,49000.0,34667.0,,35000.0,43000.0,40250.0,56250.0,35000.0,39333.0,57667.0,53000.0,48000.0,61667.0,49500.0
2026-06-12,45000.0,62500.0,51667.0,30000.0,42333.0,41333.0,47500.0,45000.0,38400.0,42333.0,42600.0,39333.0,45000.0,47333.0,,47333.0,44500.0,35000.0,49000.0,34667.0,,31500.0,43000.0,40250.0,56250.0,35000.0,39333.0,57667.0,53000.0,48000.0,61667.0,46167.0
2026-06-13,40000.0,62500.0,51667.0,30000.0,42333.0,39000.0,47500.0,45000.0,38000.0,42333.0,40600.0,39333.0,42667.0,45667.0,,49000.0,44500.0,35000.0,49000.0,34667.0,,31500.0,43000.0,40500.0,57500.0,32000.0,40000.0,58667.0,47167.0,48000.0,61667.0,45333.0
2026-06-14,40000.0,62500.0,51667.0,30000.0,42333.0,37667.0,47500.0,45000.0,37250.0,42333.0,40600.0,39333.0,40000.0,48333.0,,48333.0,39000.0,34333.0,49500.0,34667.0,,31500.0,43000.0,40500.0,55000.0,30000.0,35667.0,58667.0,47167.0,48000.0,61667.0,44500.0
2026-06-15,32000.0,62500.0,48333.0,29000.0,34000.0,36667.0,46000.0,45000.0,36250.0,37667.0,42000.0,39333.0,46000.0,47000.0,,47100.0,39000.0,34333.0,42500.0,34667.0,,32500.0,42667.0,36750.0,48125.0,30000.0,36333.0,58667.0,47167.0,49000.0,50000.0,42833.0
2026-06-16,32000.0,52500.0,48333.0,27000.0,34000.0,35667.0,46000.0,45000.0,35875.0,37667.0,42000.0,38000.0,46000.0,37333.0,,45433.0,39000.0,34333.0,33500.0,34667.0,,32500.0,42667.0,36750.0,48125.0,30000.0,33000.0,58000.0,47167.0,49000.0,50000.0,42833.0
2026-06-17,32000.0,52500.0,45000.0,28000.0,30333.0,35667.0,44750.0,45000.0,36900.0,36000.0,35000.0,38000.0,46667.0,37333.0,,43700.0,37000.0,34333.0,32500.0,34667.0,,32500.0,41000.0,36750.0,48250.0,30000.0,35000.0,57667.0,43833.0,49000.0,50000.0,42833.0
2026-06-18,35000.0,40000.0,43333.0,28000.0,30333.0,35667.0,43750.0,45000.0,36350.0,36000.0,32200.0,38000.0,45000.0,37333.0,,43700.0,37000.0,34333.0,32500.0,34667.0,,34500.0,42333.0,36750.0,43250.0,30000.0,35000.0,45667.0,41000.0,47000.0,50000.0,42000.0
2026-06-19,30000.0,40000.0,43333.0,28000.0,33333.0,35000.0,35000.0,45000.0,36350.0,35000.0,31200.0,38000.0,45000.0,37333.0,,42033.0,37000.0,34333.0,32500.0,34667.0,,33000.0,44000.0,38250.0,43250.0,30000.0,35333.0,39000.0,39833.0,46000.0,50000.0,42000.0
2026-06-20,30000.0,40000.0,43333.0,28000.0,33333.0,34333.0,35000.0,45333.0,36500.0,35000.0,32500.0,35667.0,45000.0,37333.0,,41200.0,43000.0,37667.0,32500.0,34667.0,,33000.0,44000.0,38250.0,42000.0,30000.0,34667.0,39000.0,40167.0,46000.0,50000.0,42000.0
2026-06-21,30000.0,40000.0,43333.0,28000.0,33333.0,34333.0,35000.0,45333.0,34500.0,35000.0,31900.0,35333.0,45000.0,37333.0,,40833.0,43000.0,37667.0,32500.0,34667.0,,32000.0,44000.0,38250.0,42000.0,30000.0,36667.0,39000.0,40167.0,46000.0,50000.0,40333.0
2026-06-22,30000.0,37500.0,40667.0,22000.0,32333.0,34333.0,34500.0,42000.0,34375.0,34333.0,32200.0,34667.0,40667.0,39000.0,,39167.0,43000.0,37667.0,32500.0,34667.0,,32000.0,40667.0,34750.0,45750.0,30000.0,35000.0,39000.0,40167.0,44000.0,45333.0,41167.0
2026-06-23,27500.0,30000.0,40667.0,22000.0,32333.0,32333.0,34500.0,40333.0,33875.0,34333.0,31000.0,35667.0,39333.0,35333.0,,39167.0,43000.0,37667.0,32504.0,32333.0,,30000.0,40667.0,34500.0,42750.0,28000.0,32333.0,39000.0,40167.0,44000.0,45333.0,39167.0
2026-06-24,29000.0,32500.0,38667.0,20000.0,29333.0,32333.0,32500.0,40333.0,33875.0,34333.0,31000.0,33000.0,40000.0,35333.0,,34500.0,35000.0,37667.0,32500.0,32333.0,,31000.0,40667.0,33750.0,45125.0,28000.0,31667.0,39000.0,40000.0,41000.0,45000.0,35667.0
2026-06-25,26000.0,35000.0,33667.0,20000.0,29333.0,30000.0,29250.0,40333.0,31750.0,34333.0,32000.0,31333.0,40000.0,35333.0,,33833.0,35000.0,37667.0,32500.0,28000.0,,31000.0,40000.0,30500.0,42625.0,28000.0,30000.0,39000.0,35333.0,41000.0,45000.0,35667.0
2026-06-26,25000.0,32500.0,34667.0,20000.0,29333.0,29000.0,29250.0,40333.0,30500.0,34333.0,32000.0,30000.0,37000.0,31333.0,,34600.0,35000.0,37667.0,32500.0,28000.0,,27000.0,36000.0,30000.0,38875.0,25000.0,30000.0,37333.0,35333.0,41000.0,45000.0,36500.0
2026-06-27,25000.0,32500.0,34667.0,20000.0,29333.0,28000.0,29250.0,40333.0,29825.0,34333.0,32000.0,29667.0,35000.0,31333.0,,33833.0,35000.0,37667.0,32500.0,28000.0,,27000.0,36000.0,29500.0,38875.0,25000.0,30000.0,37333.0,35333.0,41000.0,45167.0,35500.0
2026-06-28,25000.0,32500.0,34667.0,22000.0,29333.0,28000.0,29250.0,40333.0,29250.0,34333.0,32000.0,29333.0,33333.0,30333.0,,33833.0,35000.0,37667.0,31000.0,28000.0,,26500.0,36000.0,29500.0,38875.0,25000.0,29000.0,37333.0,35333.0,41000.0,45167.0,37000.0
2026-06-29,25000.0,32500.0,35000.0,18000.0,25000.0,27000.0,27500.0,40333.0,29000.0,33667.0,30000.0,25667.0,34333.0,30333.0,,32167.0,33500.0,37667.0,31000.0,28000.0,,25500.0,31333.0,27000.0,38625.0,25000.0,27667.0,35667.0,35333.0,39000.0,40167.0,38167.0
2026-06-30,22000.0,32500.0,35000.0,18000.0,24333.0,26667.0,28750.0,40000.0,29750.0,33667.0,30600.0,25667.0,35000.0,30333.0,,33167.0,31500.0,37667.0,31000.0,28000.0,,25000.0,31333.0,27000.0,38625.0,25000.0,26333.0,33333.0,35333.0,39000.0,40000.0,34500.0
2026-07-01,22000.0,32500.0,33333.0,19000.0,25333.0,27000.0,28750.0,40000.0,30750.0,33667.0,31000.0,27667.0,35000.0,32333.0,,32167.0,31500.0,37667.0,31000.0,28000.0,,25000.0,31333.0,27000.0,38500.0,25000.0,28000.0,33667.0,35333.0,38000.0,40000.0,34000.0
2026-07-02,25000.0,32500.0,31667.0,19000.0,25333.0,28333.0,28750.0,40000.0,30750.0,33667.0,31000.0,28333.0,35000.0,32333.0,,32167.0,31500.0,37667.0,31000.0,28000.0,,26000.0,31000.0,27750.0,36750.0,25000.0,26667.0,33667.0,35333.0,37000.0,40000.0,33667.0
2026-07-03,25000.0,32500.0,33333.0,19000.0,25333.0,28333.0,28750.0,40000.0,30500.0,33667.0,31000.0,28000.0,35000.0,30667.0,,30500.0,31500.0,37667.0,31000.0,28667.0,,26500.0,31000.0,27500.0,37250.0,25000.0,27333.0,33333.0,34833.0,37000.0,40000.0,33167.0
2026-07-04,25000.0,32500.0,33333.0,19000.0,25333.0,29000.0,28750.0,40000.0,29900.0,33667.0,31000.0,28000.0,35000.0,30667.0,,30500.0,32500.0,37667.0,31000.0,28667.0,,26500.0,31000.0,28000.0,37250.0,25000.0,28667.0,33333.0,33167.0,37000.0,40000.0,33667.0
2026-07-05,25000.0,32500.0,33333.0,19000.0,25333.0,29333.0,28750.0,40000.0,29900.0,33667.0,31000.0,27667.0,35000.0,30667.0,,32167.0,32500.0,37667.0,31000.0,28667.0,,27500.0,31000.0,28000.0,37750.0,25000.0,28333.0,33333.0,33167.0,37000.0,40000.0,35667.0
2026-07-06,25000.0,32500.0,35000.0,25000.0,25667.0,29333.0,28500.0,40333.0,31250.0,34667.0,30200.0,30333.0,36000.0,30667.0,,33400.0,32500.0,37667.0,31000.0,28667.0,,26500.0,30667.0,29000.0,38000.0,26000.0,30667.0,33333.0,34500.0,37000.0,39833.0,35667.0
2026-07-07,25000.0,32500.0,35000.0,25000.0,25667.0,30000.0,31000.0,33667.0,32000.0,34667.0,30800.0,31333.0,36000.0,33333.0,,33400.0,32500.0,37667.0,31000.0,28667.0,,27000.0,30667.0,29000.0,36750.0,26000.0,30667.0,34000.0,34333.0,37000.0,40000.0,37333.0
2026-07-08,25000.0,32500.0,35000.0,23000.0,26333.0,30667.0,31000.0,33667.0,31750.0,34000.0,30200.0,32000.0,38333.0,33333.0,,33400.0,31500.0,37667.0,31000.0,28667.0,,27000.0,30667.0,28500.0,36500.0,26000.0,30667.0,34000.0,34333.0,37000.0,36667.0,33167.0
2026-07-09,25000.0,32500.0,35000.0,23000.0,26333.0,30667.0,31500.0,30000.0,31000.0,34000.0,30200.0,32333.0,36667.0,33333.0,,33400.0,31500.0,37667.0,31000.0,28667.0,,27500.0,30667.0,28500.0,35000.0,26000.0,31333.0,33667.0,34333.0,37000.0,36667.0,33333.0
2026-07-10,28000.0,32500.0,35000.0,23000.0,25667.0,30667.0,31500.0,30000.0,31000.0,34000.0,30200.0,34333.0,36667.0,33333.0,,33400.0,31500.0,37667.0,31000.0,28667.0,,27500.0,30667.0,28000.0,35000.0,26000.0,31333.0,33667.0,34333.0,37000.0,36667.0,34333.0
2026-07-11,28000.0,32500.0,35000.0,23000.0,25667.0,30667.0,31500.0,30000.0,31500.0,34000.0,30200.0,34333.0,36667.0,31000.0,,32900.0,31500.0,37667.0,31000.0,28667.0,,27500.0,30667.0,28000.0,35000.0,28000.0,30667.0,33667.0,34333.0,37000.0,36667.0,35167.0
2026-07-12,28000.0,32500.0,35000.0,23000.0,25667.0,30667.0,31500.0,30000.0,31750.0,34000.0,30200.0,34000.0,36667.0,31000.0,,32900.0,31500.0,37667.0,31000.0,28667.0,,27500.0,30667.0,27750.0,35000.0,28000.0,30000.0,33667.0,33833.0,37000.0,36000.0,36833.0
2026-07-13,29000.0,32500.0,35000.0,24000.0,28667.0,30667.0,31500.0,30000.0,31500.0,32333.0,29600.0,33667.0,35333.0,32333.0,,32900.0,31500.0,37667.0,31000.0,29333.0,,27500.0,30667.0,28500.0,33750.0,28000.0,30000.0,34000.0,33833.0,37000.0,36000.0,36500.0
2026-07-14,30000.0,32500.0,35000.0,24000.0,28667.0,30667.0,30500.0,30000.0,32000.0,32333.0,30200.0,36667.0,35333.0,32333.0,,33333.0,31500.0,37667.0,31000.0,29333.0,,27500.0,30000.0,28500.0,34750.0,28000.0,31333.0,35000.0,33833.0,37000.0,37000.0,35667.0
2026-07-15,30000.0,32500.0,35000.0,24000.0,30000.0,31000.0,31000.0,30000.0,32500.0,33000.0,30000.0,31333.0,36000.0,32333.0,,33333.0,31500.0,37667.0,31000.0,29333.0,,28000.0,30000.0,28500.0,34000.0,28000.0,30667.0,35000.0,33833.0,36000.0,36667.0,34833.0
2026-07-16,30000.0,32500.0,38333.0,24000.0,30000.0,31000.0,29750.0,30000.0,32750.0,33000.0,30000.0,34333.0,36000.0,32333.0,,34333.0,31500.0,37667.0,31000.0,29333.0,,30000.0,30000.0,30500.0,34000.0,28000.0,31333.0,35000.0,33500.0,36000.0,36667.0,35000.0
2026-07-17,30000.0,32500.0,35000.0,24000.0,30000.0,32667.0,29000.0,30000.0,31750.0,32667.0,30000.0,34667.0,35000.0,32333.0,,34333.0,31500.0,37667.0,31000.0,29333.0,,29000.0,30000.0,30500.0,34000.0,28000.0,32333.0,35000.0,33500.0,35000.0,40000.0,35000.0
2026-07-18,30000.0,32500.0,35000.0,24000.0,30000.0,32667.0,29000.0,30000.0,31750.0,32667.0,30000.0,34000.0,35000.0,33000.0,,34333.0,31500.0,37667.0,31000.0,29333.0,,29000.0,30000.0,31000.0,32750.0,26000.0,32333.0,35000.0,33500.0,35000.0,40000.0,35833.0
2026-07-19,30000.0,32500.0,35000.0,24000.0,30000.0,31000.0,29000.0,30000.0,31750.0,32667.0,30000.0,32333.0,35000.0,33000.0,,35000.0,31500.0,37667.0,31000.0,29333.0,,29000.0,30000.0,31500.0,32750.0,26000.0,31333.0,35000.0,33667.0,35000.0,40000.0,35333.0
2026-07-20,30000.0,27500.0,35000.0,24000.0,30000.0,30333.0,28750.0,30000.0,30050.0,34000.0,31000.0,32000.0,32333.0,33000.0,,35000.0,32000.0,37667.0,31000.0,29333.0,,28000.0,30000.0,28750.0,32750.0,26000.0,30000.0,33333.0,33667.0,35000.0,40000.0,36167.0
2026-07-21,30000.0,27500.0,35000.0,24000.0,29333.0,30000.0,30000.0,30000.0,30800.0,34000.0,30000.0,32000.0,32333.0,32333.0,,35000.0,32000.0,37667.0,31000.0,29333.0,,28000.0,30000.0,28250.0,32750.0,26000.0,31333.0,34667.0,33500.0,35000.0,40000.0,35000.0
2026-07-22,30000.0,30000.0,35000.0,24000.0,29333.0,29667.0,31250.0,30333.0,30400.0,31000.0,30000.0,34000.0,32333.0,32333.0,,35000.0,31500.0,37667.0,31000.0,29333.0,,27500.0,29333.0,28250.0,32750.0,25000.0,31333.0,35333.0,33167.0,35000.0,40167.0,35167.0
2026-07-23,30000.0,30000.0,35000.0,24000.0,29333.0,29667.0,31250.0,30667.0,29500.0,31000.0,30000.0,30333.0,30667.0,32333.0,,35000.0,32500.0,37667.0,31000.0,29333.0,,27000.0,27667.0,28000.0,31500.0,25000.0,30000.0,32333.0,33167.0,35000.0,40000.0,35500.0
2026-07-24,30000.0,30000.0,33333.0,24000.0,29333.0,29667.0,31250.0,30333.0,30400.0,31000.0,30000.0,29667.0,30667.0,32333.0,,35000.0,32500.0,36000.0,31000.0,29333.0,,26000.0,28333.0,28000.0,31500.0,25000.0,30000.0,32333.0,33167.0,35000.0,40000.0,35167.0
2026-07-25,30000.0,30000.0,33333.0,24000.0,29333.0,29333.0,31250.0,30333.0,31250.0,31000.0,30000.0,30333.0,33333.0,32333.0,,35000.0,32500.0,36000.0,31000.0,29333.0,,26000.0,28333.0,28000.0,31500.0,24000.0,30000.0,32333.0,33167.0,35000.0,40000.0,35333.0
2026-07-26,30000.0,30000.0,33333.0,24000.0,29333.0,29333.0,31250.0,30333.0,30250.0,31000.0,30000.0,30000.0,31667.0,32333.0,,35000.0,32500.0,36000.0,31000.0,29333.0,,26000.0,28333.0,28000.0,31500.0,24000.0,29333.0,32333.0,33167.0,35000.0,40000.0,35167.0
2026-07-27,30000.0,29000.0,35000.0,23000.0,29333.0,28667.0,31250.0,30333.0,30250.0,31000.0,29000.0,30000.0,31000.0,33000.0,,35000.0,32500.0,36000.0,30000.0,29333.0,,26000.0,31000.0,28750.0,32750.0,24000.0,29333.0,31333.0,33000.0,35000.0,38333.0,34833.0
2026-07-28,30000.0,29000.0,35000.0,23000.0,29333.0,30000.0,32250.0,30333.0,31500.0,31000.0,28800.0,32667.0,36000.0,33000.0,,33000.0,32500.0,36000.0,30000.0,30333.0,,27000.0,29333.0,29250.0,32750.0,24000.0,29000.0,31333.0,32833.0,35000.0,38333.0,36333.0
2026-07-29,30000.0,37500.0,35000.0,23500.0,29333.0,32000.0,32250.0,30333.0,34650.0,32333.0,28800.0,34000.0,38333.0,33000.0,,34333.0,32500.0,36000.0,30000.0,30333.0,,30000.0,28667.0,29750.0,35000.0,27000.0,32333.0,32333.0,32333.0,35000.0,41667.0,36333.0
2026-07-30,30000.0,37500.0,35000.0,23500.0,29333.0,35000.0,32250.0,30333.0,33550.0,32333.0,29200.0,33667.0,38333.0,33333.0,,34333.0,32500.0,36000.0,30000.0,30333.0,,32500.0,30000.0,30000.0,33750.0,30000.0,31333.0,33333.0,33333.0,35000.0,41667.0,37500.0
2026-07-31,30000.0,37500.0,35000.0,25500.0,29333.0,34667.0,29000.0,29667.0,34525.0,33000.0,29200.0,32333.0,42000.0,33333.0,,34000.0,32500.0,36000.0,30000.0,30333.0,,32500.0,32000.0,31000.0,33750.0,30000.0,33667.0,33333.0,33333.0,35000.0,41667.0,36667.0
2026-08-01,30000.0,37500.0,35000.0,25500.0,29333.0,35333.0,29000.0,29667.0,34400.0,33000.0,29200.0,33667.0,41000.0,33333.0,,33767.0,32500.0,36000.0,30000.0,30333.0,,32500.0,32000.0,31000.0,33750.0,30000.0,33000.0,33333.0,33333.0,35000.0,41667.0,36667.0
2026-08-02,30000.0,37500.0,35000.0,25500.0,29333.0,35667.0,29000.0,29667.0,34250.0,33000.0,29200.0,33333.0,40000.0,33333.0,,33767.0,32500.0,36000.0,30000.0,30333.0,,31000.0,32000.0,31000.0,35000.0,30000.0,33667.0,33333.0,33333.0,35000.0,41000.0,35833.0
2026-08-03,30000.0,35000.0,38333.0,26000.0,31000.0,33667.0,29000.0,29667.0,34250.0,34333.0,29600.0,32667.0,40000.0,34000.0,,32667.0,34500.0,36000.0,30000.0,30333.0,,32000.0,32000.0,31250.0,34500.0,30000.0,36333.0,34333.0,32833.0,35000.0,41667.0,36667.0
2026-08-04,30000.0,35000.0,38333.0,27000.0,31667.0,34667.0,29500.0,29667.0,34400.0,34333.0,30600.0,28667.0,39333.0,33333.0,,32667.0,34500.0,36000.0,29500.0,30333.0,,32000.0,34333.0,31250.0,37000.0,30000.0,35333.0,34333.0,32833.0,35000.0,38333.0,37333.0
2026-08-05,30000.0,35000.0,38333.0,28000.0,31667.0,35333.0,29500.0,30333.0,34400.0,34333.0,31000.0,29333.0,38667.0,34667.0,,33333.0,34500.0,36000.0,32000.0,30333.0,,32000.0,34333.0,30750.0,35250.0,30000.0,35333.0,34333.0,32667.0,35000.0,40000.0,35667.0
2026-08-06,30000.0,35000.0,37000.0,29000.0,32333.0,35333.0,31250.0,30333.0,34725.0,34333.0,31000.0,34000.0,38667.0,34667.0,,36767.0,34500.0,36000.0,33000.0,30333.0,,32000.0,34333.0,30750.0,35250.0,32000.0,35333.0,33333.0,34000.0,35000.0,43333.0,35667.0
2026-08-07,31000.0,35000.0,37333.0,30000.0,32333.0,37333.0,31750.0,30333.0,34750.0,34667.0,31000.0,35667.0,40667.0,33333.0,,36933.0,34500.0,36000.0,33000.0,30333.0,,33000.0,33667.0,30750.0,35250.0,32000.0,35333.0,34000.0,34667.0,37000.0,43333.0,36000.0
2026-08-08,31000.0,35000.0,37333.0,30000.0,32333.0,37667.0,31750.0,30333.0,35500.0,34667.0,32000.0,34333.0,40667.0,33333.0,,38167.0,36000.0,36000.0,33000.0,31333.0,,33000.0,33333.0,30750.0,35250.0,32000.0,35667.0,34000.0,34667.0,37000.0,43333.0,35167.0
2026-08-09,31000.0,35000.0,37333.0,30000.0,32333.0,37667.0,31750.0,30333.0,35500.0,34667.0,32000.0,34333.0,40000.0,33333.0,,38167.0,36000.0,36000.0,33000.0,31333.0,,33000.0,33333.0,31250.0,35250.0,32000.0,35667.0,34000.0,34667.0,37000.0,43333.0,36500.0
2026-08-10,32500.0,35000.0,38667.0,30000.0,32333.0,38333.0,32250.0,30333.0,36250.0,34667.0,33600.0,35667.0,40000.0,34667.0,,37333.0,36000.0,36000.0,33000.0,31333.0,,32500.0,34667.0,33000.0,36250.0,32000.0,35667.0,34000.0,34667.0,37000.0,46000.0,37333.0
2026-08-11,32500.0,35000.0,38667.0,29000.0,35000.0,37667.0,32750.0,30000.0,36000.0,34667.0,33600.0,34000.0,40667.0,35667.0,,37333.0,36000.0,36000.0,35000.0,31333.0,,33500.0,35000.0,33250.0,38750.0,32000.0,35667.0,35667.0,34667.0,37000.0,46000.0,37333.0
2026-08-12,32500.0,35000.0,38667.0,29000.0,34667.0,37667.0,32750.0,30000.0,35400.0,34667.0,34600.0,34000.0,40000.0,35667.0,,37333.0,36000.0,36000.0,35000.0,31333.0,,33000.0,35000.0,33000.0,39000.0,32000.0,35667.0,36667.0,34667.0,37000.0,46000.0,37667.0
2026-08-13,32500.0,35000.0,38667.0,29000.0,34667.0,37000.0,34750.0,30333.0,33625.0,34667.0,34600.0,36000.0,39333.0,35667.0,,37333.0,36000.0,36000.0,35000.0,33000.0,,33000.0,34333.0,34750.0,39000.0,30000.0,35667.0,35000.0,35000.0,37000.0,46667.0,36500.0
2026-08-14,32500.0,35000.0,38667.0,26000.0,33667.0,36000.0,34750.0,30667.0,33500.0,34667.0,35200.0,32667.0,39333.0,35667.0,,37333.0,36000.0,36000.0,35000.0,33000.0,,31000.0,34000.0,32500.0,36750.0,25000.0,33000.0,35000.0,35333.0,37000.0,43333.0,37167.0
2026-08-15,32500.0,35000.0,38667.0,23000.0,33667.0,34667.0,34750.0,30667.0,33500.0,34667.0,35200.0,34000.0,38333.0,35667.0,,37333.0,35500.0,36000.0,33000.0,33000.0,,29000.0,31000.0,31000.0,36750.0,25000.0,34000.0,35000.0,35333.0,37000.0,43333.0,36667.0
2026-08-16,32500.0,35000.0,38667.0,23000.0,33667.0,34667.0,34750.0,30667.0,30900.0,34667.0,35200.0,35000.0,38333.0,35667.0,,36000.0,35500.0,36000.0,33000.0,33000.0,,29000.0,30333.0,30250.0,36750.0,25000.0,32667.0,35000.0,35333.0,37000.0,43333.0,36667.0
2026-08-17,32500.0,35000.0,38667.0,20000.0,30667.0,34333.0,34750.0,30667.0,31500.0,34667.0,34600.0,35000.0,38333.0,34333.0,,36000.0,35500.0,36000.0,33000.0,33000.0,,27500.0,30333.0,29000.0,36250.0,25000.0,31667.0,35000.0,35333.0,37000.0,43333.0,36000.0
2026-08-18,32500.0,30000.0,38667.0,20000.0,32333.0,33000.0,32750.0,30667.0,31075.0,33000.0,32000.0,27000.0,36667.0,32333.0,,36000.0,32000.0,36000.0,33000.0,33000.0,,24500.0,30000.0,26250.0,35500.0,24000.0,30000.0,31333.0,34500.0,37000.0,43667.0,34833.0
2026-08-19,26500.0,30000.0,50333.0,20000.0,30333.0,33000.0,32750.0,30000.0,30000.0,33000.0,33000.0,24333.0,35667.0,32333.0,,33333.0,32000.0,36000.0,33000.0,33000.0,,24000.0,29333.0,24500.0,35500.0,24000.0,30000.0,31333.0,34000.0,36000.0,43667.0,31667.0
2026-08-20,27500.0,30000.0,37333.0,20000.0,30333.0,32167.0,33000.0,30000.0,30125.0,32667.0,33000.0,25000.0,29333.0,31000.0,,35667.0,32000.0,36000.0,33000.0,28333.0,,24500.0,29333.0,24250.0,34000.0,24000.0,28333.0,30667.0,34000.0,36000.0,41667.0,30333.0
2026-08-21,30000.0,30000.0,35667.0,20000.0,30333.0,31667.0,33000.0,30000.0,30000.0,32000.0,30000.0,25333.0,29333.0,31000.0,,35667.0,32000.0,36000.0,30150.0,28333.0,,24000.0,29333.0,24250.0,34000.0,24000.0,28000.0,30667.0,34000.0,37000.0,41667.0,30833.0
2026-08-22,30000.0,30000.0,35667.0,20000.0,30333.0,30000.0,33000.0,30000.0,29900.0,32000.0,30000.0,25000.0,35000.0,31000.0,,35933.0,28000.0,36000.0,30150.0,28333.0,,24500.0,30000.0,24000.0,32750.0,24000.0,27833.0,30667.0,34000.0,37000.0,41667.0,31833.0
2026-08-23,30000.0,30000.0,35667.0,18500.0,30333.0,30333.0,33000.0,30000.0,30000.0,32000.0,30600.0,25667.0,35000.0,31000.0,,35933.0,28000.0,36000.0,30150.0,28333.0,,24500.0,30000.0,24000.0,32750.0,25000.0,27833.0,30667.0,34000.0,37000.0,41667.0,33167.0
2026-08-24,30000.0,30000.0,35667.0,15000.0,28333.0,30000.0,32500.0,30000.0,29000.0,30167.0,30600.0,27000.0,35000.0,31000.0,,35833.0,28000.0,36000.0,28200.0,28333.0,,24500.0,32667.0,24750.0,32000.0,25000.0,28667.0,26667.0,34000.0,36000.0,41667.0,31500.0
2026-08-25,30000.0,30000.0,35667.0,15000.0,28333.0,29667.0,32500.0,30000.0,27825.0,30167.0,29200.0,28667.0,35000.0,31000.0,,35833.0,28000.0,36000.0,28200.0,32000.0,,24500.0,32667.0,24750.0,32000.0,25000.0,26667.0,26667.0,34000.0,36000.0,41667.0,31500.0
2026-08-26,28000.0,30000.0,35667.0,15000.0,24333.0,29667.0,31000.0,30000.0,31000.0,30167.0,28600.0,27667.0,35000.0,31000.0,,30833.0,28000.0,36000.0,27350.0,28000.0,,23500.0,32667.0,24000.0,31750.0,23000.0,27000.0,26000.0,34000.0,34000.0,40000.0,31500.0
2026-08-27,27500.0,30000.0,35667.0,15000.0,24333.0,29667.0,31000.0,30333.0,27250.0,30167.0,29600.0,25667.0,34000.0,31000.0,,30333.0,27000.0,36000.0,27350.0,28000.0,,23500.0,32333.0,24000.0,31750.0,22000.0,25667.0,26000.0,33500.0,34000.0,40000.0,32333.0
2026-08-28,27500.0,30000.0,35667.0,15000.0,24333.0,29333.0,31000.0,30333.0,31000.0,30167.0,28600.0,26333.0,34000.0,31000.0,,30000.0,27000.0,35000.0,27350.0,28000.0,,23500.0,30667.0,24250.0,33500.0,22000.0,26667.0,26000.0,34000.0,33000.0,40000.0,31167.0
2026-08-29,27500.0,30000.0,35667.0,15000.0,24333.0,29333.0,31000.0,30333.0,26750.0,30167.0,28600.0,26000.0,34000.0,31000.0,,30000.0,27000.0,36667.0,27350.0,28000.0,,23500.0,31333.0,24250.0,33500.0,22000.0,26667.0,26000.0,34000.0,33000.0,40000.0,30333.0
2026-08-30,27500.0,30000.0,35667.0,15000.0,24333.0,29333.0,31000.0,30333.0,27900.0,30167.0,28600.0,24000.0,34000.0,31000.0,,30000.0,27000.0,36667.0,27350.0,28000.0,,23500.0,31333.0,24750.0,33500.0,22000.0,26000.0,26000.0,34000.0,33000.0,40000.0,32000.0
2026-08-31,27500.0,30000.0,35667.0,14500.0,24333.0,29336.0,31000.0,30000.0,28250.0,28500.0,26800.0,28000.0,34333.0,31000.0,,29900.0,27000.0,36667.0,27000.0,28000.0,,23500.0,29333.0,25250.0,33000.0,22000.0,25667.0,26000.0,34000.0,32000.0,40000.0,29667.0
2026-09-01,27500.0,30000.0,34000.0,14500.0,26333.0,29333.0,30750.0,30000.0,29500.0,28500.0,26800.0,29333.0,34333.0,31667.0,,29900.0,27000.0,36667.0,27000.0,28000.0,,24000.0,30000.0,26500.0,33000.0,22000.0,24000.0,27667.0,34000.0,31000.0,35000.0,29500.0
2026-09-02,27500.0,32500.0,33667.0,13500.0,26333.0,29333.0,30750.0,30000.0,32125.0,29333.0,26800.0,29333.0,36667.0,31667.0,,29900.0,27000.0,36667.0,27000.0,28000.0,,24000.0,30667.0,26500.0,33750.0,26000.0,26333.0,27667.0,34000.0,31000.0,35000.0,31000.0
2026-09-03,27500.0,32500.0,33667.0,13500.0,26333.0,29333.0,30750.0,30000.0,33500.0,29333.0,25400.0,31000.0,40000.0,31667.0,,29767.0,27000.0,36667.0,27000.0,28000.0,,26000.0,32000.0,27750.0,33750.0,26000.0,25667.0,27667.0,34167.0,32000.0,35000.0,31833.0
